nohup: ignoring input
[1/1080] dpsi=2.0, pos_ci95=3.0, vel_ci95=1.0, recovery=pastcpa: p_los=0.1519 (1519/10000)
[2/1080] dpsi=2.0, pos_ci95=3.0, vel_ci95=1.0, recovery=ftr: p_los=0.068 (680/10000)
[3/1080] dpsi=2.0, pos_ci95=3.0, vel_ci95=1.0, recovery=probabilistic_ftr: p_los=0 (0/10000)
[4/1080] dpsi=2.0, pos_ci95=3.0, vel_ci95=3.0, recovery=pastcpa: p_los=0.8595 (8595/10000)
[5/1080] dpsi=2.0, pos_ci95=3.0, vel_ci95=3.0, recovery=ftr: p_los=0.3937 (3937/10000)
[6/1080] dpsi=2.0, pos_ci95=3.0, vel_ci95=3.0, recovery=probabilistic_ftr: p_los=0.0039 (39/10000)
[7/1080] dpsi=2.0, pos_ci95=10.0, vel_ci95=1.0, recovery=pastcpa: p_los=0.0293 (293/10000)
[8/1080] dpsi=2.0, pos_ci95=10.0, vel_ci95=1.0, recovery=ftr: p_los=0.0022 (22/10000)
[9/1080] dpsi=2.0, pos_ci95=10.0, vel_ci95=1.0, recovery=probabilistic_ftr: p_los=0 (0/10000)
[10/1080] dpsi=2.0, pos_ci95=10.0, vel_ci95=3.0, recovery=pastcpa: p_los=0.6625 (6625/10000)
[11/1080] dpsi=2.0, pos_ci95=10.0, vel_ci95=3.0, recovery=ftr: p_los=0.1464 (1464/10000)
[12/1080] dpsi=2.0, pos_ci95=10.0, vel_ci95=3.0, recovery=probabilistic_ftr: p_los=0.0042 (42/10000)
[13/1080] dpsi=4.0, pos_ci95=3.0, vel_ci95=1.0, recovery=pastcpa: p_los=0.0539 (539/10000)
[14/1080] dpsi=4.0, pos_ci95=3.0, vel_ci95=1.0, recovery=ftr: p_los=0.126 (1260/10000)
[15/1080] dpsi=4.0, pos_ci95=3.0, vel_ci95=1.0, recovery=probabilistic_ftr: p_los=0 (0/10000)
[16/1080] dpsi=4.0, pos_ci95=3.0, vel_ci95=3.0, recovery=pastcpa: p_los=0.6177 (6177/10000)
[17/1080] dpsi=4.0, pos_ci95=3.0, vel_ci95=3.0, recovery=ftr: p_los=0.3993 (3993/10000)
[18/1080] dpsi=4.0, pos_ci95=3.0, vel_ci95=3.0, recovery=probabilistic_ftr: p_los=0.003 (30/10000)
[19/1080] dpsi=4.0, pos_ci95=10.0, vel_ci95=1.0, recovery=pastcpa: p_los=0.0143 (143/10000)
[20/1080] dpsi=4.0, pos_ci95=10.0, vel_ci95=1.0, recovery=ftr: p_los=0.0139 (139/10000)
[21/1080] dpsi=4.0, pos_ci95=10.0, vel_ci95=1.0, recovery=probabilistic_ftr: p_los=0 (0/10000)
[22/1080] dpsi=4.0, pos_ci95=10.0, vel_ci95=3.0, recovery=pastcpa: p_los=0.4546 (4546/10000)
[23/1080] dpsi=4.0, pos_ci95=10.0, vel_ci95=3.0, recovery=ftr: p_los=0.1582 (1582/10000)
[24/1080] dpsi=4.0, pos_ci95=10.0, vel_ci95=3.0, recovery=probabilistic_ftr: p_los=0.0034 (34/10000)
[25/1080] dpsi=6.0, pos_ci95=3.0, vel_ci95=1.0, recovery=pastcpa: p_los=0.0218 (218/10000)
[26/1080] dpsi=6.0, pos_ci95=3.0, vel_ci95=1.0, recovery=ftr: p_los=0.1646 (1646/10000)
[27/1080] dpsi=6.0, pos_ci95=3.0, vel_ci95=1.0, recovery=probabilistic_ftr: p_los=0 (0/10000)
[28/1080] dpsi=6.0, pos_ci95=3.0, vel_ci95=3.0, recovery=pastcpa: p_los=0.3269 (3269/10000)
[29/1080] dpsi=6.0, pos_ci95=3.0, vel_ci95=3.0, recovery=ftr: p_los=0.4051 (4051/10000)
[30/1080] dpsi=6.0, pos_ci95=3.0, vel_ci95=3.0, recovery=probabilistic_ftr: p_los=0.0024 (24/10000)
[31/1080] dpsi=6.0, pos_ci95=10.0, vel_ci95=1.0, recovery=pastcpa: p_los=0.0072 (72/10000)
[32/1080] dpsi=6.0, pos_ci95=10.0, vel_ci95=1.0, recovery=ftr: p_los=0.0321 (321/10000)
[33/1080] dpsi=6.0, pos_ci95=10.0, vel_ci95=1.0, recovery=probabilistic_ftr: p_los=0.0001 (1/10000)
[34/1080] dpsi=6.0, pos_ci95=10.0, vel_ci95=3.0, recovery=pastcpa: p_los=0.2417 (2417/10000)
[35/1080] dpsi=6.0, pos_ci95=10.0, vel_ci95=3.0, recovery=ftr: p_los=0.1722 (1722/10000)
[36/1080] dpsi=6.0, pos_ci95=10.0, vel_ci95=3.0, recovery=probabilistic_ftr: p_los=0.0026 (26/10000)
[37/1080] dpsi=8.0, pos_ci95=3.0, vel_ci95=1.0, recovery=pastcpa: p_los=0.0092 (92/10000)
[38/1080] dpsi=8.0, pos_ci95=3.0, vel_ci95=1.0, recovery=ftr: p_los=0.1771 (1771/10000)
[39/1080] dpsi=8.0, pos_ci95=3.0, vel_ci95=1.0, recovery=probabilistic_ftr: p_los=0 (0/10000)
[40/1080] dpsi=8.0, pos_ci95=3.0, vel_ci95=3.0, recovery=pastcpa: p_los=0.1761 (1761/10000)
[41/1080] dpsi=8.0, pos_ci95=3.0, vel_ci95=3.0, recovery=ftr: p_los=0.4114 (4114/10000)
[42/1080] dpsi=8.0, pos_ci95=3.0, vel_ci95=3.0, recovery=probabilistic_ftr: p_los=0.003 (30/10000)
[43/1080] dpsi=8.0, pos_ci95=10.0, vel_ci95=1.0, recovery=pastcpa: p_los=0.005 (50/10000)
[44/1080] dpsi=8.0, pos_ci95=10.0, vel_ci95=1.0, recovery=ftr: p_los=0.0499 (499/10000)
[45/1080] dpsi=8.0, pos_ci95=10.0, vel_ci95=1.0, recovery=probabilistic_ftr: p_los=0 (0/10000)
[46/1080] dpsi=8.0, pos_ci95=10.0, vel_ci95=3.0, recovery=pastcpa: p_los=0.1405 (1405/10000)
[47/1080] dpsi=8.0, pos_ci95=10.0, vel_ci95=3.0, recovery=ftr: p_los=0.1847 (1847/10000)
[48/1080] dpsi=8.0, pos_ci95=10.0, vel_ci95=3.0, recovery=probabilistic_ftr: p_los=0.0038 (38/10000)
[49/1080] dpsi=10.0, pos_ci95=3.0, vel_ci95=1.0, recovery=pastcpa: p_los=0.0028 (28/10000)
[50/1080] dpsi=10.0, pos_ci95=3.0, vel_ci95=1.0, recovery=ftr: p_los=0.1822 (1822/10000)
[51/1080] dpsi=10.0, pos_ci95=3.0, vel_ci95=1.0, recovery=probabilistic_ftr: p_los=0 (0/10000)
[52/1080] dpsi=10.0, pos_ci95=3.0, vel_ci95=3.0, recovery=pastcpa: p_los=0.1123 (1123/10000)
[53/1080] dpsi=10.0, pos_ci95=3.0, vel_ci95=3.0, recovery=ftr: p_los=0.4148 (4148/10000)
[54/1080] dpsi=10.0, pos_ci95=3.0, vel_ci95=3.0, recovery=probabilistic_ftr: p_los=0.0029 (29/10000)
[55/1080] dpsi=10.0, pos_ci95=10.0, vel_ci95=1.0, recovery=pastcpa: p_los=0.0027 (27/10000)
[56/1080] dpsi=10.0, pos_ci95=10.0, vel_ci95=1.0, recovery=ftr: p_los=0.0706 (706/10000)
[57/1080] dpsi=10.0, pos_ci95=10.0, vel_ci95=1.0, recovery=probabilistic_ftr: p_los=0 (0/10000)
[58/1080] dpsi=10.0, pos_ci95=10.0, vel_ci95=3.0, recovery=pastcpa: p_los=0.09 (900/10000)
[59/1080] dpsi=10.0, pos_ci95=10.0, vel_ci95=3.0, recovery=ftr: p_los=0.1999 (1999/10000)
[60/1080] dpsi=10.0, pos_ci95=10.0, vel_ci95=3.0, recovery=probabilistic_ftr: p_los=0.0038 (38/10000)
[61/1080] dpsi=12.0, pos_ci95=3.0, vel_ci95=1.0, recovery=pastcpa: p_los=0.0012 (12/10000)
[62/1080] dpsi=12.0, pos_ci95=3.0, vel_ci95=1.0, recovery=ftr: p_los=0.1823 (1823/10000)
[63/1080] dpsi=12.0, pos_ci95=3.0, vel_ci95=1.0, recovery=probabilistic_ftr: p_los=0 (0/10000)
[64/1080] dpsi=12.0, pos_ci95=3.0, vel_ci95=3.0, recovery=pastcpa: p_los=0.0736 (736/10000)
[65/1080] dpsi=12.0, pos_ci95=3.0, vel_ci95=3.0, recovery=ftr: p_los=0.4185 (4185/10000)
[66/1080] dpsi=12.0, pos_ci95=3.0, vel_ci95=3.0, recovery=probabilistic_ftr: p_los=0.0038 (38/10000)
[67/1080] dpsi=12.0, pos_ci95=10.0, vel_ci95=1.0, recovery=pastcpa: p_los=0.0012 (12/10000)
[68/1080] dpsi=12.0, pos_ci95=10.0, vel_ci95=1.0, recovery=ftr: p_los=0.0762 (762/10000)
[69/1080] dpsi=12.0, pos_ci95=10.0, vel_ci95=1.0, recovery=probabilistic_ftr: p_los=0 (0/10000)
[70/1080] dpsi=12.0, pos_ci95=10.0, vel_ci95=3.0, recovery=pastcpa: p_los=0.0552 (552/10000)
[71/1080] dpsi=12.0, pos_ci95=10.0, vel_ci95=3.0, recovery=ftr: p_los=0.2252 (2252/10000)
[72/1080] dpsi=12.0, pos_ci95=10.0, vel_ci95=3.0, recovery=probabilistic_ftr: p_los=0.0034 (34/10000)
[73/1080] dpsi=14.0, pos_ci95=3.0, vel_ci95=1.0, recovery=pastcpa: p_los=0.0005 (5/10000)
[74/1080] dpsi=14.0, pos_ci95=3.0, vel_ci95=1.0, recovery=ftr: p_los=0.1788 (1788/10000)
[75/1080] dpsi=14.0, pos_ci95=3.0, vel_ci95=1.0, recovery=probabilistic_ftr: p_los=0.0001 (1/10000)
[76/1080] dpsi=14.0, pos_ci95=3.0, vel_ci95=3.0, recovery=pastcpa: p_los=0.0473 (473/10000)
[77/1080] dpsi=14.0, pos_ci95=3.0, vel_ci95=3.0, recovery=ftr: p_los=0.406 (4060/10000)
[78/1080] dpsi=14.0, pos_ci95=3.0, vel_ci95=3.0, recovery=probabilistic_ftr: p_los=0.0032 (32/10000)
[79/1080] dpsi=14.0, pos_ci95=10.0, vel_ci95=1.0, recovery=pastcpa: p_los=0.0007 (7/10000)
[80/1080] dpsi=14.0, pos_ci95=10.0, vel_ci95=1.0, recovery=ftr: p_los=0.08 (800/10000)
[81/1080] dpsi=14.0, pos_ci95=10.0, vel_ci95=1.0, recovery=probabilistic_ftr: p_los=0.0001 (1/10000)
[82/1080] dpsi=14.0, pos_ci95=10.0, vel_ci95=3.0, recovery=pastcpa: p_los=0.041 (410/10000)
[83/1080] dpsi=14.0, pos_ci95=10.0, vel_ci95=3.0, recovery=ftr: p_los=0.233 (2330/10000)
[84/1080] dpsi=14.0, pos_ci95=10.0, vel_ci95=3.0, recovery=probabilistic_ftr: p_los=0.0038 (38/10000)
[85/1080] dpsi=16.0, pos_ci95=3.0, vel_ci95=1.0, recovery=pastcpa: p_los=0.0004 (4/10000)
[86/1080] dpsi=16.0, pos_ci95=3.0, vel_ci95=1.0, recovery=ftr: p_los=0.1662 (1662/10000)
[87/1080] dpsi=16.0, pos_ci95=3.0, vel_ci95=1.0, recovery=probabilistic_ftr: p_los=0 (0/10000)
[88/1080] dpsi=16.0, pos_ci95=3.0, vel_ci95=3.0, recovery=pastcpa: p_los=0.0329 (329/10000)
[89/1080] dpsi=16.0, pos_ci95=3.0, vel_ci95=3.0, recovery=ftr: p_los=0.3979 (3979/10000)
[90/1080] dpsi=16.0, pos_ci95=3.0, vel_ci95=3.0, recovery=probabilistic_ftr: p_los=0.0041 (41/10000)
[91/1080] dpsi=16.0, pos_ci95=10.0, vel_ci95=1.0, recovery=pastcpa: p_los=0.0003 (3/10000)
[92/1080] dpsi=16.0, pos_ci95=10.0, vel_ci95=1.0, recovery=ftr: p_los=0.0811 (811/10000)
[93/1080] dpsi=16.0, pos_ci95=10.0, vel_ci95=1.0, recovery=probabilistic_ftr: p_los=0 (0/10000)
[94/1080] dpsi=16.0, pos_ci95=10.0, vel_ci95=3.0, recovery=pastcpa: p_los=0.0246 (246/10000)
[95/1080] dpsi=16.0, pos_ci95=10.0, vel_ci95=3.0, recovery=ftr: p_los=0.2406 (2406/10000)
[96/1080] dpsi=16.0, pos_ci95=10.0, vel_ci95=3.0, recovery=probabilistic_ftr: p_los=0.0034 (34/10000)
[97/1080] dpsi=18.0, pos_ci95=3.0, vel_ci95=1.0, recovery=pastcpa: p_los=0.0002 (2/10000)
[98/1080] dpsi=18.0, pos_ci95=3.0, vel_ci95=1.0, recovery=ftr: p_los=0.1559 (1559/10000)
[99/1080] dpsi=18.0, pos_ci95=3.0, vel_ci95=1.0, recovery=probabilistic_ftr: p_los=0.0001 (1/10000)
[100/1080] dpsi=18.0, pos_ci95=3.0, vel_ci95=3.0, recovery=pastcpa: p_los=0.0243 (243/10000)
[101/1080] dpsi=18.0, pos_ci95=3.0, vel_ci95=3.0, recovery=ftr: p_los=0.3817 (3817/10000)
[102/1080] dpsi=18.0, pos_ci95=3.0, vel_ci95=3.0, recovery=probabilistic_ftr: p_los=0.0035 (35/10000)
[103/1080] dpsi=18.0, pos_ci95=10.0, vel_ci95=1.0, recovery=pastcpa: p_los=0.0002 (2/10000)
[104/1080] dpsi=18.0, pos_ci95=10.0, vel_ci95=1.0, recovery=ftr: p_los=0.0865 (865/10000)
[105/1080] dpsi=18.0, pos_ci95=10.0, vel_ci95=1.0, recovery=probabilistic_ftr: p_los=0 (0/10000)
[106/1080] dpsi=18.0, pos_ci95=10.0, vel_ci95=3.0, recovery=pastcpa: p_los=0.0195 (195/10000)
[107/1080] dpsi=18.0, pos_ci95=10.0, vel_ci95=3.0, recovery=ftr: p_los=0.2469 (2469/10000)
[108/1080] dpsi=18.0, pos_ci95=10.0, vel_ci95=3.0, recovery=probabilistic_ftr: p_los=0.0028 (28/10000)
[109/1080] dpsi=20.0, pos_ci95=3.0, vel_ci95=1.0, recovery=pastcpa: p_los=0.0001 (1/10000)
[110/1080] dpsi=20.0, pos_ci95=3.0, vel_ci95=1.0, recovery=ftr: p_los=0.1482 (1482/10000)
[111/1080] dpsi=20.0, pos_ci95=3.0, vel_ci95=1.0, recovery=probabilistic_ftr: p_los=0.0001 (1/10000)
[112/1080] dpsi=20.0, pos_ci95=3.0, vel_ci95=3.0, recovery=pastcpa: p_los=0.017 (170/10000)
[113/1080] dpsi=20.0, pos_ci95=3.0, vel_ci95=3.0, recovery=ftr: p_los=0.3747 (3747/10000)
[114/1080] dpsi=20.0, pos_ci95=3.0, vel_ci95=3.0, recovery=probabilistic_ftr: p_los=0.0031 (31/10000)
[115/1080] dpsi=20.0, pos_ci95=10.0, vel_ci95=1.0, recovery=pastcpa: p_los=0.0003 (3/10000)
[116/1080] dpsi=20.0, pos_ci95=10.0, vel_ci95=1.0, recovery=ftr: p_los=0.0823 (823/10000)
[117/1080] dpsi=20.0, pos_ci95=10.0, vel_ci95=1.0, recovery=probabilistic_ftr: p_los=0.0003 (3/10000)
[118/1080] dpsi=20.0, pos_ci95=10.0, vel_ci95=3.0, recovery=pastcpa: p_los=0.0119 (119/10000)
[119/1080] dpsi=20.0, pos_ci95=10.0, vel_ci95=3.0, recovery=ftr: p_los=0.2445 (2445/10000)
[120/1080] dpsi=20.0, pos_ci95=10.0, vel_ci95=3.0, recovery=probabilistic_ftr: p_los=0.003 (30/10000)
[121/1080] dpsi=22.0, pos_ci95=3.0, vel_ci95=1.0, recovery=pastcpa: p_los=0.0002 (2/10000)
[122/1080] dpsi=22.0, pos_ci95=3.0, vel_ci95=1.0, recovery=ftr: p_los=0.1397 (1397/10000)
[123/1080] dpsi=22.0, pos_ci95=3.0, vel_ci95=1.0, recovery=probabilistic_ftr: p_los=0.0002 (2/10000)
[124/1080] dpsi=22.0, pos_ci95=3.0, vel_ci95=3.0, recovery=pastcpa: p_los=0.0125 (125/10000)
[125/1080] dpsi=22.0, pos_ci95=3.0, vel_ci95=3.0, recovery=ftr: p_los=0.3648 (3648/10000)
[126/1080] dpsi=22.0, pos_ci95=3.0, vel_ci95=3.0, recovery=probabilistic_ftr: p_los=0.0033 (33/10000)
[127/1080] dpsi=22.0, pos_ci95=10.0, vel_ci95=1.0, recovery=pastcpa: p_los=0 (0/10000)
[128/1080] dpsi=22.0, pos_ci95=10.0, vel_ci95=1.0, recovery=ftr: p_los=0.0781 (781/10000)
[129/1080] dpsi=22.0, pos_ci95=10.0, vel_ci95=1.0, recovery=probabilistic_ftr: p_los=0 (0/10000)
[130/1080] dpsi=22.0, pos_ci95=10.0, vel_ci95=3.0, recovery=pastcpa: p_los=0.0082 (82/10000)
[131/1080] dpsi=22.0, pos_ci95=10.0, vel_ci95=3.0, recovery=ftr: p_los=0.238 (2380/10000)
[132/1080] dpsi=22.0, pos_ci95=10.0, vel_ci95=3.0, recovery=probabilistic_ftr: p_los=0.0026 (26/10000)
[133/1080] dpsi=24.0, pos_ci95=3.0, vel_ci95=1.0, recovery=pastcpa: p_los=0.0003 (3/10000)
[134/1080] dpsi=24.0, pos_ci95=3.0, vel_ci95=1.0, recovery=ftr: p_los=0.1313 (1313/10000)
[135/1080] dpsi=24.0, pos_ci95=3.0, vel_ci95=1.0, recovery=probabilistic_ftr: p_los=0 (0/10000)
[136/1080] dpsi=24.0, pos_ci95=3.0, vel_ci95=3.0, recovery=pastcpa: p_los=0.009 (90/10000)
[137/1080] dpsi=24.0, pos_ci95=3.0, vel_ci95=3.0, recovery=ftr: p_los=0.3535 (3535/10000)
[138/1080] dpsi=24.0, pos_ci95=3.0, vel_ci95=3.0, recovery=probabilistic_ftr: p_los=0.0027 (27/10000)
[139/1080] dpsi=24.0, pos_ci95=10.0, vel_ci95=1.0, recovery=pastcpa: p_los=0.0001 (1/10000)
[140/1080] dpsi=24.0, pos_ci95=10.0, vel_ci95=1.0, recovery=ftr: p_los=0.0778 (778/10000)
[141/1080] dpsi=24.0, pos_ci95=10.0, vel_ci95=1.0, recovery=probabilistic_ftr: p_los=0 (0/10000)
[142/1080] dpsi=24.0, pos_ci95=10.0, vel_ci95=3.0, recovery=pastcpa: p_los=0.0079 (79/10000)
[143/1080] dpsi=24.0, pos_ci95=10.0, vel_ci95=3.0, recovery=ftr: p_los=0.247 (2470/10000)
[144/1080] dpsi=24.0, pos_ci95=10.0, vel_ci95=3.0, recovery=probabilistic_ftr: p_los=0.0025 (25/10000)
[145/1080] dpsi=26.0, pos_ci95=3.0, vel_ci95=1.0, recovery=pastcpa: p_los=0.0002 (2/10000)
[146/1080] dpsi=26.0, pos_ci95=3.0, vel_ci95=1.0, recovery=ftr: p_los=0.1131 (1131/10000)
[147/1080] dpsi=26.0, pos_ci95=3.0, vel_ci95=1.0, recovery=probabilistic_ftr: p_los=0 (0/10000)
[148/1080] dpsi=26.0, pos_ci95=3.0, vel_ci95=3.0, recovery=pastcpa: p_los=0.0081 (81/10000)
[149/1080] dpsi=26.0, pos_ci95=3.0, vel_ci95=3.0, recovery=ftr: p_los=0.346 (3460/10000)
[150/1080] dpsi=26.0, pos_ci95=3.0, vel_ci95=3.0, recovery=probabilistic_ftr: p_los=0.0032 (32/10000)
[151/1080] dpsi=26.0, pos_ci95=10.0, vel_ci95=1.0, recovery=pastcpa: p_los=0 (0/10000)
[152/1080] dpsi=26.0, pos_ci95=10.0, vel_ci95=1.0, recovery=ftr: p_los=0.0786 (786/10000)
[153/1080] dpsi=26.0, pos_ci95=10.0, vel_ci95=1.0, recovery=probabilistic_ftr: p_los=0.0001 (1/10000)
[154/1080] dpsi=26.0, pos_ci95=10.0, vel_ci95=3.0, recovery=pastcpa: p_los=0.0056 (56/10000)
[155/1080] dpsi=26.0, pos_ci95=10.0, vel_ci95=3.0, recovery=ftr: p_los=0.2447 (2447/10000)
[156/1080] dpsi=26.0, pos_ci95=10.0, vel_ci95=3.0, recovery=probabilistic_ftr: p_los=0.0026 (26/10000)
[157/1080] dpsi=28.0, pos_ci95=3.0, vel_ci95=1.0, recovery=pastcpa: p_los=0 (0/10000)
[158/1080] dpsi=28.0, pos_ci95=3.0, vel_ci95=1.0, recovery=ftr: p_los=0.1134 (1134/10000)
[159/1080] dpsi=28.0, pos_ci95=3.0, vel_ci95=1.0, recovery=probabilistic_ftr: p_los=0 (0/10000)
[160/1080] dpsi=28.0, pos_ci95=3.0, vel_ci95=3.0, recovery=pastcpa: p_los=0.0048 (48/10000)
[161/1080] dpsi=28.0, pos_ci95=3.0, vel_ci95=3.0, recovery=ftr: p_los=0.3288 (3288/10000)
[162/1080] dpsi=28.0, pos_ci95=3.0, vel_ci95=3.0, recovery=probabilistic_ftr: p_los=0.0027 (27/10000)
[163/1080] dpsi=28.0, pos_ci95=10.0, vel_ci95=1.0, recovery=pastcpa: p_los=0 (0/10000)
[164/1080] dpsi=28.0, pos_ci95=10.0, vel_ci95=1.0, recovery=ftr: p_los=0.0749 (749/10000)
[165/1080] dpsi=28.0, pos_ci95=10.0, vel_ci95=1.0, recovery=probabilistic_ftr: p_los=0.0001 (1/10000)
[166/1080] dpsi=28.0, pos_ci95=10.0, vel_ci95=3.0, recovery=pastcpa: p_los=0.0052 (52/10000)
[167/1080] dpsi=28.0, pos_ci95=10.0, vel_ci95=3.0, recovery=ftr: p_los=0.2453 (2453/10000)
[168/1080] dpsi=28.0, pos_ci95=10.0, vel_ci95=3.0, recovery=probabilistic_ftr: p_los=0.0021 (21/10000)
[169/1080] dpsi=30.0, pos_ci95=3.0, vel_ci95=1.0, recovery=pastcpa: p_los=0.0002 (2/10000)
[170/1080] dpsi=30.0, pos_ci95=3.0, vel_ci95=1.0, recovery=ftr: p_los=0.1034 (1034/10000)
[171/1080] dpsi=30.0, pos_ci95=3.0, vel_ci95=1.0, recovery=probabilistic_ftr: p_los=0.0001 (1/10000)
[172/1080] dpsi=30.0, pos_ci95=3.0, vel_ci95=3.0, recovery=pastcpa: p_los=0.0039 (39/10000)
[173/1080] dpsi=30.0, pos_ci95=3.0, vel_ci95=3.0, recovery=ftr: p_los=0.3216 (3216/10000)
[174/1080] dpsi=30.0, pos_ci95=3.0, vel_ci95=3.0, recovery=probabilistic_ftr: p_los=0.0025 (25/10000)
[175/1080] dpsi=30.0, pos_ci95=10.0, vel_ci95=1.0, recovery=pastcpa: p_los=0.0001 (1/10000)
[176/1080] dpsi=30.0, pos_ci95=10.0, vel_ci95=1.0, recovery=ftr: p_los=0.0789 (789/10000)
[177/1080] dpsi=30.0, pos_ci95=10.0, vel_ci95=1.0, recovery=probabilistic_ftr: p_los=0 (0/10000)
[178/1080] dpsi=30.0, pos_ci95=10.0, vel_ci95=3.0, recovery=pastcpa: p_los=0.0036 (36/10000)
[179/1080] dpsi=30.0, pos_ci95=10.0, vel_ci95=3.0, recovery=ftr: p_los=0.2398 (2398/10000)
[180/1080] dpsi=30.0, pos_ci95=10.0, vel_ci95=3.0, recovery=probabilistic_ftr: p_los=0.0018 (18/10000)
[181/1080] dpsi=32.0, pos_ci95=3.0, vel_ci95=1.0, recovery=pastcpa: p_los=0.0001 (1/10000)
[182/1080] dpsi=32.0, pos_ci95=3.0, vel_ci95=1.0, recovery=ftr: p_los=0.094 (940/10000)
[183/1080] dpsi=32.0, pos_ci95=3.0, vel_ci95=1.0, recovery=probabilistic_ftr: p_los=0 (0/10000)
[184/1080] dpsi=32.0, pos_ci95=3.0, vel_ci95=3.0, recovery=pastcpa: p_los=0.0038 (38/10000)
[185/1080] dpsi=32.0, pos_ci95=3.0, vel_ci95=3.0, recovery=ftr: p_los=0.3196 (3196/10000)
[186/1080] dpsi=32.0, pos_ci95=3.0, vel_ci95=3.0, recovery=probabilistic_ftr: p_los=0.0028 (28/10000)
[187/1080] dpsi=32.0, pos_ci95=10.0, vel_ci95=1.0, recovery=pastcpa: p_los=0 (0/10000)
[188/1080] dpsi=32.0, pos_ci95=10.0, vel_ci95=1.0, recovery=ftr: p_los=0.0728 (728/10000)
[189/1080] dpsi=32.0, pos_ci95=10.0, vel_ci95=1.0, recovery=probabilistic_ftr: p_los=0.0001 (1/10000)
[190/1080] dpsi=32.0, pos_ci95=10.0, vel_ci95=3.0, recovery=pastcpa: p_los=0.0029 (29/10000)
[191/1080] dpsi=32.0, pos_ci95=10.0, vel_ci95=3.0, recovery=ftr: p_los=0.2419 (2419/10000)
[192/1080] dpsi=32.0, pos_ci95=10.0, vel_ci95=3.0, recovery=probabilistic_ftr: p_los=0.0021 (21/10000)
[193/1080] dpsi=34.0, pos_ci95=3.0, vel_ci95=1.0, recovery=pastcpa: p_los=0 (0/10000)
[194/1080] dpsi=34.0, pos_ci95=3.0, vel_ci95=1.0, recovery=ftr: p_los=0.0899 (899/10000)
[195/1080] dpsi=34.0, pos_ci95=3.0, vel_ci95=1.0, recovery=probabilistic_ftr: p_los=0 (0/10000)
[196/1080] dpsi=34.0, pos_ci95=3.0, vel_ci95=3.0, recovery=pastcpa: p_los=0.0028 (28/10000)
[197/1080] dpsi=34.0, pos_ci95=3.0, vel_ci95=3.0, recovery=ftr: p_los=0.3122 (3122/10000)
[198/1080] dpsi=34.0, pos_ci95=3.0, vel_ci95=3.0, recovery=probabilistic_ftr: p_los=0.0026 (26/10000)
[199/1080] dpsi=34.0, pos_ci95=10.0, vel_ci95=1.0, recovery=pastcpa: p_los=0 (0/10000)
[200/1080] dpsi=34.0, pos_ci95=10.0, vel_ci95=1.0, recovery=ftr: p_los=0.0735 (735/10000)
[201/1080] dpsi=34.0, pos_ci95=10.0, vel_ci95=1.0, recovery=probabilistic_ftr: p_los=0.0001 (1/10000)
[202/1080] dpsi=34.0, pos_ci95=10.0, vel_ci95=3.0, recovery=pastcpa: p_los=0.0037 (37/10000)
[203/1080] dpsi=34.0, pos_ci95=10.0, vel_ci95=3.0, recovery=ftr: p_los=0.23 (2300/10000)
[204/1080] dpsi=34.0, pos_ci95=10.0, vel_ci95=3.0, recovery=probabilistic_ftr: p_los=0.0024 (24/10000)
[205/1080] dpsi=36.0, pos_ci95=3.0, vel_ci95=1.0, recovery=pastcpa: p_los=0.0001 (1/10000)
[206/1080] dpsi=36.0, pos_ci95=3.0, vel_ci95=1.0, recovery=ftr: p_los=0.0842 (842/10000)
[207/1080] dpsi=36.0, pos_ci95=3.0, vel_ci95=1.0, recovery=probabilistic_ftr: p_los=0.0001 (1/10000)
[208/1080] dpsi=36.0, pos_ci95=3.0, vel_ci95=3.0, recovery=pastcpa: p_los=0.0033 (33/10000)
[209/1080] dpsi=36.0, pos_ci95=3.0, vel_ci95=3.0, recovery=ftr: p_los=0.3005 (3005/10000)
[210/1080] dpsi=36.0, pos_ci95=3.0, vel_ci95=3.0, recovery=probabilistic_ftr: p_los=0.002 (20/10000)
[211/1080] dpsi=36.0, pos_ci95=10.0, vel_ci95=1.0, recovery=pastcpa: p_los=0 (0/10000)
[212/1080] dpsi=36.0, pos_ci95=10.0, vel_ci95=1.0, recovery=ftr: p_los=0.0662 (662/10000)
[213/1080] dpsi=36.0, pos_ci95=10.0, vel_ci95=1.0, recovery=probabilistic_ftr: p_los=0.0001 (1/10000)
[214/1080] dpsi=36.0, pos_ci95=10.0, vel_ci95=3.0, recovery=pastcpa: p_los=0.0026 (26/10000)
[215/1080] dpsi=36.0, pos_ci95=10.0, vel_ci95=3.0, recovery=ftr: p_los=0.2299 (2299/10000)
[216/1080] dpsi=36.0, pos_ci95=10.0, vel_ci95=3.0, recovery=probabilistic_ftr: p_los=0.0028 (28/10000)
[217/1080] dpsi=38.0, pos_ci95=3.0, vel_ci95=1.0, recovery=pastcpa: p_los=0 (0/10000)
[218/1080] dpsi=38.0, pos_ci95=3.0, vel_ci95=1.0, recovery=ftr: p_los=0.0792 (792/10000)
[219/1080] dpsi=38.0, pos_ci95=3.0, vel_ci95=1.0, recovery=probabilistic_ftr: p_los=0.0002 (2/10000)
[220/1080] dpsi=38.0, pos_ci95=3.0, vel_ci95=3.0, recovery=pastcpa: p_los=0.0035 (35/10000)
[221/1080] dpsi=38.0, pos_ci95=3.0, vel_ci95=3.0, recovery=ftr: p_los=0.2988 (2988/10000)
[222/1080] dpsi=38.0, pos_ci95=3.0, vel_ci95=3.0, recovery=probabilistic_ftr: p_los=0.0023 (23/10000)
[223/1080] dpsi=38.0, pos_ci95=10.0, vel_ci95=1.0, recovery=pastcpa: p_los=0 (0/10000)
[224/1080] dpsi=38.0, pos_ci95=10.0, vel_ci95=1.0, recovery=ftr: p_los=0.0705 (705/10000)
[225/1080] dpsi=38.0, pos_ci95=10.0, vel_ci95=1.0, recovery=probabilistic_ftr: p_los=0.0001 (1/10000)
[226/1080] dpsi=38.0, pos_ci95=10.0, vel_ci95=3.0, recovery=pastcpa: p_los=0.0017 (17/10000)
[227/1080] dpsi=38.0, pos_ci95=10.0, vel_ci95=3.0, recovery=ftr: p_los=0.2188 (2188/10000)
[228/1080] dpsi=38.0, pos_ci95=10.0, vel_ci95=3.0, recovery=probabilistic_ftr: p_los=0.0024 (24/10000)
[229/1080] dpsi=40.0, pos_ci95=3.0, vel_ci95=1.0, recovery=pastcpa: p_los=0 (0/10000)
[230/1080] dpsi=40.0, pos_ci95=3.0, vel_ci95=1.0, recovery=ftr: p_los=0.0764 (764/10000)
[231/1080] dpsi=40.0, pos_ci95=3.0, vel_ci95=1.0, recovery=probabilistic_ftr: p_los=0 (0/10000)
[232/1080] dpsi=40.0, pos_ci95=3.0, vel_ci95=3.0, recovery=pastcpa: p_los=0.0031 (31/10000)
[233/1080] dpsi=40.0, pos_ci95=3.0, vel_ci95=3.0, recovery=ftr: p_los=0.2884 (2884/10000)
[234/1080] dpsi=40.0, pos_ci95=3.0, vel_ci95=3.0, recovery=probabilistic_ftr: p_los=0.0019 (19/10000)
[235/1080] dpsi=40.0, pos_ci95=10.0, vel_ci95=1.0, recovery=pastcpa: p_los=0 (0/10000)
[236/1080] dpsi=40.0, pos_ci95=10.0, vel_ci95=1.0, recovery=ftr: p_los=0.0657 (657/10000)
[237/1080] dpsi=40.0, pos_ci95=10.0, vel_ci95=1.0, recovery=probabilistic_ftr: p_los=0 (0/10000)
[238/1080] dpsi=40.0, pos_ci95=10.0, vel_ci95=3.0, recovery=pastcpa: p_los=0.0017 (17/10000)
[239/1080] dpsi=40.0, pos_ci95=10.0, vel_ci95=3.0, recovery=ftr: p_los=0.2233 (2233/10000)
[240/1080] dpsi=40.0, pos_ci95=10.0, vel_ci95=3.0, recovery=probabilistic_ftr: p_los=0.0025 (25/10000)
[241/1080] dpsi=42.0, pos_ci95=3.0, vel_ci95=1.0, recovery=pastcpa: p_los=0 (0/10000)
[242/1080] dpsi=42.0, pos_ci95=3.0, vel_ci95=1.0, recovery=ftr: p_los=0.0735 (735/10000)
[243/1080] dpsi=42.0, pos_ci95=3.0, vel_ci95=1.0, recovery=probabilistic_ftr: p_los=0 (0/10000)
[244/1080] dpsi=42.0, pos_ci95=3.0, vel_ci95=3.0, recovery=pastcpa: p_los=0.0028 (28/10000)
[245/1080] dpsi=42.0, pos_ci95=3.0, vel_ci95=3.0, recovery=ftr: p_los=0.2903 (2903/10000)
[246/1080] dpsi=42.0, pos_ci95=3.0, vel_ci95=3.0, recovery=probabilistic_ftr: p_los=0.0033 (33/10000)
[247/1080] dpsi=42.0, pos_ci95=10.0, vel_ci95=1.0, recovery=pastcpa: p_los=0 (0/10000)
[248/1080] dpsi=42.0, pos_ci95=10.0, vel_ci95=1.0, recovery=ftr: p_los=0.0659 (659/10000)
[249/1080] dpsi=42.0, pos_ci95=10.0, vel_ci95=1.0, recovery=probabilistic_ftr: p_los=0.0001 (1/10000)
[250/1080] dpsi=42.0, pos_ci95=10.0, vel_ci95=3.0, recovery=pastcpa: p_los=0.0023 (23/10000)
[251/1080] dpsi=42.0, pos_ci95=10.0, vel_ci95=3.0, recovery=ftr: p_los=0.2152 (2152/10000)
[252/1080] dpsi=42.0, pos_ci95=10.0, vel_ci95=3.0, recovery=probabilistic_ftr: p_los=0.0021 (21/10000)
[253/1080] dpsi=44.0, pos_ci95=3.0, vel_ci95=1.0, recovery=pastcpa: p_los=0 (0/10000)
[254/1080] dpsi=44.0, pos_ci95=3.0, vel_ci95=1.0, recovery=ftr: p_los=0.0684 (684/10000)
[255/1080] dpsi=44.0, pos_ci95=3.0, vel_ci95=1.0, recovery=probabilistic_ftr: p_los=0.0001 (1/10000)
[256/1080] dpsi=44.0, pos_ci95=3.0, vel_ci95=3.0, recovery=pastcpa: p_los=0.0027 (27/10000)
[257/1080] dpsi=44.0, pos_ci95=3.0, vel_ci95=3.0, recovery=ftr: p_los=0.2792 (2792/10000)
[258/1080] dpsi=44.0, pos_ci95=3.0, vel_ci95=3.0, recovery=probabilistic_ftr: p_los=0.0022 (22/10000)
[259/1080] dpsi=44.0, pos_ci95=10.0, vel_ci95=1.0, recovery=pastcpa: p_los=0 (0/10000)
[260/1080] dpsi=44.0, pos_ci95=10.0, vel_ci95=1.0, recovery=ftr: p_los=0.0638 (638/10000)
[261/1080] dpsi=44.0, pos_ci95=10.0, vel_ci95=1.0, recovery=probabilistic_ftr: p_los=0 (0/10000)
[262/1080] dpsi=44.0, pos_ci95=10.0, vel_ci95=3.0, recovery=pastcpa: p_los=0.0025 (25/10000)
[263/1080] dpsi=44.0, pos_ci95=10.0, vel_ci95=3.0, recovery=ftr: p_los=0.2238 (2238/10000)
[264/1080] dpsi=44.0, pos_ci95=10.0, vel_ci95=3.0, recovery=probabilistic_ftr: p_los=0.0023 (23/10000)
[265/1080] dpsi=46.0, pos_ci95=3.0, vel_ci95=1.0, recovery=pastcpa: p_los=0.0001 (1/10000)
[266/1080] dpsi=46.0, pos_ci95=3.0, vel_ci95=1.0, recovery=ftr: p_los=0.0698 (698/10000)
[267/1080] dpsi=46.0, pos_ci95=3.0, vel_ci95=1.0, recovery=probabilistic_ftr: p_los=0.0002 (2/10000)
[268/1080] dpsi=46.0, pos_ci95=3.0, vel_ci95=3.0, recovery=pastcpa: p_los=0.0018 (18/10000)
[269/1080] dpsi=46.0, pos_ci95=3.0, vel_ci95=3.0, recovery=ftr: p_los=0.2799 (2799/10000)
[270/1080] dpsi=46.0, pos_ci95=3.0, vel_ci95=3.0, recovery=probabilistic_ftr: p_los=0.0028 (28/10000)
[271/1080] dpsi=46.0, pos_ci95=10.0, vel_ci95=1.0, recovery=pastcpa: p_los=0 (0/10000)
[272/1080] dpsi=46.0, pos_ci95=10.0, vel_ci95=1.0, recovery=ftr: p_los=0.0557 (557/10000)
[273/1080] dpsi=46.0, pos_ci95=10.0, vel_ci95=1.0, recovery=probabilistic_ftr: p_los=0.0001 (1/10000)
[274/1080] dpsi=46.0, pos_ci95=10.0, vel_ci95=3.0, recovery=pastcpa: p_los=0.0014 (14/10000)
[275/1080] dpsi=46.0, pos_ci95=10.0, vel_ci95=3.0, recovery=ftr: p_los=0.2172 (2172/10000)
[276/1080] dpsi=46.0, pos_ci95=10.0, vel_ci95=3.0, recovery=probabilistic_ftr: p_los=0.0018 (18/10000)
[277/1080] dpsi=48.0, pos_ci95=3.0, vel_ci95=1.0, recovery=pastcpa: p_los=0 (0/10000)
[278/1080] dpsi=48.0, pos_ci95=3.0, vel_ci95=1.0, recovery=ftr: p_los=0.066 (660/10000)
[279/1080] dpsi=48.0, pos_ci95=3.0, vel_ci95=1.0, recovery=probabilistic_ftr: p_los=0.0001 (1/10000)
[280/1080] dpsi=48.0, pos_ci95=3.0, vel_ci95=3.0, recovery=pastcpa: p_los=0.0023 (23/10000)
[281/1080] dpsi=48.0, pos_ci95=3.0, vel_ci95=3.0, recovery=ftr: p_los=0.2597 (2597/10000)
[282/1080] dpsi=48.0, pos_ci95=3.0, vel_ci95=3.0, recovery=probabilistic_ftr: p_los=0.0031 (31/10000)
[283/1080] dpsi=48.0, pos_ci95=10.0, vel_ci95=1.0, recovery=pastcpa: p_los=0 (0/10000)
[284/1080] dpsi=48.0, pos_ci95=10.0, vel_ci95=1.0, recovery=ftr: p_los=0.058 (580/10000)
[285/1080] dpsi=48.0, pos_ci95=10.0, vel_ci95=1.0, recovery=probabilistic_ftr: p_los=0 (0/10000)
[286/1080] dpsi=48.0, pos_ci95=10.0, vel_ci95=3.0, recovery=pastcpa: p_los=0.0017 (17/10000)
[287/1080] dpsi=48.0, pos_ci95=10.0, vel_ci95=3.0, recovery=ftr: p_los=0.207 (2070/10000)
[288/1080] dpsi=48.0, pos_ci95=10.0, vel_ci95=3.0, recovery=probabilistic_ftr: p_los=0.0024 (24/10000)
[289/1080] dpsi=50.0, pos_ci95=3.0, vel_ci95=1.0, recovery=pastcpa: p_los=0 (0/10000)
[290/1080] dpsi=50.0, pos_ci95=3.0, vel_ci95=1.0, recovery=ftr: p_los=0.0664 (664/10000)
[291/1080] dpsi=50.0, pos_ci95=3.0, vel_ci95=1.0, recovery=probabilistic_ftr: p_los=0 (0/10000)
[292/1080] dpsi=50.0, pos_ci95=3.0, vel_ci95=3.0, recovery=pastcpa: p_los=0.0018 (18/10000)
[293/1080] dpsi=50.0, pos_ci95=3.0, vel_ci95=3.0, recovery=ftr: p_los=0.2607 (2607/10000)
[294/1080] dpsi=50.0, pos_ci95=3.0, vel_ci95=3.0, recovery=probabilistic_ftr: p_los=0.0029 (29/10000)
[295/1080] dpsi=50.0, pos_ci95=10.0, vel_ci95=1.0, recovery=pastcpa: p_los=0.0001 (1/10000)
[296/1080] dpsi=50.0, pos_ci95=10.0, vel_ci95=1.0, recovery=ftr: p_los=0.0578 (578/10000)
[297/1080] dpsi=50.0, pos_ci95=10.0, vel_ci95=1.0, recovery=probabilistic_ftr: p_los=0 (0/10000)
[298/1080] dpsi=50.0, pos_ci95=10.0, vel_ci95=3.0, recovery=pastcpa: p_los=0.0015 (15/10000)
[299/1080] dpsi=50.0, pos_ci95=10.0, vel_ci95=3.0, recovery=ftr: p_los=0.1992 (1992/10000)
[300/1080] dpsi=50.0, pos_ci95=10.0, vel_ci95=3.0, recovery=probabilistic_ftr: p_los=0.0016 (16/10000)
[301/1080] dpsi=52.0, pos_ci95=3.0, vel_ci95=1.0, recovery=pastcpa: p_los=0 (0/10000)
[302/1080] dpsi=52.0, pos_ci95=3.0, vel_ci95=1.0, recovery=ftr: p_los=0.0649 (649/10000)
[303/1080] dpsi=52.0, pos_ci95=3.0, vel_ci95=1.0, recovery=probabilistic_ftr: p_los=0 (0/10000)
[304/1080] dpsi=52.0, pos_ci95=3.0, vel_ci95=3.0, recovery=pastcpa: p_los=0.0023 (23/10000)
[305/1080] dpsi=52.0, pos_ci95=3.0, vel_ci95=3.0, recovery=ftr: p_los=0.2615 (2615/10000)
[306/1080] dpsi=52.0, pos_ci95=3.0, vel_ci95=3.0, recovery=probabilistic_ftr: p_los=0.0018 (18/10000)
[307/1080] dpsi=52.0, pos_ci95=10.0, vel_ci95=1.0, recovery=pastcpa: p_los=0.0001 (1/10000)
[308/1080] dpsi=52.0, pos_ci95=10.0, vel_ci95=1.0, recovery=ftr: p_los=0.0475 (475/10000)
[309/1080] dpsi=52.0, pos_ci95=10.0, vel_ci95=1.0, recovery=probabilistic_ftr: p_los=0 (0/10000)
[310/1080] dpsi=52.0, pos_ci95=10.0, vel_ci95=3.0, recovery=pastcpa: p_los=0.0014 (14/10000)
[311/1080] dpsi=52.0, pos_ci95=10.0, vel_ci95=3.0, recovery=ftr: p_los=0.2054 (2054/10000)
[312/1080] dpsi=52.0, pos_ci95=10.0, vel_ci95=3.0, recovery=probabilistic_ftr: p_los=0.0026 (26/10000)
[313/1080] dpsi=54.0, pos_ci95=3.0, vel_ci95=1.0, recovery=pastcpa: p_los=0 (0/10000)
[314/1080] dpsi=54.0, pos_ci95=3.0, vel_ci95=1.0, recovery=ftr: p_los=0.0641 (641/10000)
[315/1080] dpsi=54.0, pos_ci95=3.0, vel_ci95=1.0, recovery=probabilistic_ftr: p_los=0 (0/10000)
[316/1080] dpsi=54.0, pos_ci95=3.0, vel_ci95=3.0, recovery=pastcpa: p_los=0.0021 (21/10000)
[317/1080] dpsi=54.0, pos_ci95=3.0, vel_ci95=3.0, recovery=ftr: p_los=0.2653 (2653/10000)
[318/1080] dpsi=54.0, pos_ci95=3.0, vel_ci95=3.0, recovery=probabilistic_ftr: p_los=0.0028 (28/10000)
[319/1080] dpsi=54.0, pos_ci95=10.0, vel_ci95=1.0, recovery=pastcpa: p_los=0 (0/10000)
[320/1080] dpsi=54.0, pos_ci95=10.0, vel_ci95=1.0, recovery=ftr: p_los=0.0467 (467/10000)
[321/1080] dpsi=54.0, pos_ci95=10.0, vel_ci95=1.0, recovery=probabilistic_ftr: p_los=0 (0/10000)
[322/1080] dpsi=54.0, pos_ci95=10.0, vel_ci95=3.0, recovery=pastcpa: p_los=0.0012 (12/10000)
[323/1080] dpsi=54.0, pos_ci95=10.0, vel_ci95=3.0, recovery=ftr: p_los=0.2111 (2111/10000)
[324/1080] dpsi=54.0, pos_ci95=10.0, vel_ci95=3.0, recovery=probabilistic_ftr: p_los=0.0023 (23/10000)
[325/1080] dpsi=56.0, pos_ci95=3.0, vel_ci95=1.0, recovery=pastcpa: p_los=0 (0/10000)
[326/1080] dpsi=56.0, pos_ci95=3.0, vel_ci95=1.0, recovery=ftr: p_los=0.0682 (682/10000)
[327/1080] dpsi=56.0, pos_ci95=3.0, vel_ci95=1.0, recovery=probabilistic_ftr: p_los=0 (0/10000)
[328/1080] dpsi=56.0, pos_ci95=3.0, vel_ci95=3.0, recovery=pastcpa: p_los=0.0012 (12/10000)
[329/1080] dpsi=56.0, pos_ci95=3.0, vel_ci95=3.0, recovery=ftr: p_los=0.2643 (2643/10000)
[330/1080] dpsi=56.0, pos_ci95=3.0, vel_ci95=3.0, recovery=probabilistic_ftr: p_los=0.0026 (26/10000)
[331/1080] dpsi=56.0, pos_ci95=10.0, vel_ci95=1.0, recovery=pastcpa: p_los=0 (0/10000)
[332/1080] dpsi=56.0, pos_ci95=10.0, vel_ci95=1.0, recovery=ftr: p_los=0.0464 (464/10000)
[333/1080] dpsi=56.0, pos_ci95=10.0, vel_ci95=1.0, recovery=probabilistic_ftr: p_los=0 (0/10000)
[334/1080] dpsi=56.0, pos_ci95=10.0, vel_ci95=3.0, recovery=pastcpa: p_los=0.0014 (14/10000)
[335/1080] dpsi=56.0, pos_ci95=10.0, vel_ci95=3.0, recovery=ftr: p_los=0.2084 (2084/10000)
[336/1080] dpsi=56.0, pos_ci95=10.0, vel_ci95=3.0, recovery=probabilistic_ftr: p_los=0.0029 (29/10000)
[337/1080] dpsi=58.0, pos_ci95=3.0, vel_ci95=1.0, recovery=pastcpa: p_los=0 (0/10000)
[338/1080] dpsi=58.0, pos_ci95=3.0, vel_ci95=1.0, recovery=ftr: p_los=0.0655 (655/10000)
[339/1080] dpsi=58.0, pos_ci95=3.0, vel_ci95=1.0, recovery=probabilistic_ftr: p_los=0 (0/10000)
[340/1080] dpsi=58.0, pos_ci95=3.0, vel_ci95=3.0, recovery=pastcpa: p_los=0.0012 (12/10000)
[341/1080] dpsi=58.0, pos_ci95=3.0, vel_ci95=3.0, recovery=ftr: p_los=0.2546 (2546/10000)
[342/1080] dpsi=58.0, pos_ci95=3.0, vel_ci95=3.0, recovery=probabilistic_ftr: p_los=0.0032 (32/10000)
[343/1080] dpsi=58.0, pos_ci95=10.0, vel_ci95=1.0, recovery=pastcpa: p_los=0 (0/10000)
[344/1080] dpsi=58.0, pos_ci95=10.0, vel_ci95=1.0, recovery=ftr: p_los=0.0448 (448/10000)
[345/1080] dpsi=58.0, pos_ci95=10.0, vel_ci95=1.0, recovery=probabilistic_ftr: p_los=0 (0/10000)
[346/1080] dpsi=58.0, pos_ci95=10.0, vel_ci95=3.0, recovery=pastcpa: p_los=0.001 (10/10000)
[347/1080] dpsi=58.0, pos_ci95=10.0, vel_ci95=3.0, recovery=ftr: p_los=0.203 (2030/10000)
[348/1080] dpsi=58.0, pos_ci95=10.0, vel_ci95=3.0, recovery=probabilistic_ftr: p_los=0.002 (20/10000)
[349/1080] dpsi=60.0, pos_ci95=3.0, vel_ci95=1.0, recovery=pastcpa: p_los=0 (0/10000)
[350/1080] dpsi=60.0, pos_ci95=3.0, vel_ci95=1.0, recovery=ftr: p_los=0.0666 (666/10000)
[351/1080] dpsi=60.0, pos_ci95=3.0, vel_ci95=1.0, recovery=probabilistic_ftr: p_los=0.0001 (1/10000)
[352/1080] dpsi=60.0, pos_ci95=3.0, vel_ci95=3.0, recovery=pastcpa: p_los=0.0012 (12/10000)
[353/1080] dpsi=60.0, pos_ci95=3.0, vel_ci95=3.0, recovery=ftr: p_los=0.2541 (2541/10000)
[354/1080] dpsi=60.0, pos_ci95=3.0, vel_ci95=3.0, recovery=probabilistic_ftr: p_los=0.0023 (23/10000)
[355/1080] dpsi=60.0, pos_ci95=10.0, vel_ci95=1.0, recovery=pastcpa: p_los=0 (0/10000)
[356/1080] dpsi=60.0, pos_ci95=10.0, vel_ci95=1.0, recovery=ftr: p_los=0.0463 (463/10000)
[357/1080] dpsi=60.0, pos_ci95=10.0, vel_ci95=1.0, recovery=probabilistic_ftr: p_los=0 (0/10000)
[358/1080] dpsi=60.0, pos_ci95=10.0, vel_ci95=3.0, recovery=pastcpa: p_los=0.0013 (13/10000)
[359/1080] dpsi=60.0, pos_ci95=10.0, vel_ci95=3.0, recovery=ftr: p_los=0.1992 (1992/10000)
[360/1080] dpsi=60.0, pos_ci95=10.0, vel_ci95=3.0, recovery=probabilistic_ftr: p_los=0.0026 (26/10000)
[361/1080] dpsi=62.0, pos_ci95=3.0, vel_ci95=1.0, recovery=pastcpa: p_los=0 (0/10000)
[362/1080] dpsi=62.0, pos_ci95=3.0, vel_ci95=1.0, recovery=ftr: p_los=0.0635 (635/10000)
[363/1080] dpsi=62.0, pos_ci95=3.0, vel_ci95=1.0, recovery=probabilistic_ftr: p_los=0.0002 (2/10000)
[364/1080] dpsi=62.0, pos_ci95=3.0, vel_ci95=3.0, recovery=pastcpa: p_los=0.0008 (8/10000)
[365/1080] dpsi=62.0, pos_ci95=3.0, vel_ci95=3.0, recovery=ftr: p_los=0.2454 (2454/10000)
[366/1080] dpsi=62.0, pos_ci95=3.0, vel_ci95=3.0, recovery=probabilistic_ftr: p_los=0.0036 (36/10000)
[367/1080] dpsi=62.0, pos_ci95=10.0, vel_ci95=1.0, recovery=pastcpa: p_los=0 (0/10000)
[368/1080] dpsi=62.0, pos_ci95=10.0, vel_ci95=1.0, recovery=ftr: p_los=0.0435 (435/10000)
[369/1080] dpsi=62.0, pos_ci95=10.0, vel_ci95=1.0, recovery=probabilistic_ftr: p_los=0.0001 (1/10000)
[370/1080] dpsi=62.0, pos_ci95=10.0, vel_ci95=3.0, recovery=pastcpa: p_los=0.0009 (9/10000)
[371/1080] dpsi=62.0, pos_ci95=10.0, vel_ci95=3.0, recovery=ftr: p_los=0.192 (1920/10000)
[372/1080] dpsi=62.0, pos_ci95=10.0, vel_ci95=3.0, recovery=probabilistic_ftr: p_los=0.0016 (16/10000)
[373/1080] dpsi=64.0, pos_ci95=3.0, vel_ci95=1.0, recovery=pastcpa: p_los=0 (0/10000)
[374/1080] dpsi=64.0, pos_ci95=3.0, vel_ci95=1.0, recovery=ftr: p_los=0.0613 (613/10000)
[375/1080] dpsi=64.0, pos_ci95=3.0, vel_ci95=1.0, recovery=probabilistic_ftr: p_los=0 (0/10000)
[376/1080] dpsi=64.0, pos_ci95=3.0, vel_ci95=3.0, recovery=pastcpa: p_los=0.0011 (11/10000)
[377/1080] dpsi=64.0, pos_ci95=3.0, vel_ci95=3.0, recovery=ftr: p_los=0.239 (2390/10000)
[378/1080] dpsi=64.0, pos_ci95=3.0, vel_ci95=3.0, recovery=probabilistic_ftr: p_los=0.0031 (31/10000)
[379/1080] dpsi=64.0, pos_ci95=10.0, vel_ci95=1.0, recovery=pastcpa: p_los=0 (0/10000)
[380/1080] dpsi=64.0, pos_ci95=10.0, vel_ci95=1.0, recovery=ftr: p_los=0.0431 (431/10000)
[381/1080] dpsi=64.0, pos_ci95=10.0, vel_ci95=1.0, recovery=probabilistic_ftr: p_los=0 (0/10000)
[382/1080] dpsi=64.0, pos_ci95=10.0, vel_ci95=3.0, recovery=pastcpa: p_los=0.0004 (4/10000)
[383/1080] dpsi=64.0, pos_ci95=10.0, vel_ci95=3.0, recovery=ftr: p_los=0.1876 (1876/10000)
[384/1080] dpsi=64.0, pos_ci95=10.0, vel_ci95=3.0, recovery=probabilistic_ftr: p_los=0.0028 (28/10000)
[385/1080] dpsi=66.0, pos_ci95=3.0, vel_ci95=1.0, recovery=pastcpa: p_los=0 (0/10000)
[386/1080] dpsi=66.0, pos_ci95=3.0, vel_ci95=1.0, recovery=ftr: p_los=0.0665 (665/10000)
[387/1080] dpsi=66.0, pos_ci95=3.0, vel_ci95=1.0, recovery=probabilistic_ftr: p_los=0 (0/10000)
[388/1080] dpsi=66.0, pos_ci95=3.0, vel_ci95=3.0, recovery=pastcpa: p_los=0.0012 (12/10000)
[389/1080] dpsi=66.0, pos_ci95=3.0, vel_ci95=3.0, recovery=ftr: p_los=0.2481 (2481/10000)
[390/1080] dpsi=66.0, pos_ci95=3.0, vel_ci95=3.0, recovery=probabilistic_ftr: p_los=0.0035 (35/10000)
[391/1080] dpsi=66.0, pos_ci95=10.0, vel_ci95=1.0, recovery=pastcpa: p_los=0 (0/10000)
[392/1080] dpsi=66.0, pos_ci95=10.0, vel_ci95=1.0, recovery=ftr: p_los=0.0413 (413/10000)
[393/1080] dpsi=66.0, pos_ci95=10.0, vel_ci95=1.0, recovery=probabilistic_ftr: p_los=0 (0/10000)
[394/1080] dpsi=66.0, pos_ci95=10.0, vel_ci95=3.0, recovery=pastcpa: p_los=0.0012 (12/10000)
[395/1080] dpsi=66.0, pos_ci95=10.0, vel_ci95=3.0, recovery=ftr: p_los=0.1882 (1882/10000)
[396/1080] dpsi=66.0, pos_ci95=10.0, vel_ci95=3.0, recovery=probabilistic_ftr: p_los=0.0034 (34/10000)
[397/1080] dpsi=68.0, pos_ci95=3.0, vel_ci95=1.0, recovery=pastcpa: p_los=0 (0/10000)
[398/1080] dpsi=68.0, pos_ci95=3.0, vel_ci95=1.0, recovery=ftr: p_los=0.0653 (653/10000)
[399/1080] dpsi=68.0, pos_ci95=3.0, vel_ci95=1.0, recovery=probabilistic_ftr: p_los=0.0003 (3/10000)
[400/1080] dpsi=68.0, pos_ci95=3.0, vel_ci95=3.0, recovery=pastcpa: p_los=0.0008 (8/10000)
[401/1080] dpsi=68.0, pos_ci95=3.0, vel_ci95=3.0, recovery=ftr: p_los=0.2415 (2415/10000)
[402/1080] dpsi=68.0, pos_ci95=3.0, vel_ci95=3.0, recovery=probabilistic_ftr: p_los=0.0024 (24/10000)
[403/1080] dpsi=68.0, pos_ci95=10.0, vel_ci95=1.0, recovery=pastcpa: p_los=0 (0/10000)
[404/1080] dpsi=68.0, pos_ci95=10.0, vel_ci95=1.0, recovery=ftr: p_los=0.04 (400/10000)
[405/1080] dpsi=68.0, pos_ci95=10.0, vel_ci95=1.0, recovery=probabilistic_ftr: p_los=0 (0/10000)
[406/1080] dpsi=68.0, pos_ci95=10.0, vel_ci95=3.0, recovery=pastcpa: p_los=0.0007 (7/10000)
[407/1080] dpsi=68.0, pos_ci95=10.0, vel_ci95=3.0, recovery=ftr: p_los=0.1885 (1885/10000)
[408/1080] dpsi=68.0, pos_ci95=10.0, vel_ci95=3.0, recovery=probabilistic_ftr: p_los=0.0017 (17/10000)
[409/1080] dpsi=70.0, pos_ci95=3.0, vel_ci95=1.0, recovery=pastcpa: p_los=0 (0/10000)
[410/1080] dpsi=70.0, pos_ci95=3.0, vel_ci95=1.0, recovery=ftr: p_los=0.0696 (696/10000)
[411/1080] dpsi=70.0, pos_ci95=3.0, vel_ci95=1.0, recovery=probabilistic_ftr: p_los=0 (0/10000)
[412/1080] dpsi=70.0, pos_ci95=3.0, vel_ci95=3.0, recovery=pastcpa: p_los=0.0006 (6/10000)
[413/1080] dpsi=70.0, pos_ci95=3.0, vel_ci95=3.0, recovery=ftr: p_los=0.2387 (2387/10000)
[414/1080] dpsi=70.0, pos_ci95=3.0, vel_ci95=3.0, recovery=probabilistic_ftr: p_los=0.0033 (33/10000)
[415/1080] dpsi=70.0, pos_ci95=10.0, vel_ci95=1.0, recovery=pastcpa: p_los=0 (0/10000)
[416/1080] dpsi=70.0, pos_ci95=10.0, vel_ci95=1.0, recovery=ftr: p_los=0.0422 (422/10000)
[417/1080] dpsi=70.0, pos_ci95=10.0, vel_ci95=1.0, recovery=probabilistic_ftr: p_los=0.0001 (1/10000)
[418/1080] dpsi=70.0, pos_ci95=10.0, vel_ci95=3.0, recovery=pastcpa: p_los=0.0012 (12/10000)
[419/1080] dpsi=70.0, pos_ci95=10.0, vel_ci95=3.0, recovery=ftr: p_los=0.1819 (1819/10000)
[420/1080] dpsi=70.0, pos_ci95=10.0, vel_ci95=3.0, recovery=probabilistic_ftr: p_los=0.0021 (21/10000)
[421/1080] dpsi=72.0, pos_ci95=3.0, vel_ci95=1.0, recovery=pastcpa: p_los=0 (0/10000)
[422/1080] dpsi=72.0, pos_ci95=3.0, vel_ci95=1.0, recovery=ftr: p_los=0.0698 (698/10000)
[423/1080] dpsi=72.0, pos_ci95=3.0, vel_ci95=1.0, recovery=probabilistic_ftr: p_los=0 (0/10000)
[424/1080] dpsi=72.0, pos_ci95=3.0, vel_ci95=3.0, recovery=pastcpa: p_los=0.0007 (7/10000)
[425/1080] dpsi=72.0, pos_ci95=3.0, vel_ci95=3.0, recovery=ftr: p_los=0.2292 (2292/10000)
[426/1080] dpsi=72.0, pos_ci95=3.0, vel_ci95=3.0, recovery=probabilistic_ftr: p_los=0.0032 (32/10000)
[427/1080] dpsi=72.0, pos_ci95=10.0, vel_ci95=1.0, recovery=pastcpa: p_los=0 (0/10000)
[428/1080] dpsi=72.0, pos_ci95=10.0, vel_ci95=1.0, recovery=ftr: p_los=0.04 (400/10000)
[429/1080] dpsi=72.0, pos_ci95=10.0, vel_ci95=1.0, recovery=probabilistic_ftr: p_los=0.0001 (1/10000)
[430/1080] dpsi=72.0, pos_ci95=10.0, vel_ci95=3.0, recovery=pastcpa: p_los=0.001 (10/10000)
[431/1080] dpsi=72.0, pos_ci95=10.0, vel_ci95=3.0, recovery=ftr: p_los=0.1815 (1815/10000)
[432/1080] dpsi=72.0, pos_ci95=10.0, vel_ci95=3.0, recovery=probabilistic_ftr: p_los=0.0013 (13/10000)
[433/1080] dpsi=74.0, pos_ci95=3.0, vel_ci95=1.0, recovery=pastcpa: p_los=0 (0/10000)
[434/1080] dpsi=74.0, pos_ci95=3.0, vel_ci95=1.0, recovery=ftr: p_los=0.0723 (723/10000)
[435/1080] dpsi=74.0, pos_ci95=3.0, vel_ci95=1.0, recovery=probabilistic_ftr: p_los=0 (0/10000)
[436/1080] dpsi=74.0, pos_ci95=3.0, vel_ci95=3.0, recovery=pastcpa: p_los=0.0012 (12/10000)
[437/1080] dpsi=74.0, pos_ci95=3.0, vel_ci95=3.0, recovery=ftr: p_los=0.2303 (2303/10000)
[438/1080] dpsi=74.0, pos_ci95=3.0, vel_ci95=3.0, recovery=probabilistic_ftr: p_los=0.0031 (31/10000)
[439/1080] dpsi=74.0, pos_ci95=10.0, vel_ci95=1.0, recovery=pastcpa: p_los=0 (0/10000)
[440/1080] dpsi=74.0, pos_ci95=10.0, vel_ci95=1.0, recovery=ftr: p_los=0.0386 (386/10000)
[441/1080] dpsi=74.0, pos_ci95=10.0, vel_ci95=1.0, recovery=probabilistic_ftr: p_los=0.0001 (1/10000)
[442/1080] dpsi=74.0, pos_ci95=10.0, vel_ci95=3.0, recovery=pastcpa: p_los=0.0009 (9/10000)
[443/1080] dpsi=74.0, pos_ci95=10.0, vel_ci95=3.0, recovery=ftr: p_los=0.1869 (1869/10000)
[444/1080] dpsi=74.0, pos_ci95=10.0, vel_ci95=3.0, recovery=probabilistic_ftr: p_los=0.0027 (27/10000)
[445/1080] dpsi=76.0, pos_ci95=3.0, vel_ci95=1.0, recovery=pastcpa: p_los=0 (0/10000)
[446/1080] dpsi=76.0, pos_ci95=3.0, vel_ci95=1.0, recovery=ftr: p_los=0.0706 (706/10000)
[447/1080] dpsi=76.0, pos_ci95=3.0, vel_ci95=1.0, recovery=probabilistic_ftr: p_los=0.0002 (2/10000)
[448/1080] dpsi=76.0, pos_ci95=3.0, vel_ci95=3.0, recovery=pastcpa: p_los=0.0013 (13/10000)
[449/1080] dpsi=76.0, pos_ci95=3.0, vel_ci95=3.0, recovery=ftr: p_los=0.2347 (2347/10000)
[450/1080] dpsi=76.0, pos_ci95=3.0, vel_ci95=3.0, recovery=probabilistic_ftr: p_los=0.0037 (37/10000)
[451/1080] dpsi=76.0, pos_ci95=10.0, vel_ci95=1.0, recovery=pastcpa: p_los=0 (0/10000)
[452/1080] dpsi=76.0, pos_ci95=10.0, vel_ci95=1.0, recovery=ftr: p_los=0.0424 (424/10000)
[453/1080] dpsi=76.0, pos_ci95=10.0, vel_ci95=1.0, recovery=probabilistic_ftr: p_los=0 (0/10000)
[454/1080] dpsi=76.0, pos_ci95=10.0, vel_ci95=3.0, recovery=pastcpa: p_los=0.0006 (6/10000)
[455/1080] dpsi=76.0, pos_ci95=10.0, vel_ci95=3.0, recovery=ftr: p_los=0.1794 (1794/10000)
[456/1080] dpsi=76.0, pos_ci95=10.0, vel_ci95=3.0, recovery=probabilistic_ftr: p_los=0.0015 (15/10000)
[457/1080] dpsi=78.0, pos_ci95=3.0, vel_ci95=1.0, recovery=pastcpa: p_los=0 (0/10000)
[458/1080] dpsi=78.0, pos_ci95=3.0, vel_ci95=1.0, recovery=ftr: p_los=0.0709 (709/10000)
[459/1080] dpsi=78.0, pos_ci95=3.0, vel_ci95=1.0, recovery=probabilistic_ftr: p_los=0.0001 (1/10000)
[460/1080] dpsi=78.0, pos_ci95=3.0, vel_ci95=3.0, recovery=pastcpa: p_los=0.0006 (6/10000)
[461/1080] dpsi=78.0, pos_ci95=3.0, vel_ci95=3.0, recovery=ftr: p_los=0.2313 (2313/10000)
[462/1080] dpsi=78.0, pos_ci95=3.0, vel_ci95=3.0, recovery=probabilistic_ftr: p_los=0.0029 (29/10000)
[463/1080] dpsi=78.0, pos_ci95=10.0, vel_ci95=1.0, recovery=pastcpa: p_los=0 (0/10000)
[464/1080] dpsi=78.0, pos_ci95=10.0, vel_ci95=1.0, recovery=ftr: p_los=0.0386 (386/10000)
[465/1080] dpsi=78.0, pos_ci95=10.0, vel_ci95=1.0, recovery=probabilistic_ftr: p_los=0 (0/10000)
[466/1080] dpsi=78.0, pos_ci95=10.0, vel_ci95=3.0, recovery=pastcpa: p_los=0.001 (10/10000)
[467/1080] dpsi=78.0, pos_ci95=10.0, vel_ci95=3.0, recovery=ftr: p_los=0.1796 (1796/10000)
[468/1080] dpsi=78.0, pos_ci95=10.0, vel_ci95=3.0, recovery=probabilistic_ftr: p_los=0.0025 (25/10000)
[469/1080] dpsi=80.0, pos_ci95=3.0, vel_ci95=1.0, recovery=pastcpa: p_los=0 (0/10000)
[470/1080] dpsi=80.0, pos_ci95=3.0, vel_ci95=1.0, recovery=ftr: p_los=0.0709 (709/10000)
[471/1080] dpsi=80.0, pos_ci95=3.0, vel_ci95=1.0, recovery=probabilistic_ftr: p_los=0.0002 (2/10000)
[472/1080] dpsi=80.0, pos_ci95=3.0, vel_ci95=3.0, recovery=pastcpa: p_los=0.0007 (7/10000)
[473/1080] dpsi=80.0, pos_ci95=3.0, vel_ci95=3.0, recovery=ftr: p_los=0.2325 (2325/10000)
[474/1080] dpsi=80.0, pos_ci95=3.0, vel_ci95=3.0, recovery=probabilistic_ftr: p_los=0.003 (30/10000)
[475/1080] dpsi=80.0, pos_ci95=10.0, vel_ci95=1.0, recovery=pastcpa: p_los=0 (0/10000)
[476/1080] dpsi=80.0, pos_ci95=10.0, vel_ci95=1.0, recovery=ftr: p_los=0.0425 (425/10000)
[477/1080] dpsi=80.0, pos_ci95=10.0, vel_ci95=1.0, recovery=probabilistic_ftr: p_los=0 (0/10000)
[478/1080] dpsi=80.0, pos_ci95=10.0, vel_ci95=3.0, recovery=pastcpa: p_los=0.0007 (7/10000)
[479/1080] dpsi=80.0, pos_ci95=10.0, vel_ci95=3.0, recovery=ftr: p_los=0.1802 (1802/10000)
[480/1080] dpsi=80.0, pos_ci95=10.0, vel_ci95=3.0, recovery=probabilistic_ftr: p_los=0.0033 (33/10000)
[481/1080] dpsi=82.0, pos_ci95=3.0, vel_ci95=1.0, recovery=pastcpa: p_los=0 (0/10000)
[482/1080] dpsi=82.0, pos_ci95=3.0, vel_ci95=1.0, recovery=ftr: p_los=0.0712 (712/10000)
[483/1080] dpsi=82.0, pos_ci95=3.0, vel_ci95=1.0, recovery=probabilistic_ftr: p_los=0.0001 (1/10000)
[484/1080] dpsi=82.0, pos_ci95=3.0, vel_ci95=3.0, recovery=pastcpa: p_los=0.0002 (2/10000)
[485/1080] dpsi=82.0, pos_ci95=3.0, vel_ci95=3.0, recovery=ftr: p_los=0.2334 (2334/10000)
[486/1080] dpsi=82.0, pos_ci95=3.0, vel_ci95=3.0, recovery=probabilistic_ftr: p_los=0.0031 (31/10000)
[487/1080] dpsi=82.0, pos_ci95=10.0, vel_ci95=1.0, recovery=pastcpa: p_los=0 (0/10000)
[488/1080] dpsi=82.0, pos_ci95=10.0, vel_ci95=1.0, recovery=ftr: p_los=0.0427 (427/10000)
[489/1080] dpsi=82.0, pos_ci95=10.0, vel_ci95=1.0, recovery=probabilistic_ftr: p_los=0.0001 (1/10000)
[490/1080] dpsi=82.0, pos_ci95=10.0, vel_ci95=3.0, recovery=pastcpa: p_los=0.0006 (6/10000)
[491/1080] dpsi=82.0, pos_ci95=10.0, vel_ci95=3.0, recovery=ftr: p_los=0.1833 (1833/10000)
[492/1080] dpsi=82.0, pos_ci95=10.0, vel_ci95=3.0, recovery=probabilistic_ftr: p_los=0.002 (20/10000)
[493/1080] dpsi=84.0, pos_ci95=3.0, vel_ci95=1.0, recovery=pastcpa: p_los=0 (0/10000)
[494/1080] dpsi=84.0, pos_ci95=3.0, vel_ci95=1.0, recovery=ftr: p_los=0.075 (750/10000)
[495/1080] dpsi=84.0, pos_ci95=3.0, vel_ci95=1.0, recovery=probabilistic_ftr: p_los=0.0001 (1/10000)
[496/1080] dpsi=84.0, pos_ci95=3.0, vel_ci95=3.0, recovery=pastcpa: p_los=0.0004 (4/10000)
[497/1080] dpsi=84.0, pos_ci95=3.0, vel_ci95=3.0, recovery=ftr: p_los=0.2369 (2369/10000)
[498/1080] dpsi=84.0, pos_ci95=3.0, vel_ci95=3.0, recovery=probabilistic_ftr: p_los=0.0031 (31/10000)
[499/1080] dpsi=84.0, pos_ci95=10.0, vel_ci95=1.0, recovery=pastcpa: p_los=0 (0/10000)
[500/1080] dpsi=84.0, pos_ci95=10.0, vel_ci95=1.0, recovery=ftr: p_los=0.043 (430/10000)
[501/1080] dpsi=84.0, pos_ci95=10.0, vel_ci95=1.0, recovery=probabilistic_ftr: p_los=0.0001 (1/10000)
[502/1080] dpsi=84.0, pos_ci95=10.0, vel_ci95=3.0, recovery=pastcpa: p_los=0.0004 (4/10000)
[503/1080] dpsi=84.0, pos_ci95=10.0, vel_ci95=3.0, recovery=ftr: p_los=0.1791 (1791/10000)
[504/1080] dpsi=84.0, pos_ci95=10.0, vel_ci95=3.0, recovery=probabilistic_ftr: p_los=0.0024 (24/10000)
[505/1080] dpsi=86.0, pos_ci95=3.0, vel_ci95=1.0, recovery=pastcpa: p_los=0 (0/10000)
[506/1080] dpsi=86.0, pos_ci95=3.0, vel_ci95=1.0, recovery=ftr: p_los=0.076 (760/10000)
[507/1080] dpsi=86.0, pos_ci95=3.0, vel_ci95=1.0, recovery=probabilistic_ftr: p_los=0 (0/10000)
[508/1080] dpsi=86.0, pos_ci95=3.0, vel_ci95=3.0, recovery=pastcpa: p_los=0.0008 (8/10000)
[509/1080] dpsi=86.0, pos_ci95=3.0, vel_ci95=3.0, recovery=ftr: p_los=0.2294 (2294/10000)
[510/1080] dpsi=86.0, pos_ci95=3.0, vel_ci95=3.0, recovery=probabilistic_ftr: p_los=0.004 (40/10000)
[511/1080] dpsi=86.0, pos_ci95=10.0, vel_ci95=1.0, recovery=pastcpa: p_los=0 (0/10000)
[512/1080] dpsi=86.0, pos_ci95=10.0, vel_ci95=1.0, recovery=ftr: p_los=0.0419 (419/10000)
[513/1080] dpsi=86.0, pos_ci95=10.0, vel_ci95=1.0, recovery=probabilistic_ftr: p_los=0 (0/10000)
[514/1080] dpsi=86.0, pos_ci95=10.0, vel_ci95=3.0, recovery=pastcpa: p_los=0.0004 (4/10000)
[515/1080] dpsi=86.0, pos_ci95=10.0, vel_ci95=3.0, recovery=ftr: p_los=0.1871 (1871/10000)
[516/1080] dpsi=86.0, pos_ci95=10.0, vel_ci95=3.0, recovery=probabilistic_ftr: p_los=0.003 (30/10000)
[517/1080] dpsi=88.0, pos_ci95=3.0, vel_ci95=1.0, recovery=pastcpa: p_los=0 (0/10000)
[518/1080] dpsi=88.0, pos_ci95=3.0, vel_ci95=1.0, recovery=ftr: p_los=0.0752 (752/10000)
[519/1080] dpsi=88.0, pos_ci95=3.0, vel_ci95=1.0, recovery=probabilistic_ftr: p_los=0 (0/10000)
[520/1080] dpsi=88.0, pos_ci95=3.0, vel_ci95=3.0, recovery=pastcpa: p_los=0.0004 (4/10000)
[521/1080] dpsi=88.0, pos_ci95=3.0, vel_ci95=3.0, recovery=ftr: p_los=0.2316 (2316/10000)
[522/1080] dpsi=88.0, pos_ci95=3.0, vel_ci95=3.0, recovery=probabilistic_ftr: p_los=0.0035 (35/10000)
[523/1080] dpsi=88.0, pos_ci95=10.0, vel_ci95=1.0, recovery=pastcpa: p_los=0 (0/10000)
[524/1080] dpsi=88.0, pos_ci95=10.0, vel_ci95=1.0, recovery=ftr: p_los=0.0414 (414/10000)
[525/1080] dpsi=88.0, pos_ci95=10.0, vel_ci95=1.0, recovery=probabilistic_ftr: p_los=0 (0/10000)
[526/1080] dpsi=88.0, pos_ci95=10.0, vel_ci95=3.0, recovery=pastcpa: p_los=0.001 (10/10000)
[527/1080] dpsi=88.0, pos_ci95=10.0, vel_ci95=3.0, recovery=ftr: p_los=0.1844 (1844/10000)
[528/1080] dpsi=88.0, pos_ci95=10.0, vel_ci95=3.0, recovery=probabilistic_ftr: p_los=0.003 (30/10000)
[529/1080] dpsi=90.0, pos_ci95=3.0, vel_ci95=1.0, recovery=pastcpa: p_los=0 (0/10000)
[530/1080] dpsi=90.0, pos_ci95=3.0, vel_ci95=1.0, recovery=ftr: p_los=0.0806 (806/10000)
[531/1080] dpsi=90.0, pos_ci95=3.0, vel_ci95=1.0, recovery=probabilistic_ftr: p_los=0.0001 (1/10000)
[532/1080] dpsi=90.0, pos_ci95=3.0, vel_ci95=3.0, recovery=pastcpa: p_los=0.0008 (8/10000)
[533/1080] dpsi=90.0, pos_ci95=3.0, vel_ci95=3.0, recovery=ftr: p_los=0.2341 (2341/10000)
[534/1080] dpsi=90.0, pos_ci95=3.0, vel_ci95=3.0, recovery=probabilistic_ftr: p_los=0.0037 (37/10000)
[535/1080] dpsi=90.0, pos_ci95=10.0, vel_ci95=1.0, recovery=pastcpa: p_los=0 (0/10000)
[536/1080] dpsi=90.0, pos_ci95=10.0, vel_ci95=1.0, recovery=ftr: p_los=0.0419 (419/10000)
[537/1080] dpsi=90.0, pos_ci95=10.0, vel_ci95=1.0, recovery=probabilistic_ftr: p_los=0 (0/10000)
[538/1080] dpsi=90.0, pos_ci95=10.0, vel_ci95=3.0, recovery=pastcpa: p_los=0.0004 (4/10000)
[539/1080] dpsi=90.0, pos_ci95=10.0, vel_ci95=3.0, recovery=ftr: p_los=0.1828 (1828/10000)
[540/1080] dpsi=90.0, pos_ci95=10.0, vel_ci95=3.0, recovery=probabilistic_ftr: p_los=0.0025 (25/10000)
[541/1080] dpsi=92.0, pos_ci95=3.0, vel_ci95=1.0, recovery=pastcpa: p_los=0 (0/10000)
[542/1080] dpsi=92.0, pos_ci95=3.0, vel_ci95=1.0, recovery=ftr: p_los=0.0768 (768/10000)
[543/1080] dpsi=92.0, pos_ci95=3.0, vel_ci95=1.0, recovery=probabilistic_ftr: p_los=0.0001 (1/10000)
[544/1080] dpsi=92.0, pos_ci95=3.0, vel_ci95=3.0, recovery=pastcpa: p_los=0.0006 (6/10000)
[545/1080] dpsi=92.0, pos_ci95=3.0, vel_ci95=3.0, recovery=ftr: p_los=0.2344 (2344/10000)
[546/1080] dpsi=92.0, pos_ci95=3.0, vel_ci95=3.0, recovery=probabilistic_ftr: p_los=0.0041 (41/10000)
[547/1080] dpsi=92.0, pos_ci95=10.0, vel_ci95=1.0, recovery=pastcpa: p_los=0 (0/10000)
[548/1080] dpsi=92.0, pos_ci95=10.0, vel_ci95=1.0, recovery=ftr: p_los=0.0431 (431/10000)
[549/1080] dpsi=92.0, pos_ci95=10.0, vel_ci95=1.0, recovery=probabilistic_ftr: p_los=0.0001 (1/10000)
[550/1080] dpsi=92.0, pos_ci95=10.0, vel_ci95=3.0, recovery=pastcpa: p_los=0.0007 (7/10000)
[551/1080] dpsi=92.0, pos_ci95=10.0, vel_ci95=3.0, recovery=ftr: p_los=0.1815 (1815/10000)
[552/1080] dpsi=92.0, pos_ci95=10.0, vel_ci95=3.0, recovery=probabilistic_ftr: p_los=0.0028 (28/10000)
[553/1080] dpsi=94.0, pos_ci95=3.0, vel_ci95=1.0, recovery=pastcpa: p_los=0 (0/10000)
[554/1080] dpsi=94.0, pos_ci95=3.0, vel_ci95=1.0, recovery=ftr: p_los=0.0803 (803/10000)
[555/1080] dpsi=94.0, pos_ci95=3.0, vel_ci95=1.0, recovery=probabilistic_ftr: p_los=0.0003 (3/10000)
[556/1080] dpsi=94.0, pos_ci95=3.0, vel_ci95=3.0, recovery=pastcpa: p_los=0.0005 (5/10000)
[557/1080] dpsi=94.0, pos_ci95=3.0, vel_ci95=3.0, recovery=ftr: p_los=0.2404 (2404/10000)
[558/1080] dpsi=94.0, pos_ci95=3.0, vel_ci95=3.0, recovery=probabilistic_ftr: p_los=0.0042 (42/10000)
[559/1080] dpsi=94.0, pos_ci95=10.0, vel_ci95=1.0, recovery=pastcpa: p_los=0 (0/10000)
[560/1080] dpsi=94.0, pos_ci95=10.0, vel_ci95=1.0, recovery=ftr: p_los=0.0423 (423/10000)
[561/1080] dpsi=94.0, pos_ci95=10.0, vel_ci95=1.0, recovery=probabilistic_ftr: p_los=0.0002 (2/10000)
[562/1080] dpsi=94.0, pos_ci95=10.0, vel_ci95=3.0, recovery=pastcpa: p_los=0.0006 (6/10000)
[563/1080] dpsi=94.0, pos_ci95=10.0, vel_ci95=3.0, recovery=ftr: p_los=0.1886 (1886/10000)
[564/1080] dpsi=94.0, pos_ci95=10.0, vel_ci95=3.0, recovery=probabilistic_ftr: p_los=0.0031 (31/10000)
[565/1080] dpsi=96.0, pos_ci95=3.0, vel_ci95=1.0, recovery=pastcpa: p_los=0 (0/10000)
[566/1080] dpsi=96.0, pos_ci95=3.0, vel_ci95=1.0, recovery=ftr: p_los=0.0879 (879/10000)
[567/1080] dpsi=96.0, pos_ci95=3.0, vel_ci95=1.0, recovery=probabilistic_ftr: p_los=0.0002 (2/10000)
[568/1080] dpsi=96.0, pos_ci95=3.0, vel_ci95=3.0, recovery=pastcpa: p_los=0.0007 (7/10000)
[569/1080] dpsi=96.0, pos_ci95=3.0, vel_ci95=3.0, recovery=ftr: p_los=0.2301 (2301/10000)
[570/1080] dpsi=96.0, pos_ci95=3.0, vel_ci95=3.0, recovery=probabilistic_ftr: p_los=0.0042 (42/10000)
[571/1080] dpsi=96.0, pos_ci95=10.0, vel_ci95=1.0, recovery=pastcpa: p_los=0 (0/10000)
[572/1080] dpsi=96.0, pos_ci95=10.0, vel_ci95=1.0, recovery=ftr: p_los=0.0468 (468/10000)
[573/1080] dpsi=96.0, pos_ci95=10.0, vel_ci95=1.0, recovery=probabilistic_ftr: p_los=0 (0/10000)
[574/1080] dpsi=96.0, pos_ci95=10.0, vel_ci95=3.0, recovery=pastcpa: p_los=0.0007 (7/10000)
[575/1080] dpsi=96.0, pos_ci95=10.0, vel_ci95=3.0, recovery=ftr: p_los=0.1975 (1975/10000)
[576/1080] dpsi=96.0, pos_ci95=10.0, vel_ci95=3.0, recovery=probabilistic_ftr: p_los=0.0037 (37/10000)
[577/1080] dpsi=98.0, pos_ci95=3.0, vel_ci95=1.0, recovery=pastcpa: p_los=0 (0/10000)
[578/1080] dpsi=98.0, pos_ci95=3.0, vel_ci95=1.0, recovery=ftr: p_los=0.0836 (836/10000)
[579/1080] dpsi=98.0, pos_ci95=3.0, vel_ci95=1.0, recovery=probabilistic_ftr: p_los=0.0001 (1/10000)
[580/1080] dpsi=98.0, pos_ci95=3.0, vel_ci95=3.0, recovery=pastcpa: p_los=0.0009 (9/10000)
[581/1080] dpsi=98.0, pos_ci95=3.0, vel_ci95=3.0, recovery=ftr: p_los=0.2397 (2397/10000)
[582/1080] dpsi=98.0, pos_ci95=3.0, vel_ci95=3.0, recovery=probabilistic_ftr: p_los=0.0037 (37/10000)
[583/1080] dpsi=98.0, pos_ci95=10.0, vel_ci95=1.0, recovery=pastcpa: p_los=0 (0/10000)
[584/1080] dpsi=98.0, pos_ci95=10.0, vel_ci95=1.0, recovery=ftr: p_los=0.0419 (419/10000)
[585/1080] dpsi=98.0, pos_ci95=10.0, vel_ci95=1.0, recovery=probabilistic_ftr: p_los=0.0001 (1/10000)
[586/1080] dpsi=98.0, pos_ci95=10.0, vel_ci95=3.0, recovery=pastcpa: p_los=0.0007 (7/10000)
[587/1080] dpsi=98.0, pos_ci95=10.0, vel_ci95=3.0, recovery=ftr: p_los=0.1959 (1959/10000)
[588/1080] dpsi=98.0, pos_ci95=10.0, vel_ci95=3.0, recovery=probabilistic_ftr: p_los=0.0032 (32/10000)
[589/1080] dpsi=100.0, pos_ci95=3.0, vel_ci95=1.0, recovery=pastcpa: p_los=0 (0/10000)
[590/1080] dpsi=100.0, pos_ci95=3.0, vel_ci95=1.0, recovery=ftr: p_los=0.0863 (863/10000)
[591/1080] dpsi=100.0, pos_ci95=3.0, vel_ci95=1.0, recovery=probabilistic_ftr: p_los=0.0001 (1/10000)
[592/1080] dpsi=100.0, pos_ci95=3.0, vel_ci95=3.0, recovery=pastcpa: p_los=0.0006 (6/10000)
[593/1080] dpsi=100.0, pos_ci95=3.0, vel_ci95=3.0, recovery=ftr: p_los=0.2459 (2459/10000)
[594/1080] dpsi=100.0, pos_ci95=3.0, vel_ci95=3.0, recovery=probabilistic_ftr: p_los=0.0051 (51/10000)
[595/1080] dpsi=100.0, pos_ci95=10.0, vel_ci95=1.0, recovery=pastcpa: p_los=0 (0/10000)
[596/1080] dpsi=100.0, pos_ci95=10.0, vel_ci95=1.0, recovery=ftr: p_los=0.0454 (454/10000)
[597/1080] dpsi=100.0, pos_ci95=10.0, vel_ci95=1.0, recovery=probabilistic_ftr: p_los=0.0002 (2/10000)
[598/1080] dpsi=100.0, pos_ci95=10.0, vel_ci95=3.0, recovery=pastcpa: p_los=0.0006 (6/10000)
[599/1080] dpsi=100.0, pos_ci95=10.0, vel_ci95=3.0, recovery=ftr: p_los=0.2001 (2001/10000)
[600/1080] dpsi=100.0, pos_ci95=10.0, vel_ci95=3.0, recovery=probabilistic_ftr: p_los=0.0029 (29/10000)
[601/1080] dpsi=102.0, pos_ci95=3.0, vel_ci95=1.0, recovery=pastcpa: p_los=0 (0/10000)
[602/1080] dpsi=102.0, pos_ci95=3.0, vel_ci95=1.0, recovery=ftr: p_los=0.0899 (899/10000)
[603/1080] dpsi=102.0, pos_ci95=3.0, vel_ci95=1.0, recovery=probabilistic_ftr: p_los=0.0004 (4/10000)
[604/1080] dpsi=102.0, pos_ci95=3.0, vel_ci95=3.0, recovery=pastcpa: p_los=0.0005 (5/10000)
[605/1080] dpsi=102.0, pos_ci95=3.0, vel_ci95=3.0, recovery=ftr: p_los=0.2398 (2398/10000)
[606/1080] dpsi=102.0, pos_ci95=3.0, vel_ci95=3.0, recovery=probabilistic_ftr: p_los=0.0047 (47/10000)
[607/1080] dpsi=102.0, pos_ci95=10.0, vel_ci95=1.0, recovery=pastcpa: p_los=0 (0/10000)
[608/1080] dpsi=102.0, pos_ci95=10.0, vel_ci95=1.0, recovery=ftr: p_los=0.0448 (448/10000)
[609/1080] dpsi=102.0, pos_ci95=10.0, vel_ci95=1.0, recovery=probabilistic_ftr: p_los=0 (0/10000)
[610/1080] dpsi=102.0, pos_ci95=10.0, vel_ci95=3.0, recovery=pastcpa: p_los=0.0006 (6/10000)
[611/1080] dpsi=102.0, pos_ci95=10.0, vel_ci95=3.0, recovery=ftr: p_los=0.1965 (1965/10000)
[612/1080] dpsi=102.0, pos_ci95=10.0, vel_ci95=3.0, recovery=probabilistic_ftr: p_los=0.0028 (28/10000)
[613/1080] dpsi=104.0, pos_ci95=3.0, vel_ci95=1.0, recovery=pastcpa: p_los=0 (0/10000)
[614/1080] dpsi=104.0, pos_ci95=3.0, vel_ci95=1.0, recovery=ftr: p_los=0.0901 (901/10000)
[615/1080] dpsi=104.0, pos_ci95=3.0, vel_ci95=1.0, recovery=probabilistic_ftr: p_los=0 (0/10000)
[616/1080] dpsi=104.0, pos_ci95=3.0, vel_ci95=3.0, recovery=pastcpa: p_los=0.0003 (3/10000)
[617/1080] dpsi=104.0, pos_ci95=3.0, vel_ci95=3.0, recovery=ftr: p_los=0.2396 (2396/10000)
[618/1080] dpsi=104.0, pos_ci95=3.0, vel_ci95=3.0, recovery=probabilistic_ftr: p_los=0.0047 (47/10000)
[619/1080] dpsi=104.0, pos_ci95=10.0, vel_ci95=1.0, recovery=pastcpa: p_los=0 (0/10000)
[620/1080] dpsi=104.0, pos_ci95=10.0, vel_ci95=1.0, recovery=ftr: p_los=0.045 (450/10000)
[621/1080] dpsi=104.0, pos_ci95=10.0, vel_ci95=1.0, recovery=probabilistic_ftr: p_los=0 (0/10000)
[622/1080] dpsi=104.0, pos_ci95=10.0, vel_ci95=3.0, recovery=pastcpa: p_los=0.0007 (7/10000)
[623/1080] dpsi=104.0, pos_ci95=10.0, vel_ci95=3.0, recovery=ftr: p_los=0.2033 (2033/10000)
[624/1080] dpsi=104.0, pos_ci95=10.0, vel_ci95=3.0, recovery=probabilistic_ftr: p_los=0.0041 (41/10000)
[625/1080] dpsi=106.0, pos_ci95=3.0, vel_ci95=1.0, recovery=pastcpa: p_los=0 (0/10000)
[626/1080] dpsi=106.0, pos_ci95=3.0, vel_ci95=1.0, recovery=ftr: p_los=0.0872 (872/10000)
[627/1080] dpsi=106.0, pos_ci95=3.0, vel_ci95=1.0, recovery=probabilistic_ftr: p_los=0.0005 (5/10000)
[628/1080] dpsi=106.0, pos_ci95=3.0, vel_ci95=3.0, recovery=pastcpa: p_los=0.0008 (8/10000)
[629/1080] dpsi=106.0, pos_ci95=3.0, vel_ci95=3.0, recovery=ftr: p_los=0.2406 (2406/10000)
[630/1080] dpsi=106.0, pos_ci95=3.0, vel_ci95=3.0, recovery=probabilistic_ftr: p_los=0.0044 (44/10000)
[631/1080] dpsi=106.0, pos_ci95=10.0, vel_ci95=1.0, recovery=pastcpa: p_los=0 (0/10000)
[632/1080] dpsi=106.0, pos_ci95=10.0, vel_ci95=1.0, recovery=ftr: p_los=0.0486 (486/10000)
[633/1080] dpsi=106.0, pos_ci95=10.0, vel_ci95=1.0, recovery=probabilistic_ftr: p_los=0 (0/10000)
[634/1080] dpsi=106.0, pos_ci95=10.0, vel_ci95=3.0, recovery=pastcpa: p_los=0.0005 (5/10000)
[635/1080] dpsi=106.0, pos_ci95=10.0, vel_ci95=3.0, recovery=ftr: p_los=0.2006 (2006/10000)
[636/1080] dpsi=106.0, pos_ci95=10.0, vel_ci95=3.0, recovery=probabilistic_ftr: p_los=0.004 (40/10000)
[637/1080] dpsi=108.0, pos_ci95=3.0, vel_ci95=1.0, recovery=pastcpa: p_los=0 (0/10000)
[638/1080] dpsi=108.0, pos_ci95=3.0, vel_ci95=1.0, recovery=ftr: p_los=0.0954 (954/10000)
[639/1080] dpsi=108.0, pos_ci95=3.0, vel_ci95=1.0, recovery=probabilistic_ftr: p_los=0.0002 (2/10000)
[640/1080] dpsi=108.0, pos_ci95=3.0, vel_ci95=3.0, recovery=pastcpa: p_los=0.0002 (2/10000)
[641/1080] dpsi=108.0, pos_ci95=3.0, vel_ci95=3.0, recovery=ftr: p_los=0.2397 (2397/10000)
[642/1080] dpsi=108.0, pos_ci95=3.0, vel_ci95=3.0, recovery=probabilistic_ftr: p_los=0.0044 (44/10000)
[643/1080] dpsi=108.0, pos_ci95=10.0, vel_ci95=1.0, recovery=pastcpa: p_los=0 (0/10000)
[644/1080] dpsi=108.0, pos_ci95=10.0, vel_ci95=1.0, recovery=ftr: p_los=0.0485 (485/10000)
[645/1080] dpsi=108.0, pos_ci95=10.0, vel_ci95=1.0, recovery=probabilistic_ftr: p_los=0 (0/10000)
[646/1080] dpsi=108.0, pos_ci95=10.0, vel_ci95=3.0, recovery=pastcpa: p_los=0.0002 (2/10000)
[647/1080] dpsi=108.0, pos_ci95=10.0, vel_ci95=3.0, recovery=ftr: p_los=0.1986 (1986/10000)
[648/1080] dpsi=108.0, pos_ci95=10.0, vel_ci95=3.0, recovery=probabilistic_ftr: p_los=0.0035 (35/10000)
[649/1080] dpsi=110.0, pos_ci95=3.0, vel_ci95=1.0, recovery=pastcpa: p_los=0 (0/10000)
[650/1080] dpsi=110.0, pos_ci95=3.0, vel_ci95=1.0, recovery=ftr: p_los=0.0933 (933/10000)
[651/1080] dpsi=110.0, pos_ci95=3.0, vel_ci95=1.0, recovery=probabilistic_ftr: p_los=0.0001 (1/10000)
[652/1080] dpsi=110.0, pos_ci95=3.0, vel_ci95=3.0, recovery=pastcpa: p_los=0.0007 (7/10000)
[653/1080] dpsi=110.0, pos_ci95=3.0, vel_ci95=3.0, recovery=ftr: p_los=0.2419 (2419/10000)
[654/1080] dpsi=110.0, pos_ci95=3.0, vel_ci95=3.0, recovery=probabilistic_ftr: p_los=0.0051 (51/10000)
[655/1080] dpsi=110.0, pos_ci95=10.0, vel_ci95=1.0, recovery=pastcpa: p_los=0 (0/10000)
[656/1080] dpsi=110.0, pos_ci95=10.0, vel_ci95=1.0, recovery=ftr: p_los=0.0487 (487/10000)
[657/1080] dpsi=110.0, pos_ci95=10.0, vel_ci95=1.0, recovery=probabilistic_ftr: p_los=0 (0/10000)
[658/1080] dpsi=110.0, pos_ci95=10.0, vel_ci95=3.0, recovery=pastcpa: p_los=0.0004 (4/10000)
[659/1080] dpsi=110.0, pos_ci95=10.0, vel_ci95=3.0, recovery=ftr: p_los=0.2033 (2033/10000)
[660/1080] dpsi=110.0, pos_ci95=10.0, vel_ci95=3.0, recovery=probabilistic_ftr: p_los=0.0037 (37/10000)
[661/1080] dpsi=112.0, pos_ci95=3.0, vel_ci95=1.0, recovery=pastcpa: p_los=0 (0/10000)
[662/1080] dpsi=112.0, pos_ci95=3.0, vel_ci95=1.0, recovery=ftr: p_los=0.0975 (975/10000)
[663/1080] dpsi=112.0, pos_ci95=3.0, vel_ci95=1.0, recovery=probabilistic_ftr: p_los=0 (0/10000)
[664/1080] dpsi=112.0, pos_ci95=3.0, vel_ci95=3.0, recovery=pastcpa: p_los=0.0003 (3/10000)
[665/1080] dpsi=112.0, pos_ci95=3.0, vel_ci95=3.0, recovery=ftr: p_los=0.2457 (2457/10000)
[666/1080] dpsi=112.0, pos_ci95=3.0, vel_ci95=3.0, recovery=probabilistic_ftr: p_los=0.0047 (47/10000)
[667/1080] dpsi=112.0, pos_ci95=10.0, vel_ci95=1.0, recovery=pastcpa: p_los=0 (0/10000)
[668/1080] dpsi=112.0, pos_ci95=10.0, vel_ci95=1.0, recovery=ftr: p_los=0.0519 (519/10000)
[669/1080] dpsi=112.0, pos_ci95=10.0, vel_ci95=1.0, recovery=probabilistic_ftr: p_los=0.0001 (1/10000)
[670/1080] dpsi=112.0, pos_ci95=10.0, vel_ci95=3.0, recovery=pastcpa: p_los=0.0005 (5/10000)
[671/1080] dpsi=112.0, pos_ci95=10.0, vel_ci95=3.0, recovery=ftr: p_los=0.2066 (2066/10000)
[672/1080] dpsi=112.0, pos_ci95=10.0, vel_ci95=3.0, recovery=probabilistic_ftr: p_los=0.0031 (31/10000)
[673/1080] dpsi=114.0, pos_ci95=3.0, vel_ci95=1.0, recovery=pastcpa: p_los=0 (0/10000)
[674/1080] dpsi=114.0, pos_ci95=3.0, vel_ci95=1.0, recovery=ftr: p_los=0.0959 (959/10000)
[675/1080] dpsi=114.0, pos_ci95=3.0, vel_ci95=1.0, recovery=probabilistic_ftr: p_los=0 (0/10000)
[676/1080] dpsi=114.0, pos_ci95=3.0, vel_ci95=3.0, recovery=pastcpa: p_los=0.0006 (6/10000)
[677/1080] dpsi=114.0, pos_ci95=3.0, vel_ci95=3.0, recovery=ftr: p_los=0.2493 (2493/10000)
[678/1080] dpsi=114.0, pos_ci95=3.0, vel_ci95=3.0, recovery=probabilistic_ftr: p_los=0.0056 (56/10000)
[679/1080] dpsi=114.0, pos_ci95=10.0, vel_ci95=1.0, recovery=pastcpa: p_los=0 (0/10000)
[680/1080] dpsi=114.0, pos_ci95=10.0, vel_ci95=1.0, recovery=ftr: p_los=0.0537 (537/10000)
[681/1080] dpsi=114.0, pos_ci95=10.0, vel_ci95=1.0, recovery=probabilistic_ftr: p_los=0 (0/10000)
[682/1080] dpsi=114.0, pos_ci95=10.0, vel_ci95=3.0, recovery=pastcpa: p_los=0.0003 (3/10000)
[683/1080] dpsi=114.0, pos_ci95=10.0, vel_ci95=3.0, recovery=ftr: p_los=0.2056 (2056/10000)
[684/1080] dpsi=114.0, pos_ci95=10.0, vel_ci95=3.0, recovery=probabilistic_ftr: p_los=0.0038 (38/10000)
[685/1080] dpsi=116.0, pos_ci95=3.0, vel_ci95=1.0, recovery=pastcpa: p_los=0 (0/10000)
[686/1080] dpsi=116.0, pos_ci95=3.0, vel_ci95=1.0, recovery=ftr: p_los=0.0983 (983/10000)
[687/1080] dpsi=116.0, pos_ci95=3.0, vel_ci95=1.0, recovery=probabilistic_ftr: p_los=0 (0/10000)
[688/1080] dpsi=116.0, pos_ci95=3.0, vel_ci95=3.0, recovery=pastcpa: p_los=0.0005 (5/10000)
[689/1080] dpsi=116.0, pos_ci95=3.0, vel_ci95=3.0, recovery=ftr: p_los=0.2533 (2533/10000)
[690/1080] dpsi=116.0, pos_ci95=3.0, vel_ci95=3.0, recovery=probabilistic_ftr: p_los=0.0068 (68/10000)
[691/1080] dpsi=116.0, pos_ci95=10.0, vel_ci95=1.0, recovery=pastcpa: p_los=0 (0/10000)
[692/1080] dpsi=116.0, pos_ci95=10.0, vel_ci95=1.0, recovery=ftr: p_los=0.0509 (509/10000)
[693/1080] dpsi=116.0, pos_ci95=10.0, vel_ci95=1.0, recovery=probabilistic_ftr: p_los=0.0001 (1/10000)
[694/1080] dpsi=116.0, pos_ci95=10.0, vel_ci95=3.0, recovery=pastcpa: p_los=0.0003 (3/10000)
[695/1080] dpsi=116.0, pos_ci95=10.0, vel_ci95=3.0, recovery=ftr: p_los=0.2075 (2075/10000)
[696/1080] dpsi=116.0, pos_ci95=10.0, vel_ci95=3.0, recovery=probabilistic_ftr: p_los=0.004 (40/10000)
[697/1080] dpsi=118.0, pos_ci95=3.0, vel_ci95=1.0, recovery=pastcpa: p_los=0 (0/10000)
[698/1080] dpsi=118.0, pos_ci95=3.0, vel_ci95=1.0, recovery=ftr: p_los=0.0973 (973/10000)
[699/1080] dpsi=118.0, pos_ci95=3.0, vel_ci95=1.0, recovery=probabilistic_ftr: p_los=0.0001 (1/10000)
[700/1080] dpsi=118.0, pos_ci95=3.0, vel_ci95=3.0, recovery=pastcpa: p_los=0.0004 (4/10000)
[701/1080] dpsi=118.0, pos_ci95=3.0, vel_ci95=3.0, recovery=ftr: p_los=0.2536 (2536/10000)
[702/1080] dpsi=118.0, pos_ci95=3.0, vel_ci95=3.0, recovery=probabilistic_ftr: p_los=0.0062 (62/10000)
[703/1080] dpsi=118.0, pos_ci95=10.0, vel_ci95=1.0, recovery=pastcpa: p_los=0 (0/10000)
[704/1080] dpsi=118.0, pos_ci95=10.0, vel_ci95=1.0, recovery=ftr: p_los=0.0541 (541/10000)
[705/1080] dpsi=118.0, pos_ci95=10.0, vel_ci95=1.0, recovery=probabilistic_ftr: p_los=0 (0/10000)
[706/1080] dpsi=118.0, pos_ci95=10.0, vel_ci95=3.0, recovery=pastcpa: p_los=0.0003 (3/10000)
[707/1080] dpsi=118.0, pos_ci95=10.0, vel_ci95=3.0, recovery=ftr: p_los=0.2099 (2099/10000)
[708/1080] dpsi=118.0, pos_ci95=10.0, vel_ci95=3.0, recovery=probabilistic_ftr: p_los=0.005 (50/10000)
[709/1080] dpsi=120.0, pos_ci95=3.0, vel_ci95=1.0, recovery=pastcpa: p_los=0 (0/10000)
[710/1080] dpsi=120.0, pos_ci95=3.0, vel_ci95=1.0, recovery=ftr: p_los=0.104 (1040/10000)
[711/1080] dpsi=120.0, pos_ci95=3.0, vel_ci95=1.0, recovery=probabilistic_ftr: p_los=0.0002 (2/10000)
[712/1080] dpsi=120.0, pos_ci95=3.0, vel_ci95=3.0, recovery=pastcpa: p_los=0.0004 (4/10000)
[713/1080] dpsi=120.0, pos_ci95=3.0, vel_ci95=3.0, recovery=ftr: p_los=0.2518 (2518/10000)
[714/1080] dpsi=120.0, pos_ci95=3.0, vel_ci95=3.0, recovery=probabilistic_ftr: p_los=0.0058 (58/10000)
[715/1080] dpsi=120.0, pos_ci95=10.0, vel_ci95=1.0, recovery=pastcpa: p_los=0 (0/10000)
[716/1080] dpsi=120.0, pos_ci95=10.0, vel_ci95=1.0, recovery=ftr: p_los=0.052 (520/10000)
[717/1080] dpsi=120.0, pos_ci95=10.0, vel_ci95=1.0, recovery=probabilistic_ftr: p_los=0 (0/10000)
[718/1080] dpsi=120.0, pos_ci95=10.0, vel_ci95=3.0, recovery=pastcpa: p_los=0.0006 (6/10000)
[719/1080] dpsi=120.0, pos_ci95=10.0, vel_ci95=3.0, recovery=ftr: p_los=0.2244 (2244/10000)
[720/1080] dpsi=120.0, pos_ci95=10.0, vel_ci95=3.0, recovery=probabilistic_ftr: p_los=0.0043 (43/10000)
[721/1080] dpsi=122.0, pos_ci95=3.0, vel_ci95=1.0, recovery=pastcpa: p_los=0 (0/10000)
[722/1080] dpsi=122.0, pos_ci95=3.0, vel_ci95=1.0, recovery=ftr: p_los=0.1013 (1013/10000)
[723/1080] dpsi=122.0, pos_ci95=3.0, vel_ci95=1.0, recovery=probabilistic_ftr: p_los=0.0002 (2/10000)
[724/1080] dpsi=122.0, pos_ci95=3.0, vel_ci95=3.0, recovery=pastcpa: p_los=0.0006 (6/10000)
[725/1080] dpsi=122.0, pos_ci95=3.0, vel_ci95=3.0, recovery=ftr: p_los=0.2528 (2528/10000)
[726/1080] dpsi=122.0, pos_ci95=3.0, vel_ci95=3.0, recovery=probabilistic_ftr: p_los=0.0061 (61/10000)
[727/1080] dpsi=122.0, pos_ci95=10.0, vel_ci95=1.0, recovery=pastcpa: p_los=0 (0/10000)
[728/1080] dpsi=122.0, pos_ci95=10.0, vel_ci95=1.0, recovery=ftr: p_los=0.0554 (554/10000)
[729/1080] dpsi=122.0, pos_ci95=10.0, vel_ci95=1.0, recovery=probabilistic_ftr: p_los=0 (0/10000)
[730/1080] dpsi=122.0, pos_ci95=10.0, vel_ci95=3.0, recovery=pastcpa: p_los=0.0003 (3/10000)
[731/1080] dpsi=122.0, pos_ci95=10.0, vel_ci95=3.0, recovery=ftr: p_los=0.2193 (2193/10000)
[732/1080] dpsi=122.0, pos_ci95=10.0, vel_ci95=3.0, recovery=probabilistic_ftr: p_los=0.0053 (53/10000)
[733/1080] dpsi=124.0, pos_ci95=3.0, vel_ci95=1.0, recovery=pastcpa: p_los=0 (0/10000)
[734/1080] dpsi=124.0, pos_ci95=3.0, vel_ci95=1.0, recovery=ftr: p_los=0.1003 (1003/10000)
[735/1080] dpsi=124.0, pos_ci95=3.0, vel_ci95=1.0, recovery=probabilistic_ftr: p_los=0 (0/10000)
[736/1080] dpsi=124.0, pos_ci95=3.0, vel_ci95=3.0, recovery=pastcpa: p_los=0.0006 (6/10000)
[737/1080] dpsi=124.0, pos_ci95=3.0, vel_ci95=3.0, recovery=ftr: p_los=0.256 (2560/10000)
[738/1080] dpsi=124.0, pos_ci95=3.0, vel_ci95=3.0, recovery=probabilistic_ftr: p_los=0.0056 (56/10000)
[739/1080] dpsi=124.0, pos_ci95=10.0, vel_ci95=1.0, recovery=pastcpa: p_los=0 (0/10000)
[740/1080] dpsi=124.0, pos_ci95=10.0, vel_ci95=1.0, recovery=ftr: p_los=0.0543 (543/10000)
[741/1080] dpsi=124.0, pos_ci95=10.0, vel_ci95=1.0, recovery=probabilistic_ftr: p_los=0 (0/10000)
[742/1080] dpsi=124.0, pos_ci95=10.0, vel_ci95=3.0, recovery=pastcpa: p_los=0.0003 (3/10000)
[743/1080] dpsi=124.0, pos_ci95=10.0, vel_ci95=3.0, recovery=ftr: p_los=0.2141 (2141/10000)
[744/1080] dpsi=124.0, pos_ci95=10.0, vel_ci95=3.0, recovery=probabilistic_ftr: p_los=0.0049 (49/10000)
[745/1080] dpsi=126.0, pos_ci95=3.0, vel_ci95=1.0, recovery=pastcpa: p_los=0 (0/10000)
[746/1080] dpsi=126.0, pos_ci95=3.0, vel_ci95=1.0, recovery=ftr: p_los=0.104 (1040/10000)
[747/1080] dpsi=126.0, pos_ci95=3.0, vel_ci95=1.0, recovery=probabilistic_ftr: p_los=0 (0/10000)
[748/1080] dpsi=126.0, pos_ci95=3.0, vel_ci95=3.0, recovery=pastcpa: p_los=0.0005 (5/10000)
[749/1080] dpsi=126.0, pos_ci95=3.0, vel_ci95=3.0, recovery=ftr: p_los=0.2577 (2577/10000)
[750/1080] dpsi=126.0, pos_ci95=3.0, vel_ci95=3.0, recovery=probabilistic_ftr: p_los=0.0065 (65/10000)
[751/1080] dpsi=126.0, pos_ci95=10.0, vel_ci95=1.0, recovery=pastcpa: p_los=0 (0/10000)
[752/1080] dpsi=126.0, pos_ci95=10.0, vel_ci95=1.0, recovery=ftr: p_los=0.0583 (583/10000)
[753/1080] dpsi=126.0, pos_ci95=10.0, vel_ci95=1.0, recovery=probabilistic_ftr: p_los=0 (0/10000)
[754/1080] dpsi=126.0, pos_ci95=10.0, vel_ci95=3.0, recovery=pastcpa: p_los=0.0002 (2/10000)
[755/1080] dpsi=126.0, pos_ci95=10.0, vel_ci95=3.0, recovery=ftr: p_los=0.219 (2190/10000)
[756/1080] dpsi=126.0, pos_ci95=10.0, vel_ci95=3.0, recovery=probabilistic_ftr: p_los=0.003 (30/10000)
[757/1080] dpsi=128.0, pos_ci95=3.0, vel_ci95=1.0, recovery=pastcpa: p_los=0 (0/10000)
[758/1080] dpsi=128.0, pos_ci95=3.0, vel_ci95=1.0, recovery=ftr: p_los=0.1136 (1136/10000)
[759/1080] dpsi=128.0, pos_ci95=3.0, vel_ci95=1.0, recovery=probabilistic_ftr: p_los=0 (0/10000)
[760/1080] dpsi=128.0, pos_ci95=3.0, vel_ci95=3.0, recovery=pastcpa: p_los=0.0003 (3/10000)
[761/1080] dpsi=128.0, pos_ci95=3.0, vel_ci95=3.0, recovery=ftr: p_los=0.2626 (2626/10000)
[762/1080] dpsi=128.0, pos_ci95=3.0, vel_ci95=3.0, recovery=probabilistic_ftr: p_los=0.0076 (76/10000)
[763/1080] dpsi=128.0, pos_ci95=10.0, vel_ci95=1.0, recovery=pastcpa: p_los=0 (0/10000)
[764/1080] dpsi=128.0, pos_ci95=10.0, vel_ci95=1.0, recovery=ftr: p_los=0.0585 (585/10000)
[765/1080] dpsi=128.0, pos_ci95=10.0, vel_ci95=1.0, recovery=probabilistic_ftr: p_los=0.0001 (1/10000)
[766/1080] dpsi=128.0, pos_ci95=10.0, vel_ci95=3.0, recovery=pastcpa: p_los=0.0005 (5/10000)
[767/1080] dpsi=128.0, pos_ci95=10.0, vel_ci95=3.0, recovery=ftr: p_los=0.2202 (2202/10000)
[768/1080] dpsi=128.0, pos_ci95=10.0, vel_ci95=3.0, recovery=probabilistic_ftr: p_los=0.0041 (41/10000)
[769/1080] dpsi=130.0, pos_ci95=3.0, vel_ci95=1.0, recovery=pastcpa: p_los=0 (0/10000)
[770/1080] dpsi=130.0, pos_ci95=3.0, vel_ci95=1.0, recovery=ftr: p_los=0.114 (1140/10000)
[771/1080] dpsi=130.0, pos_ci95=3.0, vel_ci95=1.0, recovery=probabilistic_ftr: p_los=0 (0/10000)
[772/1080] dpsi=130.0, pos_ci95=3.0, vel_ci95=3.0, recovery=pastcpa: p_los=0.0005 (5/10000)
[773/1080] dpsi=130.0, pos_ci95=3.0, vel_ci95=3.0, recovery=ftr: p_los=0.2658 (2658/10000)
[774/1080] dpsi=130.0, pos_ci95=3.0, vel_ci95=3.0, recovery=probabilistic_ftr: p_los=0.0075 (75/10000)
[775/1080] dpsi=130.0, pos_ci95=10.0, vel_ci95=1.0, recovery=pastcpa: p_los=0 (0/10000)
[776/1080] dpsi=130.0, pos_ci95=10.0, vel_ci95=1.0, recovery=ftr: p_los=0.0583 (583/10000)
[777/1080] dpsi=130.0, pos_ci95=10.0, vel_ci95=1.0, recovery=probabilistic_ftr: p_los=0 (0/10000)
[778/1080] dpsi=130.0, pos_ci95=10.0, vel_ci95=3.0, recovery=pastcpa: p_los=0.0001 (1/10000)
[779/1080] dpsi=130.0, pos_ci95=10.0, vel_ci95=3.0, recovery=ftr: p_los=0.2259 (2259/10000)
[780/1080] dpsi=130.0, pos_ci95=10.0, vel_ci95=3.0, recovery=probabilistic_ftr: p_los=0.0049 (49/10000)
[781/1080] dpsi=132.0, pos_ci95=3.0, vel_ci95=1.0, recovery=pastcpa: p_los=0 (0/10000)
[782/1080] dpsi=132.0, pos_ci95=3.0, vel_ci95=1.0, recovery=ftr: p_los=0.1131 (1131/10000)
[783/1080] dpsi=132.0, pos_ci95=3.0, vel_ci95=1.0, recovery=probabilistic_ftr: p_los=0.0001 (1/10000)
[784/1080] dpsi=132.0, pos_ci95=3.0, vel_ci95=3.0, recovery=pastcpa: p_los=0.0002 (2/10000)
[785/1080] dpsi=132.0, pos_ci95=3.0, vel_ci95=3.0, recovery=ftr: p_los=0.264 (2640/10000)
[786/1080] dpsi=132.0, pos_ci95=3.0, vel_ci95=3.0, recovery=probabilistic_ftr: p_los=0.0072 (72/10000)
[787/1080] dpsi=132.0, pos_ci95=10.0, vel_ci95=1.0, recovery=pastcpa: p_los=0 (0/10000)
[788/1080] dpsi=132.0, pos_ci95=10.0, vel_ci95=1.0, recovery=ftr: p_los=0.0618 (618/10000)
[789/1080] dpsi=132.0, pos_ci95=10.0, vel_ci95=1.0, recovery=probabilistic_ftr: p_los=0 (0/10000)
[790/1080] dpsi=132.0, pos_ci95=10.0, vel_ci95=3.0, recovery=pastcpa: p_los=0 (0/10000)
[791/1080] dpsi=132.0, pos_ci95=10.0, vel_ci95=3.0, recovery=ftr: p_los=0.2289 (2289/10000)
[792/1080] dpsi=132.0, pos_ci95=10.0, vel_ci95=3.0, recovery=probabilistic_ftr: p_los=0.0053 (53/10000)
[793/1080] dpsi=134.0, pos_ci95=3.0, vel_ci95=1.0, recovery=pastcpa: p_los=0 (0/10000)
[794/1080] dpsi=134.0, pos_ci95=3.0, vel_ci95=1.0, recovery=ftr: p_los=0.1175 (1175/10000)
[795/1080] dpsi=134.0, pos_ci95=3.0, vel_ci95=1.0, recovery=probabilistic_ftr: p_los=0 (0/10000)
[796/1080] dpsi=134.0, pos_ci95=3.0, vel_ci95=3.0, recovery=pastcpa: p_los=0.0005 (5/10000)
[797/1080] dpsi=134.0, pos_ci95=3.0, vel_ci95=3.0, recovery=ftr: p_los=0.2726 (2726/10000)
[798/1080] dpsi=134.0, pos_ci95=3.0, vel_ci95=3.0, recovery=probabilistic_ftr: p_los=0.0079 (79/10000)
[799/1080] dpsi=134.0, pos_ci95=10.0, vel_ci95=1.0, recovery=pastcpa: p_los=0 (0/10000)
[800/1080] dpsi=134.0, pos_ci95=10.0, vel_ci95=1.0, recovery=ftr: p_los=0.0635 (635/10000)
[801/1080] dpsi=134.0, pos_ci95=10.0, vel_ci95=1.0, recovery=probabilistic_ftr: p_los=0 (0/10000)
[802/1080] dpsi=134.0, pos_ci95=10.0, vel_ci95=3.0, recovery=pastcpa: p_los=0.0004 (4/10000)
[803/1080] dpsi=134.0, pos_ci95=10.0, vel_ci95=3.0, recovery=ftr: p_los=0.23 (2300/10000)
[804/1080] dpsi=134.0, pos_ci95=10.0, vel_ci95=3.0, recovery=probabilistic_ftr: p_los=0.0047 (47/10000)
[805/1080] dpsi=136.0, pos_ci95=3.0, vel_ci95=1.0, recovery=pastcpa: p_los=0 (0/10000)
[806/1080] dpsi=136.0, pos_ci95=3.0, vel_ci95=1.0, recovery=ftr: p_los=0.1212 (1212/10000)
[807/1080] dpsi=136.0, pos_ci95=3.0, vel_ci95=1.0, recovery=probabilistic_ftr: p_los=0.0001 (1/10000)
[808/1080] dpsi=136.0, pos_ci95=3.0, vel_ci95=3.0, recovery=pastcpa: p_los=0.0003 (3/10000)
[809/1080] dpsi=136.0, pos_ci95=3.0, vel_ci95=3.0, recovery=ftr: p_los=0.2663 (2663/10000)
[810/1080] dpsi=136.0, pos_ci95=3.0, vel_ci95=3.0, recovery=probabilistic_ftr: p_los=0.0067 (67/10000)
[811/1080] dpsi=136.0, pos_ci95=10.0, vel_ci95=1.0, recovery=pastcpa: p_los=0 (0/10000)
[812/1080] dpsi=136.0, pos_ci95=10.0, vel_ci95=1.0, recovery=ftr: p_los=0.0616 (616/10000)
[813/1080] dpsi=136.0, pos_ci95=10.0, vel_ci95=1.0, recovery=probabilistic_ftr: p_los=0 (0/10000)
[814/1080] dpsi=136.0, pos_ci95=10.0, vel_ci95=3.0, recovery=pastcpa: p_los=0.0006 (6/10000)
[815/1080] dpsi=136.0, pos_ci95=10.0, vel_ci95=3.0, recovery=ftr: p_los=0.221 (2210/10000)
[816/1080] dpsi=136.0, pos_ci95=10.0, vel_ci95=3.0, recovery=probabilistic_ftr: p_los=0.0053 (53/10000)
[817/1080] dpsi=138.0, pos_ci95=3.0, vel_ci95=1.0, recovery=pastcpa: p_los=0 (0/10000)
[818/1080] dpsi=138.0, pos_ci95=3.0, vel_ci95=1.0, recovery=ftr: p_los=0.1169 (1169/10000)
[819/1080] dpsi=138.0, pos_ci95=3.0, vel_ci95=1.0, recovery=probabilistic_ftr: p_los=0.0003 (3/10000)
[820/1080] dpsi=138.0, pos_ci95=3.0, vel_ci95=3.0, recovery=pastcpa: p_los=0.0002 (2/10000)
[821/1080] dpsi=138.0, pos_ci95=3.0, vel_ci95=3.0, recovery=ftr: p_los=0.2678 (2678/10000)
[822/1080] dpsi=138.0, pos_ci95=3.0, vel_ci95=3.0, recovery=probabilistic_ftr: p_los=0.0066 (66/10000)
[823/1080] dpsi=138.0, pos_ci95=10.0, vel_ci95=1.0, recovery=pastcpa: p_los=0 (0/10000)
[824/1080] dpsi=138.0, pos_ci95=10.0, vel_ci95=1.0, recovery=ftr: p_los=0.0655 (655/10000)
[825/1080] dpsi=138.0, pos_ci95=10.0, vel_ci95=1.0, recovery=probabilistic_ftr: p_los=0.0001 (1/10000)
[826/1080] dpsi=138.0, pos_ci95=10.0, vel_ci95=3.0, recovery=pastcpa: p_los=0.0002 (2/10000)
[827/1080] dpsi=138.0, pos_ci95=10.0, vel_ci95=3.0, recovery=ftr: p_los=0.2245 (2245/10000)
[828/1080] dpsi=138.0, pos_ci95=10.0, vel_ci95=3.0, recovery=probabilistic_ftr: p_los=0.005 (50/10000)
[829/1080] dpsi=140.0, pos_ci95=3.0, vel_ci95=1.0, recovery=pastcpa: p_los=0 (0/10000)
[830/1080] dpsi=140.0, pos_ci95=3.0, vel_ci95=1.0, recovery=ftr: p_los=0.1261 (1261/10000)
[831/1080] dpsi=140.0, pos_ci95=3.0, vel_ci95=1.0, recovery=probabilistic_ftr: p_los=0.0001 (1/10000)
[832/1080] dpsi=140.0, pos_ci95=3.0, vel_ci95=3.0, recovery=pastcpa: p_los=0.0005 (5/10000)
[833/1080] dpsi=140.0, pos_ci95=3.0, vel_ci95=3.0, recovery=ftr: p_los=0.2727 (2727/10000)
[834/1080] dpsi=140.0, pos_ci95=3.0, vel_ci95=3.0, recovery=probabilistic_ftr: p_los=0.0075 (75/10000)
[835/1080] dpsi=140.0, pos_ci95=10.0, vel_ci95=1.0, recovery=pastcpa: p_los=0 (0/10000)
[836/1080] dpsi=140.0, pos_ci95=10.0, vel_ci95=1.0, recovery=ftr: p_los=0.06 (600/10000)
[837/1080] dpsi=140.0, pos_ci95=10.0, vel_ci95=1.0, recovery=probabilistic_ftr: p_los=0 (0/10000)
[838/1080] dpsi=140.0, pos_ci95=10.0, vel_ci95=3.0, recovery=pastcpa: p_los=0.0001 (1/10000)
[839/1080] dpsi=140.0, pos_ci95=10.0, vel_ci95=3.0, recovery=ftr: p_los=0.2378 (2378/10000)
[840/1080] dpsi=140.0, pos_ci95=10.0, vel_ci95=3.0, recovery=probabilistic_ftr: p_los=0.0045 (45/10000)
[841/1080] dpsi=142.0, pos_ci95=3.0, vel_ci95=1.0, recovery=pastcpa: p_los=0 (0/10000)
[842/1080] dpsi=142.0, pos_ci95=3.0, vel_ci95=1.0, recovery=ftr: p_los=0.1323 (1323/10000)
[843/1080] dpsi=142.0, pos_ci95=3.0, vel_ci95=1.0, recovery=probabilistic_ftr: p_los=0.0003 (3/10000)
[844/1080] dpsi=142.0, pos_ci95=3.0, vel_ci95=3.0, recovery=pastcpa: p_los=0.0006 (6/10000)
[845/1080] dpsi=142.0, pos_ci95=3.0, vel_ci95=3.0, recovery=ftr: p_los=0.2713 (2713/10000)
[846/1080] dpsi=142.0, pos_ci95=3.0, vel_ci95=3.0, recovery=probabilistic_ftr: p_los=0.0068 (68/10000)
[847/1080] dpsi=142.0, pos_ci95=10.0, vel_ci95=1.0, recovery=pastcpa: p_los=0 (0/10000)
[848/1080] dpsi=142.0, pos_ci95=10.0, vel_ci95=1.0, recovery=ftr: p_los=0.0592 (592/10000)
[849/1080] dpsi=142.0, pos_ci95=10.0, vel_ci95=1.0, recovery=probabilistic_ftr: p_los=0 (0/10000)
[850/1080] dpsi=142.0, pos_ci95=10.0, vel_ci95=3.0, recovery=pastcpa: p_los=0.0002 (2/10000)
[851/1080] dpsi=142.0, pos_ci95=10.0, vel_ci95=3.0, recovery=ftr: p_los=0.2334 (2334/10000)
[852/1080] dpsi=142.0, pos_ci95=10.0, vel_ci95=3.0, recovery=probabilistic_ftr: p_los=0.0059 (59/10000)
[853/1080] dpsi=144.0, pos_ci95=3.0, vel_ci95=1.0, recovery=pastcpa: p_los=0 (0/10000)
[854/1080] dpsi=144.0, pos_ci95=3.0, vel_ci95=1.0, recovery=ftr: p_los=0.1242 (1242/10000)
[855/1080] dpsi=144.0, pos_ci95=3.0, vel_ci95=1.0, recovery=probabilistic_ftr: p_los=0 (0/10000)
[856/1080] dpsi=144.0, pos_ci95=3.0, vel_ci95=3.0, recovery=pastcpa: p_los=0.0001 (1/10000)
[857/1080] dpsi=144.0, pos_ci95=3.0, vel_ci95=3.0, recovery=ftr: p_los=0.2701 (2701/10000)
[858/1080] dpsi=144.0, pos_ci95=3.0, vel_ci95=3.0, recovery=probabilistic_ftr: p_los=0.0067 (67/10000)
[859/1080] dpsi=144.0, pos_ci95=10.0, vel_ci95=1.0, recovery=pastcpa: p_los=0 (0/10000)
[860/1080] dpsi=144.0, pos_ci95=10.0, vel_ci95=1.0, recovery=ftr: p_los=0.0653 (653/10000)
[861/1080] dpsi=144.0, pos_ci95=10.0, vel_ci95=1.0, recovery=probabilistic_ftr: p_los=0 (0/10000)
[862/1080] dpsi=144.0, pos_ci95=10.0, vel_ci95=3.0, recovery=pastcpa: p_los=0.0004 (4/10000)
[863/1080] dpsi=144.0, pos_ci95=10.0, vel_ci95=3.0, recovery=ftr: p_los=0.2326 (2326/10000)
[864/1080] dpsi=144.0, pos_ci95=10.0, vel_ci95=3.0, recovery=probabilistic_ftr: p_los=0.0054 (54/10000)
[865/1080] dpsi=146.0, pos_ci95=3.0, vel_ci95=1.0, recovery=pastcpa: p_los=0 (0/10000)
[866/1080] dpsi=146.0, pos_ci95=3.0, vel_ci95=1.0, recovery=ftr: p_los=0.1272 (1272/10000)
[867/1080] dpsi=146.0, pos_ci95=3.0, vel_ci95=1.0, recovery=probabilistic_ftr: p_los=0.0003 (3/10000)
[868/1080] dpsi=146.0, pos_ci95=3.0, vel_ci95=3.0, recovery=pastcpa: p_los=0.0003 (3/10000)
[869/1080] dpsi=146.0, pos_ci95=3.0, vel_ci95=3.0, recovery=ftr: p_los=0.2685 (2685/10000)
[870/1080] dpsi=146.0, pos_ci95=3.0, vel_ci95=3.0, recovery=probabilistic_ftr: p_los=0.0058 (58/10000)
[871/1080] dpsi=146.0, pos_ci95=10.0, vel_ci95=1.0, recovery=pastcpa: p_los=0 (0/10000)
[872/1080] dpsi=146.0, pos_ci95=10.0, vel_ci95=1.0, recovery=ftr: p_los=0.0648 (648/10000)
[873/1080] dpsi=146.0, pos_ci95=10.0, vel_ci95=1.0, recovery=probabilistic_ftr: p_los=0.0001 (1/10000)
[874/1080] dpsi=146.0, pos_ci95=10.0, vel_ci95=3.0, recovery=pastcpa: p_los=0.0002 (2/10000)
[875/1080] dpsi=146.0, pos_ci95=10.0, vel_ci95=3.0, recovery=ftr: p_los=0.2429 (2429/10000)
[876/1080] dpsi=146.0, pos_ci95=10.0, vel_ci95=3.0, recovery=probabilistic_ftr: p_los=0.0046 (46/10000)
[877/1080] dpsi=148.0, pos_ci95=3.0, vel_ci95=1.0, recovery=pastcpa: p_los=0 (0/10000)
[878/1080] dpsi=148.0, pos_ci95=3.0, vel_ci95=1.0, recovery=ftr: p_los=0.1278 (1278/10000)
[879/1080] dpsi=148.0, pos_ci95=3.0, vel_ci95=1.0, recovery=probabilistic_ftr: p_los=0.0001 (1/10000)
[880/1080] dpsi=148.0, pos_ci95=3.0, vel_ci95=3.0, recovery=pastcpa: p_los=0.0002 (2/10000)
[881/1080] dpsi=148.0, pos_ci95=3.0, vel_ci95=3.0, recovery=ftr: p_los=0.2737 (2737/10000)
[882/1080] dpsi=148.0, pos_ci95=3.0, vel_ci95=3.0, recovery=probabilistic_ftr: p_los=0.0078 (78/10000)
[883/1080] dpsi=148.0, pos_ci95=10.0, vel_ci95=1.0, recovery=pastcpa: p_los=0 (0/10000)
[884/1080] dpsi=148.0, pos_ci95=10.0, vel_ci95=1.0, recovery=ftr: p_los=0.0627 (627/10000)
[885/1080] dpsi=148.0, pos_ci95=10.0, vel_ci95=1.0, recovery=probabilistic_ftr: p_los=0 (0/10000)
[886/1080] dpsi=148.0, pos_ci95=10.0, vel_ci95=3.0, recovery=pastcpa: p_los=0.0001 (1/10000)
[887/1080] dpsi=148.0, pos_ci95=10.0, vel_ci95=3.0, recovery=ftr: p_los=0.2426 (2426/10000)
[888/1080] dpsi=148.0, pos_ci95=10.0, vel_ci95=3.0, recovery=probabilistic_ftr: p_los=0.0042 (42/10000)
[889/1080] dpsi=150.0, pos_ci95=3.0, vel_ci95=1.0, recovery=pastcpa: p_los=0 (0/10000)
[890/1080] dpsi=150.0, pos_ci95=3.0, vel_ci95=1.0, recovery=ftr: p_los=0.131 (1310/10000)
[891/1080] dpsi=150.0, pos_ci95=3.0, vel_ci95=1.0, recovery=probabilistic_ftr: p_los=0.0002 (2/10000)
[892/1080] dpsi=150.0, pos_ci95=3.0, vel_ci95=3.0, recovery=pastcpa: p_los=0.0002 (2/10000)
[893/1080] dpsi=150.0, pos_ci95=3.0, vel_ci95=3.0, recovery=ftr: p_los=0.2783 (2783/10000)
[894/1080] dpsi=150.0, pos_ci95=3.0, vel_ci95=3.0, recovery=probabilistic_ftr: p_los=0.0079 (79/10000)
[895/1080] dpsi=150.0, pos_ci95=10.0, vel_ci95=1.0, recovery=pastcpa: p_los=0 (0/10000)
[896/1080] dpsi=150.0, pos_ci95=10.0, vel_ci95=1.0, recovery=ftr: p_los=0.0633 (633/10000)
[897/1080] dpsi=150.0, pos_ci95=10.0, vel_ci95=1.0, recovery=probabilistic_ftr: p_los=0 (0/10000)
[898/1080] dpsi=150.0, pos_ci95=10.0, vel_ci95=3.0, recovery=pastcpa: p_los=0.0001 (1/10000)
[899/1080] dpsi=150.0, pos_ci95=10.0, vel_ci95=3.0, recovery=ftr: p_los=0.2308 (2308/10000)
[900/1080] dpsi=150.0, pos_ci95=10.0, vel_ci95=3.0, recovery=probabilistic_ftr: p_los=0.0045 (45/10000)
[901/1080] dpsi=152.0, pos_ci95=3.0, vel_ci95=1.0, recovery=pastcpa: p_los=0 (0/10000)
[902/1080] dpsi=152.0, pos_ci95=3.0, vel_ci95=1.0, recovery=ftr: p_los=0.1335 (1335/10000)
[903/1080] dpsi=152.0, pos_ci95=3.0, vel_ci95=1.0, recovery=probabilistic_ftr: p_los=0.0001 (1/10000)
[904/1080] dpsi=152.0, pos_ci95=3.0, vel_ci95=3.0, recovery=pastcpa: p_los=0.0002 (2/10000)
[905/1080] dpsi=152.0, pos_ci95=3.0, vel_ci95=3.0, recovery=ftr: p_los=0.2779 (2779/10000)
[906/1080] dpsi=152.0, pos_ci95=3.0, vel_ci95=3.0, recovery=probabilistic_ftr: p_los=0.0077 (77/10000)
[907/1080] dpsi=152.0, pos_ci95=10.0, vel_ci95=1.0, recovery=pastcpa: p_los=0 (0/10000)
[908/1080] dpsi=152.0, pos_ci95=10.0, vel_ci95=1.0, recovery=ftr: p_los=0.0656 (656/10000)
[909/1080] dpsi=152.0, pos_ci95=10.0, vel_ci95=1.0, recovery=probabilistic_ftr: p_los=0 (0/10000)
[910/1080] dpsi=152.0, pos_ci95=10.0, vel_ci95=3.0, recovery=pastcpa: p_los=0.0005 (5/10000)
[911/1080] dpsi=152.0, pos_ci95=10.0, vel_ci95=3.0, recovery=ftr: p_los=0.2361 (2361/10000)
[912/1080] dpsi=152.0, pos_ci95=10.0, vel_ci95=3.0, recovery=probabilistic_ftr: p_los=0.0061 (61/10000)
[913/1080] dpsi=154.0, pos_ci95=3.0, vel_ci95=1.0, recovery=pastcpa: p_los=0 (0/10000)
[914/1080] dpsi=154.0, pos_ci95=3.0, vel_ci95=1.0, recovery=ftr: p_los=0.1355 (1355/10000)
[915/1080] dpsi=154.0, pos_ci95=3.0, vel_ci95=1.0, recovery=probabilistic_ftr: p_los=0.0003 (3/10000)
[916/1080] dpsi=154.0, pos_ci95=3.0, vel_ci95=3.0, recovery=pastcpa: p_los=0.0003 (3/10000)
[917/1080] dpsi=154.0, pos_ci95=3.0, vel_ci95=3.0, recovery=ftr: p_los=0.2811 (2811/10000)
[918/1080] dpsi=154.0, pos_ci95=3.0, vel_ci95=3.0, recovery=probabilistic_ftr: p_los=0.0109 (109/10000)
[919/1080] dpsi=154.0, pos_ci95=10.0, vel_ci95=1.0, recovery=pastcpa: p_los=0 (0/10000)
[920/1080] dpsi=154.0, pos_ci95=10.0, vel_ci95=1.0, recovery=ftr: p_los=0.063 (630/10000)
[921/1080] dpsi=154.0, pos_ci95=10.0, vel_ci95=1.0, recovery=probabilistic_ftr: p_los=0.0002 (2/10000)
[922/1080] dpsi=154.0, pos_ci95=10.0, vel_ci95=3.0, recovery=pastcpa: p_los=0.0001 (1/10000)
[923/1080] dpsi=154.0, pos_ci95=10.0, vel_ci95=3.0, recovery=ftr: p_los=0.238 (2380/10000)
[924/1080] dpsi=154.0, pos_ci95=10.0, vel_ci95=3.0, recovery=probabilistic_ftr: p_los=0.0045 (45/10000)
[925/1080] dpsi=156.0, pos_ci95=3.0, vel_ci95=1.0, recovery=pastcpa: p_los=0 (0/10000)
[926/1080] dpsi=156.0, pos_ci95=3.0, vel_ci95=1.0, recovery=ftr: p_los=0.1443 (1443/10000)
[927/1080] dpsi=156.0, pos_ci95=3.0, vel_ci95=1.0, recovery=probabilistic_ftr: p_los=0.0001 (1/10000)
[928/1080] dpsi=156.0, pos_ci95=3.0, vel_ci95=3.0, recovery=pastcpa: p_los=0.0002 (2/10000)
[929/1080] dpsi=156.0, pos_ci95=3.0, vel_ci95=3.0, recovery=ftr: p_los=0.2729 (2729/10000)
[930/1080] dpsi=156.0, pos_ci95=3.0, vel_ci95=3.0, recovery=probabilistic_ftr: p_los=0.0082 (82/10000)
[931/1080] dpsi=156.0, pos_ci95=10.0, vel_ci95=1.0, recovery=pastcpa: p_los=0 (0/10000)
[932/1080] dpsi=156.0, pos_ci95=10.0, vel_ci95=1.0, recovery=ftr: p_los=0.0643 (643/10000)
[933/1080] dpsi=156.0, pos_ci95=10.0, vel_ci95=1.0, recovery=probabilistic_ftr: p_los=0.0002 (2/10000)
[934/1080] dpsi=156.0, pos_ci95=10.0, vel_ci95=3.0, recovery=pastcpa: p_los=0 (0/10000)
[935/1080] dpsi=156.0, pos_ci95=10.0, vel_ci95=3.0, recovery=ftr: p_los=0.2385 (2385/10000)
[936/1080] dpsi=156.0, pos_ci95=10.0, vel_ci95=3.0, recovery=probabilistic_ftr: p_los=0.0056 (56/10000)
[937/1080] dpsi=158.0, pos_ci95=3.0, vel_ci95=1.0, recovery=pastcpa: p_los=0 (0/10000)
[938/1080] dpsi=158.0, pos_ci95=3.0, vel_ci95=1.0, recovery=ftr: p_los=0.1444 (1444/10000)
[939/1080] dpsi=158.0, pos_ci95=3.0, vel_ci95=1.0, recovery=probabilistic_ftr: p_los=0 (0/10000)
[940/1080] dpsi=158.0, pos_ci95=3.0, vel_ci95=3.0, recovery=pastcpa: p_los=0.0002 (2/10000)
[941/1080] dpsi=158.0, pos_ci95=3.0, vel_ci95=3.0, recovery=ftr: p_los=0.2772 (2772/10000)
[942/1080] dpsi=158.0, pos_ci95=3.0, vel_ci95=3.0, recovery=probabilistic_ftr: p_los=0.0092 (92/10000)
[943/1080] dpsi=158.0, pos_ci95=10.0, vel_ci95=1.0, recovery=pastcpa: p_los=0 (0/10000)
[944/1080] dpsi=158.0, pos_ci95=10.0, vel_ci95=1.0, recovery=ftr: p_los=0.0673 (673/10000)
[945/1080] dpsi=158.0, pos_ci95=10.0, vel_ci95=1.0, recovery=probabilistic_ftr: p_los=0 (0/10000)
[946/1080] dpsi=158.0, pos_ci95=10.0, vel_ci95=3.0, recovery=pastcpa: p_los=0 (0/10000)
[947/1080] dpsi=158.0, pos_ci95=10.0, vel_ci95=3.0, recovery=ftr: p_los=0.2368 (2368/10000)
[948/1080] dpsi=158.0, pos_ci95=10.0, vel_ci95=3.0, recovery=probabilistic_ftr: p_los=0.0042 (42/10000)
[949/1080] dpsi=160.0, pos_ci95=3.0, vel_ci95=1.0, recovery=pastcpa: p_los=0 (0/10000)
[950/1080] dpsi=160.0, pos_ci95=3.0, vel_ci95=1.0, recovery=ftr: p_los=0.1407 (1407/10000)
[951/1080] dpsi=160.0, pos_ci95=3.0, vel_ci95=1.0, recovery=probabilistic_ftr: p_los=0.0002 (2/10000)
[952/1080] dpsi=160.0, pos_ci95=3.0, vel_ci95=3.0, recovery=pastcpa: p_los=0.0002 (2/10000)
[953/1080] dpsi=160.0, pos_ci95=3.0, vel_ci95=3.0, recovery=ftr: p_los=0.2823 (2823/10000)
[954/1080] dpsi=160.0, pos_ci95=3.0, vel_ci95=3.0, recovery=probabilistic_ftr: p_los=0.0104 (104/10000)
[955/1080] dpsi=160.0, pos_ci95=10.0, vel_ci95=1.0, recovery=pastcpa: p_los=0 (0/10000)
[956/1080] dpsi=160.0, pos_ci95=10.0, vel_ci95=1.0, recovery=ftr: p_los=0.0612 (612/10000)
[957/1080] dpsi=160.0, pos_ci95=10.0, vel_ci95=1.0, recovery=probabilistic_ftr: p_los=0 (0/10000)
[958/1080] dpsi=160.0, pos_ci95=10.0, vel_ci95=3.0, recovery=pastcpa: p_los=0.0002 (2/10000)
[959/1080] dpsi=160.0, pos_ci95=10.0, vel_ci95=3.0, recovery=ftr: p_los=0.2373 (2373/10000)
[960/1080] dpsi=160.0, pos_ci95=10.0, vel_ci95=3.0, recovery=probabilistic_ftr: p_los=0.0058 (58/10000)
[961/1080] dpsi=162.0, pos_ci95=3.0, vel_ci95=1.0, recovery=pastcpa: p_los=0 (0/10000)
[962/1080] dpsi=162.0, pos_ci95=3.0, vel_ci95=1.0, recovery=ftr: p_los=0.1413 (1413/10000)
[963/1080] dpsi=162.0, pos_ci95=3.0, vel_ci95=1.0, recovery=probabilistic_ftr: p_los=0.0002 (2/10000)
[964/1080] dpsi=162.0, pos_ci95=3.0, vel_ci95=3.0, recovery=pastcpa: p_los=0.0003 (3/10000)
[965/1080] dpsi=162.0, pos_ci95=3.0, vel_ci95=3.0, recovery=ftr: p_los=0.2755 (2755/10000)
[966/1080] dpsi=162.0, pos_ci95=3.0, vel_ci95=3.0, recovery=probabilistic_ftr: p_los=0.0112 (112/10000)
[967/1080] dpsi=162.0, pos_ci95=10.0, vel_ci95=1.0, recovery=pastcpa: p_los=0 (0/10000)
[968/1080] dpsi=162.0, pos_ci95=10.0, vel_ci95=1.0, recovery=ftr: p_los=0.0671 (671/10000)
[969/1080] dpsi=162.0, pos_ci95=10.0, vel_ci95=1.0, recovery=probabilistic_ftr: p_los=0 (0/10000)
[970/1080] dpsi=162.0, pos_ci95=10.0, vel_ci95=3.0, recovery=pastcpa: p_los=0.0001 (1/10000)
[971/1080] dpsi=162.0, pos_ci95=10.0, vel_ci95=3.0, recovery=ftr: p_los=0.2423 (2423/10000)
[972/1080] dpsi=162.0, pos_ci95=10.0, vel_ci95=3.0, recovery=probabilistic_ftr: p_los=0.0057 (57/10000)
[973/1080] dpsi=164.0, pos_ci95=3.0, vel_ci95=1.0, recovery=pastcpa: p_los=0 (0/10000)
[974/1080] dpsi=164.0, pos_ci95=3.0, vel_ci95=1.0, recovery=ftr: p_los=0.1478 (1478/10000)
[975/1080] dpsi=164.0, pos_ci95=3.0, vel_ci95=1.0, recovery=probabilistic_ftr: p_los=0.0001 (1/10000)
[976/1080] dpsi=164.0, pos_ci95=3.0, vel_ci95=3.0, recovery=pastcpa: p_los=0 (0/10000)
[977/1080] dpsi=164.0, pos_ci95=3.0, vel_ci95=3.0, recovery=ftr: p_los=0.2752 (2752/10000)
[978/1080] dpsi=164.0, pos_ci95=3.0, vel_ci95=3.0, recovery=probabilistic_ftr: p_los=0.0094 (94/10000)
[979/1080] dpsi=164.0, pos_ci95=10.0, vel_ci95=1.0, recovery=pastcpa: p_los=0 (0/10000)
[980/1080] dpsi=164.0, pos_ci95=10.0, vel_ci95=1.0, recovery=ftr: p_los=0.0637 (637/10000)
[981/1080] dpsi=164.0, pos_ci95=10.0, vel_ci95=1.0, recovery=probabilistic_ftr: p_los=0 (0/10000)
[982/1080] dpsi=164.0, pos_ci95=10.0, vel_ci95=3.0, recovery=pastcpa: p_los=0.0003 (3/10000)
[983/1080] dpsi=164.0, pos_ci95=10.0, vel_ci95=3.0, recovery=ftr: p_los=0.2427 (2427/10000)
[984/1080] dpsi=164.0, pos_ci95=10.0, vel_ci95=3.0, recovery=probabilistic_ftr: p_los=0.0063 (63/10000)
[985/1080] dpsi=166.0, pos_ci95=3.0, vel_ci95=1.0, recovery=pastcpa: p_los=0 (0/10000)
[986/1080] dpsi=166.0, pos_ci95=3.0, vel_ci95=1.0, recovery=ftr: p_los=0.1447 (1447/10000)
[987/1080] dpsi=166.0, pos_ci95=3.0, vel_ci95=1.0, recovery=probabilistic_ftr: p_los=0.0001 (1/10000)
[988/1080] dpsi=166.0, pos_ci95=3.0, vel_ci95=3.0, recovery=pastcpa: p_los=0.0003 (3/10000)
[989/1080] dpsi=166.0, pos_ci95=3.0, vel_ci95=3.0, recovery=ftr: p_los=0.2732 (2732/10000)
[990/1080] dpsi=166.0, pos_ci95=3.0, vel_ci95=3.0, recovery=probabilistic_ftr: p_los=0.009 (90/10000)
[991/1080] dpsi=166.0, pos_ci95=10.0, vel_ci95=1.0, recovery=pastcpa: p_los=0 (0/10000)
[992/1080] dpsi=166.0, pos_ci95=10.0, vel_ci95=1.0, recovery=ftr: p_los=0.064 (640/10000)
[993/1080] dpsi=166.0, pos_ci95=10.0, vel_ci95=1.0, recovery=probabilistic_ftr: p_los=0 (0/10000)
[994/1080] dpsi=166.0, pos_ci95=10.0, vel_ci95=3.0, recovery=pastcpa: p_los=0 (0/10000)
[995/1080] dpsi=166.0, pos_ci95=10.0, vel_ci95=3.0, recovery=ftr: p_los=0.24 (2400/10000)
[996/1080] dpsi=166.0, pos_ci95=10.0, vel_ci95=3.0, recovery=probabilistic_ftr: p_los=0.0049 (49/10000)
[997/1080] dpsi=168.0, pos_ci95=3.0, vel_ci95=1.0, recovery=pastcpa: p_los=0 (0/10000)
[998/1080] dpsi=168.0, pos_ci95=3.0, vel_ci95=1.0, recovery=ftr: p_los=0.1459 (1459/10000)
[999/1080] dpsi=168.0, pos_ci95=3.0, vel_ci95=1.0, recovery=probabilistic_ftr: p_los=0.0003 (3/10000)
[1000/1080] dpsi=168.0, pos_ci95=3.0, vel_ci95=3.0, recovery=pastcpa: p_los=0 (0/10000)
[1001/1080] dpsi=168.0, pos_ci95=3.0, vel_ci95=3.0, recovery=ftr: p_los=0.2824 (2824/10000)
[1002/1080] dpsi=168.0, pos_ci95=3.0, vel_ci95=3.0, recovery=probabilistic_ftr: p_los=0.0081 (81/10000)
[1003/1080] dpsi=168.0, pos_ci95=10.0, vel_ci95=1.0, recovery=pastcpa: p_los=0 (0/10000)
[1004/1080] dpsi=168.0, pos_ci95=10.0, vel_ci95=1.0, recovery=ftr: p_los=0.0642 (642/10000)
[1005/1080] dpsi=168.0, pos_ci95=10.0, vel_ci95=1.0, recovery=probabilistic_ftr: p_los=0 (0/10000)
[1006/1080] dpsi=168.0, pos_ci95=10.0, vel_ci95=3.0, recovery=pastcpa: p_los=0.0003 (3/10000)
[1007/1080] dpsi=168.0, pos_ci95=10.0, vel_ci95=3.0, recovery=ftr: p_los=0.2435 (2435/10000)
[1008/1080] dpsi=168.0, pos_ci95=10.0, vel_ci95=3.0, recovery=probabilistic_ftr: p_los=0.0058 (58/10000)
[1009/1080] dpsi=170.0, pos_ci95=3.0, vel_ci95=1.0, recovery=pastcpa: p_los=0 (0/10000)
[1010/1080] dpsi=170.0, pos_ci95=3.0, vel_ci95=1.0, recovery=ftr: p_los=0.1412 (1412/10000)
[1011/1080] dpsi=170.0, pos_ci95=3.0, vel_ci95=1.0, recovery=probabilistic_ftr: p_los=0 (0/10000)
[1012/1080] dpsi=170.0, pos_ci95=3.0, vel_ci95=3.0, recovery=pastcpa: p_los=0.0002 (2/10000)
[1013/1080] dpsi=170.0, pos_ci95=3.0, vel_ci95=3.0, recovery=ftr: p_los=0.2801 (2801/10000)
[1014/1080] dpsi=170.0, pos_ci95=3.0, vel_ci95=3.0, recovery=probabilistic_ftr: p_los=0.0088 (88/10000)
[1015/1080] dpsi=170.0, pos_ci95=10.0, vel_ci95=1.0, recovery=pastcpa: p_los=0 (0/10000)
[1016/1080] dpsi=170.0, pos_ci95=10.0, vel_ci95=1.0, recovery=ftr: p_los=0.0655 (655/10000)
[1017/1080] dpsi=170.0, pos_ci95=10.0, vel_ci95=1.0, recovery=probabilistic_ftr: p_los=0 (0/10000)
[1018/1080] dpsi=170.0, pos_ci95=10.0, vel_ci95=3.0, recovery=pastcpa: p_los=0.0003 (3/10000)
[1019/1080] dpsi=170.0, pos_ci95=10.0, vel_ci95=3.0, recovery=ftr: p_los=0.2488 (2488/10000)
[1020/1080] dpsi=170.0, pos_ci95=10.0, vel_ci95=3.0, recovery=probabilistic_ftr: p_los=0.0056 (56/10000)
[1021/1080] dpsi=172.0, pos_ci95=3.0, vel_ci95=1.0, recovery=pastcpa: p_los=0 (0/10000)
[1022/1080] dpsi=172.0, pos_ci95=3.0, vel_ci95=1.0, recovery=ftr: p_los=0.149 (1490/10000)
[1023/1080] dpsi=172.0, pos_ci95=3.0, vel_ci95=1.0, recovery=probabilistic_ftr: p_los=0 (0/10000)
[1024/1080] dpsi=172.0, pos_ci95=3.0, vel_ci95=3.0, recovery=pastcpa: p_los=0.0003 (3/10000)
[1025/1080] dpsi=172.0, pos_ci95=3.0, vel_ci95=3.0, recovery=ftr: p_los=0.2796 (2796/10000)
[1026/1080] dpsi=172.0, pos_ci95=3.0, vel_ci95=3.0, recovery=probabilistic_ftr: p_los=0.0081 (81/10000)
[1027/1080] dpsi=172.0, pos_ci95=10.0, vel_ci95=1.0, recovery=pastcpa: p_los=0 (0/10000)
[1028/1080] dpsi=172.0, pos_ci95=10.0, vel_ci95=1.0, recovery=ftr: p_los=0.065 (650/10000)
[1029/1080] dpsi=172.0, pos_ci95=10.0, vel_ci95=1.0, recovery=probabilistic_ftr: p_los=0 (0/10000)
[1030/1080] dpsi=172.0, pos_ci95=10.0, vel_ci95=3.0, recovery=pastcpa: p_los=0 (0/10000)
[1031/1080] dpsi=172.0, pos_ci95=10.0, vel_ci95=3.0, recovery=ftr: p_los=0.2423 (2423/10000)
[1032/1080] dpsi=172.0, pos_ci95=10.0, vel_ci95=3.0, recovery=probabilistic_ftr: p_los=0.007 (70/10000)
[1033/1080] dpsi=174.0, pos_ci95=3.0, vel_ci95=1.0, recovery=pastcpa: p_los=0 (0/10000)
[1034/1080] dpsi=174.0, pos_ci95=3.0, vel_ci95=1.0, recovery=ftr: p_los=0.1431 (1431/10000)
[1035/1080] dpsi=174.0, pos_ci95=3.0, vel_ci95=1.0, recovery=probabilistic_ftr: p_los=0.0003 (3/10000)
[1036/1080] dpsi=174.0, pos_ci95=3.0, vel_ci95=3.0, recovery=pastcpa: p_los=0.0003 (3/10000)
[1037/1080] dpsi=174.0, pos_ci95=3.0, vel_ci95=3.0, recovery=ftr: p_los=0.2812 (2812/10000)
[1038/1080] dpsi=174.0, pos_ci95=3.0, vel_ci95=3.0, recovery=probabilistic_ftr: p_los=0.0095 (95/10000)
[1039/1080] dpsi=174.0, pos_ci95=10.0, vel_ci95=1.0, recovery=pastcpa: p_los=0 (0/10000)
[1040/1080] dpsi=174.0, pos_ci95=10.0, vel_ci95=1.0, recovery=ftr: p_los=0.0632 (632/10000)
[1041/1080] dpsi=174.0, pos_ci95=10.0, vel_ci95=1.0, recovery=probabilistic_ftr: p_los=0.0001 (1/10000)
[1042/1080] dpsi=174.0, pos_ci95=10.0, vel_ci95=3.0, recovery=pastcpa: p_los=0.0002 (2/10000)
[1043/1080] dpsi=174.0, pos_ci95=10.0, vel_ci95=3.0, recovery=ftr: p_los=0.2454 (2454/10000)
[1044/1080] dpsi=174.0, pos_ci95=10.0, vel_ci95=3.0, recovery=probabilistic_ftr: p_los=0.0058 (58/10000)
[1045/1080] dpsi=176.0, pos_ci95=3.0, vel_ci95=1.0, recovery=pastcpa: p_los=0 (0/10000)
[1046/1080] dpsi=176.0, pos_ci95=3.0, vel_ci95=1.0, recovery=ftr: p_los=0.1396 (1396/10000)
[1047/1080] dpsi=176.0, pos_ci95=3.0, vel_ci95=1.0, recovery=probabilistic_ftr: p_los=0.0003 (3/10000)
[1048/1080] dpsi=176.0, pos_ci95=3.0, vel_ci95=3.0, recovery=pastcpa: p_los=0.0002 (2/10000)
[1049/1080] dpsi=176.0, pos_ci95=3.0, vel_ci95=3.0, recovery=ftr: p_los=0.289 (2890/10000)
[1050/1080] dpsi=176.0, pos_ci95=3.0, vel_ci95=3.0, recovery=probabilistic_ftr: p_los=0.0077 (77/10000)
[1051/1080] dpsi=176.0, pos_ci95=10.0, vel_ci95=1.0, recovery=pastcpa: p_los=0 (0/10000)
[1052/1080] dpsi=176.0, pos_ci95=10.0, vel_ci95=1.0, recovery=ftr: p_los=0.0642 (642/10000)
[1053/1080] dpsi=176.0, pos_ci95=10.0, vel_ci95=1.0, recovery=probabilistic_ftr: p_los=0 (0/10000)
[1054/1080] dpsi=176.0, pos_ci95=10.0, vel_ci95=3.0, recovery=pastcpa: p_los=0.0001 (1/10000)
[1055/1080] dpsi=176.0, pos_ci95=10.0, vel_ci95=3.0, recovery=ftr: p_los=0.2434 (2434/10000)
[1056/1080] dpsi=176.0, pos_ci95=10.0, vel_ci95=3.0, recovery=probabilistic_ftr: p_los=0.0061 (61/10000)
[1057/1080] dpsi=178.0, pos_ci95=3.0, vel_ci95=1.0, recovery=pastcpa: p_los=0 (0/10000)
[1058/1080] dpsi=178.0, pos_ci95=3.0, vel_ci95=1.0, recovery=ftr: p_los=0.1445 (1445/10000)
[1059/1080] dpsi=178.0, pos_ci95=3.0, vel_ci95=1.0, recovery=probabilistic_ftr: p_los=0.0003 (3/10000)
[1060/1080] dpsi=178.0, pos_ci95=3.0, vel_ci95=3.0, recovery=pastcpa: p_los=0.0002 (2/10000)
[1061/1080] dpsi=178.0, pos_ci95=3.0, vel_ci95=3.0, recovery=ftr: p_los=0.284 (2840/10000)
[1062/1080] dpsi=178.0, pos_ci95=3.0, vel_ci95=3.0, recovery=probabilistic_ftr: p_los=0.0085 (85/10000)
[1063/1080] dpsi=178.0, pos_ci95=10.0, vel_ci95=1.0, recovery=pastcpa: p_los=0 (0/10000)
[1064/1080] dpsi=178.0, pos_ci95=10.0, vel_ci95=1.0, recovery=ftr: p_los=0.0651 (651/10000)
[1065/1080] dpsi=178.0, pos_ci95=10.0, vel_ci95=1.0, recovery=probabilistic_ftr: p_los=0 (0/10000)
[1066/1080] dpsi=178.0, pos_ci95=10.0, vel_ci95=3.0, recovery=pastcpa: p_los=0 (0/10000)
[1067/1080] dpsi=178.0, pos_ci95=10.0, vel_ci95=3.0, recovery=ftr: p_los=0.2522 (2522/10000)
[1068/1080] dpsi=178.0, pos_ci95=10.0, vel_ci95=3.0, recovery=probabilistic_ftr: p_los=0.0049 (49/10000)
[1069/1080] dpsi=180.0, pos_ci95=3.0, vel_ci95=1.0, recovery=pastcpa: p_los=0 (0/10000)
[1070/1080] dpsi=180.0, pos_ci95=3.0, vel_ci95=1.0, recovery=ftr: p_los=0.1424 (1424/10000)
[1071/1080] dpsi=180.0, pos_ci95=3.0, vel_ci95=1.0, recovery=probabilistic_ftr: p_los=0.0006 (6/10000)
[1072/1080] dpsi=180.0, pos_ci95=3.0, vel_ci95=3.0, recovery=pastcpa: p_los=0.0003 (3/10000)
[1073/1080] dpsi=180.0, pos_ci95=3.0, vel_ci95=3.0, recovery=ftr: p_los=0.2792 (2792/10000)
[1074/1080] dpsi=180.0, pos_ci95=3.0, vel_ci95=3.0, recovery=probabilistic_ftr: p_los=0.0086 (86/10000)
[1075/1080] dpsi=180.0, pos_ci95=10.0, vel_ci95=1.0, recovery=pastcpa: p_los=0 (0/10000)
[1076/1080] dpsi=180.0, pos_ci95=10.0, vel_ci95=1.0, recovery=ftr: p_los=0.0658 (658/10000)
[1077/1080] dpsi=180.0, pos_ci95=10.0, vel_ci95=1.0, recovery=probabilistic_ftr: p_los=0.0001 (1/10000)
[1078/1080] dpsi=180.0, pos_ci95=10.0, vel_ci95=3.0, recovery=pastcpa: p_los=0.0003 (3/10000)
[1079/1080] dpsi=180.0, pos_ci95=10.0, vel_ci95=3.0, recovery=ftr: p_los=0.2474 (2474/10000)
[1080/1080] dpsi=180.0, pos_ci95=10.0, vel_ci95=3.0, recovery=probabilistic_ftr: p_los=0.0067 (67/10000)

exp1: 1080 condition(s) -> results/jress2/exp1.csv
provenance card -> results/jress2/cards/20260829T110911_223410Z_seed42.md
[1/2160] dpsi=2.0, pos_ci95=3.0, vel_ci95=1.0, recovery=ftr: p_los=0.068 (680/10000)
[2/2160] dpsi=2.0, pos_ci95=3.0, vel_ci95=1.0, recovery=0.999: p_los=0 (0/10000)
[3/2160] dpsi=2.0, pos_ci95=3.0, vel_ci95=1.0, recovery=0.99: p_los=0.0001 (1/10000)
[4/2160] dpsi=2.0, pos_ci95=3.0, vel_ci95=1.0, recovery=0.9: p_los=0.0008 (8/10000)
[5/2160] dpsi=2.0, pos_ci95=3.0, vel_ci95=1.0, recovery=0.75: p_los=0.004 (40/10000)
[6/2160] dpsi=2.0, pos_ci95=3.0, vel_ci95=1.0, recovery=0.5: p_los=0.03 (300/10000)
[7/2160] dpsi=2.0, pos_ci95=3.0, vel_ci95=3.0, recovery=ftr: p_los=0.3937 (3937/10000)
[8/2160] dpsi=2.0, pos_ci95=3.0, vel_ci95=3.0, recovery=0.999: p_los=0.0039 (39/10000)
[9/2160] dpsi=2.0, pos_ci95=3.0, vel_ci95=3.0, recovery=0.99: p_los=0.0063 (63/10000)
[10/2160] dpsi=2.0, pos_ci95=3.0, vel_ci95=3.0, recovery=0.9: p_los=0.0416 (416/10000)
[11/2160] dpsi=2.0, pos_ci95=3.0, vel_ci95=3.0, recovery=0.75: p_los=0.1576 (1576/10000)
[12/2160] dpsi=2.0, pos_ci95=3.0, vel_ci95=3.0, recovery=0.5: p_los=0.3313 (3313/10000)
[13/2160] dpsi=2.0, pos_ci95=10.0, vel_ci95=1.0, recovery=ftr: p_los=0.0022 (22/10000)
[14/2160] dpsi=2.0, pos_ci95=10.0, vel_ci95=1.0, recovery=0.999: p_los=0 (0/10000)
[15/2160] dpsi=2.0, pos_ci95=10.0, vel_ci95=1.0, recovery=0.99: p_los=0.0001 (1/10000)
[16/2160] dpsi=2.0, pos_ci95=10.0, vel_ci95=1.0, recovery=0.9: p_los=0.0003 (3/10000)
[17/2160] dpsi=2.0, pos_ci95=10.0, vel_ci95=1.0, recovery=0.75: p_los=0.001 (10/10000)
[18/2160] dpsi=2.0, pos_ci95=10.0, vel_ci95=1.0, recovery=0.5: p_los=0.0023 (23/10000)
[19/2160] dpsi=2.0, pos_ci95=10.0, vel_ci95=3.0, recovery=ftr: p_los=0.1464 (1464/10000)
[20/2160] dpsi=2.0, pos_ci95=10.0, vel_ci95=3.0, recovery=0.999: p_los=0.0042 (42/10000)
[21/2160] dpsi=2.0, pos_ci95=10.0, vel_ci95=3.0, recovery=0.99: p_los=0.0071 (71/10000)
[22/2160] dpsi=2.0, pos_ci95=10.0, vel_ci95=3.0, recovery=0.9: p_los=0.0413 (413/10000)
[23/2160] dpsi=2.0, pos_ci95=10.0, vel_ci95=3.0, recovery=0.75: p_los=0.0955 (955/10000)
[24/2160] dpsi=2.0, pos_ci95=10.0, vel_ci95=3.0, recovery=0.5: p_los=0.1344 (1344/10000)
[25/2160] dpsi=4.0, pos_ci95=3.0, vel_ci95=1.0, recovery=ftr: p_los=0.126 (1260/10000)
[26/2160] dpsi=4.0, pos_ci95=3.0, vel_ci95=1.0, recovery=0.999: p_los=0 (0/10000)
[27/2160] dpsi=4.0, pos_ci95=3.0, vel_ci95=1.0, recovery=0.99: p_los=0.0001 (1/10000)
[28/2160] dpsi=4.0, pos_ci95=3.0, vel_ci95=1.0, recovery=0.9: p_los=0.0005 (5/10000)
[29/2160] dpsi=4.0, pos_ci95=3.0, vel_ci95=1.0, recovery=0.75: p_los=0.0048 (48/10000)
[30/2160] dpsi=4.0, pos_ci95=3.0, vel_ci95=1.0, recovery=0.5: p_los=0.0532 (532/10000)
[31/2160] dpsi=4.0, pos_ci95=3.0, vel_ci95=3.0, recovery=ftr: p_los=0.3993 (3993/10000)
[32/2160] dpsi=4.0, pos_ci95=3.0, vel_ci95=3.0, recovery=0.999: p_los=0.003 (30/10000)
[33/2160] dpsi=4.0, pos_ci95=3.0, vel_ci95=3.0, recovery=0.99: p_los=0.0066 (66/10000)
[34/2160] dpsi=4.0, pos_ci95=3.0, vel_ci95=3.0, recovery=0.9: p_los=0.0428 (428/10000)
[35/2160] dpsi=4.0, pos_ci95=3.0, vel_ci95=3.0, recovery=0.75: p_los=0.1458 (1458/10000)
[36/2160] dpsi=4.0, pos_ci95=3.0, vel_ci95=3.0, recovery=0.5: p_los=0.3196 (3196/10000)
[37/2160] dpsi=4.0, pos_ci95=10.0, vel_ci95=1.0, recovery=ftr: p_los=0.0139 (139/10000)
[38/2160] dpsi=4.0, pos_ci95=10.0, vel_ci95=1.0, recovery=0.999: p_los=0 (0/10000)
[39/2160] dpsi=4.0, pos_ci95=10.0, vel_ci95=1.0, recovery=0.99: p_los=0 (0/10000)
[40/2160] dpsi=4.0, pos_ci95=10.0, vel_ci95=1.0, recovery=0.9: p_los=0.0006 (6/10000)
[41/2160] dpsi=4.0, pos_ci95=10.0, vel_ci95=1.0, recovery=0.75: p_los=0.0015 (15/10000)
[42/2160] dpsi=4.0, pos_ci95=10.0, vel_ci95=1.0, recovery=0.5: p_los=0.0074 (74/10000)
[43/2160] dpsi=4.0, pos_ci95=10.0, vel_ci95=3.0, recovery=ftr: p_los=0.1582 (1582/10000)
[44/2160] dpsi=4.0, pos_ci95=10.0, vel_ci95=3.0, recovery=0.999: p_los=0.0034 (34/10000)
[45/2160] dpsi=4.0, pos_ci95=10.0, vel_ci95=3.0, recovery=0.99: p_los=0.0082 (82/10000)
[46/2160] dpsi=4.0, pos_ci95=10.0, vel_ci95=3.0, recovery=0.9: p_los=0.0385 (385/10000)
[47/2160] dpsi=4.0, pos_ci95=10.0, vel_ci95=3.0, recovery=0.75: p_los=0.0876 (876/10000)
[48/2160] dpsi=4.0, pos_ci95=10.0, vel_ci95=3.0, recovery=0.5: p_los=0.1463 (1463/10000)
[49/2160] dpsi=6.0, pos_ci95=3.0, vel_ci95=1.0, recovery=ftr: p_los=0.1646 (1646/10000)
[50/2160] dpsi=6.0, pos_ci95=3.0, vel_ci95=1.0, recovery=0.999: p_los=0 (0/10000)
[51/2160] dpsi=6.0, pos_ci95=3.0, vel_ci95=1.0, recovery=0.99: p_los=0.0001 (1/10000)
[52/2160] dpsi=6.0, pos_ci95=3.0, vel_ci95=1.0, recovery=0.9: p_los=0.0007 (7/10000)
[53/2160] dpsi=6.0, pos_ci95=3.0, vel_ci95=1.0, recovery=0.75: p_los=0.0038 (38/10000)
[54/2160] dpsi=6.0, pos_ci95=3.0, vel_ci95=1.0, recovery=0.5: p_los=0.0798 (798/10000)
[55/2160] dpsi=6.0, pos_ci95=3.0, vel_ci95=3.0, recovery=ftr: p_los=0.4051 (4051/10000)
[56/2160] dpsi=6.0, pos_ci95=3.0, vel_ci95=3.0, recovery=0.999: p_los=0.0024 (24/10000)
[57/2160] dpsi=6.0, pos_ci95=3.0, vel_ci95=3.0, recovery=0.99: p_los=0.0066 (66/10000)
[58/2160] dpsi=6.0, pos_ci95=3.0, vel_ci95=3.0, recovery=0.9: p_los=0.044 (440/10000)
[59/2160] dpsi=6.0, pos_ci95=3.0, vel_ci95=3.0, recovery=0.75: p_los=0.1319 (1319/10000)
[60/2160] dpsi=6.0, pos_ci95=3.0, vel_ci95=3.0, recovery=0.5: p_los=0.3254 (3254/10000)
[61/2160] dpsi=6.0, pos_ci95=10.0, vel_ci95=1.0, recovery=ftr: p_los=0.0321 (321/10000)
[62/2160] dpsi=6.0, pos_ci95=10.0, vel_ci95=1.0, recovery=0.999: p_los=0.0001 (1/10000)
[63/2160] dpsi=6.0, pos_ci95=10.0, vel_ci95=1.0, recovery=0.99: p_los=0.0002 (2/10000)
[64/2160] dpsi=6.0, pos_ci95=10.0, vel_ci95=1.0, recovery=0.9: p_los=0.0006 (6/10000)
[65/2160] dpsi=6.0, pos_ci95=10.0, vel_ci95=1.0, recovery=0.75: p_los=0.0021 (21/10000)
[66/2160] dpsi=6.0, pos_ci95=10.0, vel_ci95=1.0, recovery=0.5: p_los=0.0174 (174/10000)
[67/2160] dpsi=6.0, pos_ci95=10.0, vel_ci95=3.0, recovery=ftr: p_los=0.1722 (1722/10000)
[68/2160] dpsi=6.0, pos_ci95=10.0, vel_ci95=3.0, recovery=0.999: p_los=0.0026 (26/10000)
[69/2160] dpsi=6.0, pos_ci95=10.0, vel_ci95=3.0, recovery=0.99: p_los=0.0066 (66/10000)
[70/2160] dpsi=6.0, pos_ci95=10.0, vel_ci95=3.0, recovery=0.9: p_los=0.0383 (383/10000)
[71/2160] dpsi=6.0, pos_ci95=10.0, vel_ci95=3.0, recovery=0.75: p_los=0.0842 (842/10000)
[72/2160] dpsi=6.0, pos_ci95=10.0, vel_ci95=3.0, recovery=0.5: p_los=0.1604 (1604/10000)
[73/2160] dpsi=8.0, pos_ci95=3.0, vel_ci95=1.0, recovery=ftr: p_los=0.1771 (1771/10000)
[74/2160] dpsi=8.0, pos_ci95=3.0, vel_ci95=1.0, recovery=0.999: p_los=0 (0/10000)
[75/2160] dpsi=8.0, pos_ci95=3.0, vel_ci95=1.0, recovery=0.99: p_los=0.0001 (1/10000)
[76/2160] dpsi=8.0, pos_ci95=3.0, vel_ci95=1.0, recovery=0.9: p_los=0.0013 (13/10000)
[77/2160] dpsi=8.0, pos_ci95=3.0, vel_ci95=1.0, recovery=0.75: p_los=0.0053 (53/10000)
[78/2160] dpsi=8.0, pos_ci95=3.0, vel_ci95=1.0, recovery=0.5: p_los=0.1049 (1049/10000)
[79/2160] dpsi=8.0, pos_ci95=3.0, vel_ci95=3.0, recovery=ftr: p_los=0.4114 (4114/10000)
[80/2160] dpsi=8.0, pos_ci95=3.0, vel_ci95=3.0, recovery=0.999: p_los=0.003 (30/10000)
[81/2160] dpsi=8.0, pos_ci95=3.0, vel_ci95=3.0, recovery=0.99: p_los=0.0081 (81/10000)
[82/2160] dpsi=8.0, pos_ci95=3.0, vel_ci95=3.0, recovery=0.9: p_los=0.0383 (383/10000)
[83/2160] dpsi=8.0, pos_ci95=3.0, vel_ci95=3.0, recovery=0.75: p_los=0.1197 (1197/10000)
[84/2160] dpsi=8.0, pos_ci95=3.0, vel_ci95=3.0, recovery=0.5: p_los=0.3241 (3241/10000)
[85/2160] dpsi=8.0, pos_ci95=10.0, vel_ci95=1.0, recovery=ftr: p_los=0.0499 (499/10000)
[86/2160] dpsi=8.0, pos_ci95=10.0, vel_ci95=1.0, recovery=0.999: p_los=0 (0/10000)
[87/2160] dpsi=8.0, pos_ci95=10.0, vel_ci95=1.0, recovery=0.99: p_los=0.0002 (2/10000)
[88/2160] dpsi=8.0, pos_ci95=10.0, vel_ci95=1.0, recovery=0.9: p_los=0.0011 (11/10000)
[89/2160] dpsi=8.0, pos_ci95=10.0, vel_ci95=1.0, recovery=0.75: p_los=0.0036 (36/10000)
[90/2160] dpsi=8.0, pos_ci95=10.0, vel_ci95=1.0, recovery=0.5: p_los=0.0301 (301/10000)
[91/2160] dpsi=8.0, pos_ci95=10.0, vel_ci95=3.0, recovery=ftr: p_los=0.1847 (1847/10000)
[92/2160] dpsi=8.0, pos_ci95=10.0, vel_ci95=3.0, recovery=0.999: p_los=0.0038 (38/10000)
[93/2160] dpsi=8.0, pos_ci95=10.0, vel_ci95=3.0, recovery=0.99: p_los=0.0072 (72/10000)
[94/2160] dpsi=8.0, pos_ci95=10.0, vel_ci95=3.0, recovery=0.9: p_los=0.0366 (366/10000)
[95/2160] dpsi=8.0, pos_ci95=10.0, vel_ci95=3.0, recovery=0.75: p_los=0.0762 (762/10000)
[96/2160] dpsi=8.0, pos_ci95=10.0, vel_ci95=3.0, recovery=0.5: p_los=0.1618 (1618/10000)
[97/2160] dpsi=10.0, pos_ci95=3.0, vel_ci95=1.0, recovery=ftr: p_los=0.1822 (1822/10000)
[98/2160] dpsi=10.0, pos_ci95=3.0, vel_ci95=1.0, recovery=0.999: p_los=0 (0/10000)
[99/2160] dpsi=10.0, pos_ci95=3.0, vel_ci95=1.0, recovery=0.99: p_los=0 (0/10000)
[100/2160] dpsi=10.0, pos_ci95=3.0, vel_ci95=1.0, recovery=0.9: p_los=0.0008 (8/10000)
[101/2160] dpsi=10.0, pos_ci95=3.0, vel_ci95=1.0, recovery=0.75: p_los=0.0058 (58/10000)
[102/2160] dpsi=10.0, pos_ci95=3.0, vel_ci95=1.0, recovery=0.5: p_los=0.1193 (1193/10000)
[103/2160] dpsi=10.0, pos_ci95=3.0, vel_ci95=3.0, recovery=ftr: p_los=0.4148 (4148/10000)
[104/2160] dpsi=10.0, pos_ci95=3.0, vel_ci95=3.0, recovery=0.999: p_los=0.0029 (29/10000)
[105/2160] dpsi=10.0, pos_ci95=3.0, vel_ci95=3.0, recovery=0.99: p_los=0.0076 (76/10000)
[106/2160] dpsi=10.0, pos_ci95=3.0, vel_ci95=3.0, recovery=0.9: p_los=0.0368 (368/10000)
[107/2160] dpsi=10.0, pos_ci95=3.0, vel_ci95=3.0, recovery=0.75: p_los=0.1004 (1004/10000)
[108/2160] dpsi=10.0, pos_ci95=3.0, vel_ci95=3.0, recovery=0.5: p_los=0.3218 (3218/10000)
[109/2160] dpsi=10.0, pos_ci95=10.0, vel_ci95=1.0, recovery=ftr: p_los=0.0706 (706/10000)
[110/2160] dpsi=10.0, pos_ci95=10.0, vel_ci95=1.0, recovery=0.999: p_los=0 (0/10000)
[111/2160] dpsi=10.0, pos_ci95=10.0, vel_ci95=1.0, recovery=0.99: p_los=0 (0/10000)
[112/2160] dpsi=10.0, pos_ci95=10.0, vel_ci95=1.0, recovery=0.9: p_los=0.0006 (6/10000)
[113/2160] dpsi=10.0, pos_ci95=10.0, vel_ci95=1.0, recovery=0.75: p_los=0.004 (40/10000)
[114/2160] dpsi=10.0, pos_ci95=10.0, vel_ci95=1.0, recovery=0.5: p_los=0.0434 (434/10000)
[115/2160] dpsi=10.0, pos_ci95=10.0, vel_ci95=3.0, recovery=ftr: p_los=0.1999 (1999/10000)
[116/2160] dpsi=10.0, pos_ci95=10.0, vel_ci95=3.0, recovery=0.999: p_los=0.0038 (38/10000)
[117/2160] dpsi=10.0, pos_ci95=10.0, vel_ci95=3.0, recovery=0.99: p_los=0.0086 (86/10000)
[118/2160] dpsi=10.0, pos_ci95=10.0, vel_ci95=3.0, recovery=0.9: p_los=0.0364 (364/10000)
[119/2160] dpsi=10.0, pos_ci95=10.0, vel_ci95=3.0, recovery=0.75: p_los=0.0717 (717/10000)
[120/2160] dpsi=10.0, pos_ci95=10.0, vel_ci95=3.0, recovery=0.5: p_los=0.1797 (1797/10000)
[121/2160] dpsi=12.0, pos_ci95=3.0, vel_ci95=1.0, recovery=ftr: p_los=0.1823 (1823/10000)
[122/2160] dpsi=12.0, pos_ci95=3.0, vel_ci95=1.0, recovery=0.999: p_los=0 (0/10000)
[123/2160] dpsi=12.0, pos_ci95=3.0, vel_ci95=1.0, recovery=0.99: p_los=0.0001 (1/10000)
[124/2160] dpsi=12.0, pos_ci95=3.0, vel_ci95=1.0, recovery=0.9: p_los=0.0008 (8/10000)
[125/2160] dpsi=12.0, pos_ci95=3.0, vel_ci95=1.0, recovery=0.75: p_los=0.006 (60/10000)
[126/2160] dpsi=12.0, pos_ci95=3.0, vel_ci95=1.0, recovery=0.5: p_los=0.1284 (1284/10000)
[127/2160] dpsi=12.0, pos_ci95=3.0, vel_ci95=3.0, recovery=ftr: p_los=0.4185 (4185/10000)
[128/2160] dpsi=12.0, pos_ci95=3.0, vel_ci95=3.0, recovery=0.999: p_los=0.0038 (38/10000)
[129/2160] dpsi=12.0, pos_ci95=3.0, vel_ci95=3.0, recovery=0.99: p_los=0.0068 (68/10000)
[130/2160] dpsi=12.0, pos_ci95=3.0, vel_ci95=3.0, recovery=0.9: p_los=0.0349 (349/10000)
[131/2160] dpsi=12.0, pos_ci95=3.0, vel_ci95=3.0, recovery=0.75: p_los=0.0895 (895/10000)
[132/2160] dpsi=12.0, pos_ci95=3.0, vel_ci95=3.0, recovery=0.5: p_los=0.3202 (3202/10000)
[133/2160] dpsi=12.0, pos_ci95=10.0, vel_ci95=1.0, recovery=ftr: p_los=0.0762 (762/10000)
[134/2160] dpsi=12.0, pos_ci95=10.0, vel_ci95=1.0, recovery=0.999: p_los=0 (0/10000)
[135/2160] dpsi=12.0, pos_ci95=10.0, vel_ci95=1.0, recovery=0.99: p_los=0.0004 (4/10000)
[136/2160] dpsi=12.0, pos_ci95=10.0, vel_ci95=1.0, recovery=0.9: p_los=0.0018 (18/10000)
[137/2160] dpsi=12.0, pos_ci95=10.0, vel_ci95=1.0, recovery=0.75: p_los=0.0066 (66/10000)
[138/2160] dpsi=12.0, pos_ci95=10.0, vel_ci95=1.0, recovery=0.5: p_los=0.0542 (542/10000)
[139/2160] dpsi=12.0, pos_ci95=10.0, vel_ci95=3.0, recovery=ftr: p_los=0.2252 (2252/10000)
[140/2160] dpsi=12.0, pos_ci95=10.0, vel_ci95=3.0, recovery=0.999: p_los=0.0034 (34/10000)
[141/2160] dpsi=12.0, pos_ci95=10.0, vel_ci95=3.0, recovery=0.99: p_los=0.0077 (77/10000)
[142/2160] dpsi=12.0, pos_ci95=10.0, vel_ci95=3.0, recovery=0.9: p_los=0.0302 (302/10000)
[143/2160] dpsi=12.0, pos_ci95=10.0, vel_ci95=3.0, recovery=0.75: p_los=0.065 (650/10000)
[144/2160] dpsi=12.0, pos_ci95=10.0, vel_ci95=3.0, recovery=0.5: p_los=0.1918 (1918/10000)
[145/2160] dpsi=14.0, pos_ci95=3.0, vel_ci95=1.0, recovery=ftr: p_los=0.1788 (1788/10000)
[146/2160] dpsi=14.0, pos_ci95=3.0, vel_ci95=1.0, recovery=0.999: p_los=0.0001 (1/10000)
[147/2160] dpsi=14.0, pos_ci95=3.0, vel_ci95=1.0, recovery=0.99: p_los=0 (0/10000)
[148/2160] dpsi=14.0, pos_ci95=3.0, vel_ci95=1.0, recovery=0.9: p_los=0.0005 (5/10000)
[149/2160] dpsi=14.0, pos_ci95=3.0, vel_ci95=1.0, recovery=0.75: p_los=0.0082 (82/10000)
[150/2160] dpsi=14.0, pos_ci95=3.0, vel_ci95=1.0, recovery=0.5: p_los=0.1417 (1417/10000)
[151/2160] dpsi=14.0, pos_ci95=3.0, vel_ci95=3.0, recovery=ftr: p_los=0.406 (4060/10000)
[152/2160] dpsi=14.0, pos_ci95=3.0, vel_ci95=3.0, recovery=0.999: p_los=0.0032 (32/10000)
[153/2160] dpsi=14.0, pos_ci95=3.0, vel_ci95=3.0, recovery=0.99: p_los=0.0075 (75/10000)
[154/2160] dpsi=14.0, pos_ci95=3.0, vel_ci95=3.0, recovery=0.9: p_los=0.0332 (332/10000)
[155/2160] dpsi=14.0, pos_ci95=3.0, vel_ci95=3.0, recovery=0.75: p_los=0.0744 (744/10000)
[156/2160] dpsi=14.0, pos_ci95=3.0, vel_ci95=3.0, recovery=0.5: p_los=0.3292 (3292/10000)
[157/2160] dpsi=14.0, pos_ci95=10.0, vel_ci95=1.0, recovery=ftr: p_los=0.08 (800/10000)
[158/2160] dpsi=14.0, pos_ci95=10.0, vel_ci95=1.0, recovery=0.999: p_los=0.0001 (1/10000)
[159/2160] dpsi=14.0, pos_ci95=10.0, vel_ci95=1.0, recovery=0.99: p_los=0.0004 (4/10000)
[160/2160] dpsi=14.0, pos_ci95=10.0, vel_ci95=1.0, recovery=0.9: p_los=0.0014 (14/10000)
[161/2160] dpsi=14.0, pos_ci95=10.0, vel_ci95=1.0, recovery=0.75: p_los=0.006 (60/10000)
[162/2160] dpsi=14.0, pos_ci95=10.0, vel_ci95=1.0, recovery=0.5: p_los=0.0621 (621/10000)
[163/2160] dpsi=14.0, pos_ci95=10.0, vel_ci95=3.0, recovery=ftr: p_los=0.233 (2330/10000)
[164/2160] dpsi=14.0, pos_ci95=10.0, vel_ci95=3.0, recovery=0.999: p_los=0.0038 (38/10000)
[165/2160] dpsi=14.0, pos_ci95=10.0, vel_ci95=3.0, recovery=0.99: p_los=0.008 (80/10000)
[166/2160] dpsi=14.0, pos_ci95=10.0, vel_ci95=3.0, recovery=0.9: p_los=0.031 (310/10000)
[167/2160] dpsi=14.0, pos_ci95=10.0, vel_ci95=3.0, recovery=0.75: p_los=0.0595 (595/10000)
[168/2160] dpsi=14.0, pos_ci95=10.0, vel_ci95=3.0, recovery=0.5: p_los=0.205 (2050/10000)
[169/2160] dpsi=16.0, pos_ci95=3.0, vel_ci95=1.0, recovery=ftr: p_los=0.1662 (1662/10000)
[170/2160] dpsi=16.0, pos_ci95=3.0, vel_ci95=1.0, recovery=0.999: p_los=0 (0/10000)
[171/2160] dpsi=16.0, pos_ci95=3.0, vel_ci95=1.0, recovery=0.99: p_los=0 (0/10000)
[172/2160] dpsi=16.0, pos_ci95=3.0, vel_ci95=1.0, recovery=0.9: p_los=0.0011 (11/10000)
[173/2160] dpsi=16.0, pos_ci95=3.0, vel_ci95=1.0, recovery=0.75: p_los=0.006 (60/10000)
[174/2160] dpsi=16.0, pos_ci95=3.0, vel_ci95=1.0, recovery=0.5: p_los=0.1319 (1319/10000)
[175/2160] dpsi=16.0, pos_ci95=3.0, vel_ci95=3.0, recovery=ftr: p_los=0.3979 (3979/10000)
[176/2160] dpsi=16.0, pos_ci95=3.0, vel_ci95=3.0, recovery=0.999: p_los=0.0041 (41/10000)
[177/2160] dpsi=16.0, pos_ci95=3.0, vel_ci95=3.0, recovery=0.99: p_los=0.0092 (92/10000)
[178/2160] dpsi=16.0, pos_ci95=3.0, vel_ci95=3.0, recovery=0.9: p_los=0.027 (270/10000)
[179/2160] dpsi=16.0, pos_ci95=3.0, vel_ci95=3.0, recovery=0.75: p_los=0.0708 (708/10000)
[180/2160] dpsi=16.0, pos_ci95=3.0, vel_ci95=3.0, recovery=0.5: p_los=0.3248 (3248/10000)
[181/2160] dpsi=16.0, pos_ci95=10.0, vel_ci95=1.0, recovery=ftr: p_los=0.0811 (811/10000)
[182/2160] dpsi=16.0, pos_ci95=10.0, vel_ci95=1.0, recovery=0.999: p_los=0 (0/10000)
[183/2160] dpsi=16.0, pos_ci95=10.0, vel_ci95=1.0, recovery=0.99: p_los=0.0002 (2/10000)
[184/2160] dpsi=16.0, pos_ci95=10.0, vel_ci95=1.0, recovery=0.9: p_los=0.0014 (14/10000)
[185/2160] dpsi=16.0, pos_ci95=10.0, vel_ci95=1.0, recovery=0.75: p_los=0.0082 (82/10000)
[186/2160] dpsi=16.0, pos_ci95=10.0, vel_ci95=1.0, recovery=0.5: p_los=0.072 (720/10000)
[187/2160] dpsi=16.0, pos_ci95=10.0, vel_ci95=3.0, recovery=ftr: p_los=0.2406 (2406/10000)
[188/2160] dpsi=16.0, pos_ci95=10.0, vel_ci95=3.0, recovery=0.999: p_los=0.0034 (34/10000)
[189/2160] dpsi=16.0, pos_ci95=10.0, vel_ci95=3.0, recovery=0.99: p_los=0.0062 (62/10000)
[190/2160] dpsi=16.0, pos_ci95=10.0, vel_ci95=3.0, recovery=0.9: p_los=0.0248 (248/10000)
[191/2160] dpsi=16.0, pos_ci95=10.0, vel_ci95=3.0, recovery=0.75: p_los=0.0572 (572/10000)
[192/2160] dpsi=16.0, pos_ci95=10.0, vel_ci95=3.0, recovery=0.5: p_los=0.2079 (2079/10000)
[193/2160] dpsi=18.0, pos_ci95=3.0, vel_ci95=1.0, recovery=ftr: p_los=0.1559 (1559/10000)
[194/2160] dpsi=18.0, pos_ci95=3.0, vel_ci95=1.0, recovery=0.999: p_los=0.0001 (1/10000)
[195/2160] dpsi=18.0, pos_ci95=3.0, vel_ci95=1.0, recovery=0.99: p_los=0 (0/10000)
[196/2160] dpsi=18.0, pos_ci95=3.0, vel_ci95=1.0, recovery=0.9: p_los=0.0009 (9/10000)
[197/2160] dpsi=18.0, pos_ci95=3.0, vel_ci95=1.0, recovery=0.75: p_los=0.0066 (66/10000)
[198/2160] dpsi=18.0, pos_ci95=3.0, vel_ci95=1.0, recovery=0.5: p_los=0.144 (1440/10000)
[199/2160] dpsi=18.0, pos_ci95=3.0, vel_ci95=3.0, recovery=ftr: p_los=0.3817 (3817/10000)
[200/2160] dpsi=18.0, pos_ci95=3.0, vel_ci95=3.0, recovery=0.999: p_los=0.0035 (35/10000)
[201/2160] dpsi=18.0, pos_ci95=3.0, vel_ci95=3.0, recovery=0.99: p_los=0.0075 (75/10000)
[202/2160] dpsi=18.0, pos_ci95=3.0, vel_ci95=3.0, recovery=0.9: p_los=0.0257 (257/10000)
[203/2160] dpsi=18.0, pos_ci95=3.0, vel_ci95=3.0, recovery=0.75: p_los=0.0617 (617/10000)
[204/2160] dpsi=18.0, pos_ci95=3.0, vel_ci95=3.0, recovery=0.5: p_los=0.3185 (3185/10000)
[205/2160] dpsi=18.0, pos_ci95=10.0, vel_ci95=1.0, recovery=ftr: p_los=0.0865 (865/10000)
[206/2160] dpsi=18.0, pos_ci95=10.0, vel_ci95=1.0, recovery=0.999: p_los=0 (0/10000)
[207/2160] dpsi=18.0, pos_ci95=10.0, vel_ci95=1.0, recovery=0.99: p_los=0.0002 (2/10000)
[208/2160] dpsi=18.0, pos_ci95=10.0, vel_ci95=1.0, recovery=0.9: p_los=0.0009 (9/10000)
[209/2160] dpsi=18.0, pos_ci95=10.0, vel_ci95=1.0, recovery=0.75: p_los=0.0074 (74/10000)
[210/2160] dpsi=18.0, pos_ci95=10.0, vel_ci95=1.0, recovery=0.5: p_los=0.0761 (761/10000)
[211/2160] dpsi=18.0, pos_ci95=10.0, vel_ci95=3.0, recovery=ftr: p_los=0.2469 (2469/10000)
[212/2160] dpsi=18.0, pos_ci95=10.0, vel_ci95=3.0, recovery=0.999: p_los=0.0028 (28/10000)
[213/2160] dpsi=18.0, pos_ci95=10.0, vel_ci95=3.0, recovery=0.99: p_los=0.0062 (62/10000)
[214/2160] dpsi=18.0, pos_ci95=10.0, vel_ci95=3.0, recovery=0.9: p_los=0.0261 (261/10000)
[215/2160] dpsi=18.0, pos_ci95=10.0, vel_ci95=3.0, recovery=0.75: p_los=0.0518 (518/10000)
[216/2160] dpsi=18.0, pos_ci95=10.0, vel_ci95=3.0, recovery=0.5: p_los=0.2164 (2164/10000)
[217/2160] dpsi=20.0, pos_ci95=3.0, vel_ci95=1.0, recovery=ftr: p_los=0.1482 (1482/10000)
[218/2160] dpsi=20.0, pos_ci95=3.0, vel_ci95=1.0, recovery=0.999: p_los=0.0001 (1/10000)
[219/2160] dpsi=20.0, pos_ci95=3.0, vel_ci95=1.0, recovery=0.99: p_los=0.0002 (2/10000)
[220/2160] dpsi=20.0, pos_ci95=3.0, vel_ci95=1.0, recovery=0.9: p_los=0.0016 (16/10000)
[221/2160] dpsi=20.0, pos_ci95=3.0, vel_ci95=1.0, recovery=0.75: p_los=0.0092 (92/10000)
[222/2160] dpsi=20.0, pos_ci95=3.0, vel_ci95=1.0, recovery=0.5: p_los=0.1291 (1291/10000)
[223/2160] dpsi=20.0, pos_ci95=3.0, vel_ci95=3.0, recovery=ftr: p_los=0.3747 (3747/10000)
[224/2160] dpsi=20.0, pos_ci95=3.0, vel_ci95=3.0, recovery=0.999: p_los=0.0031 (31/10000)
[225/2160] dpsi=20.0, pos_ci95=3.0, vel_ci95=3.0, recovery=0.99: p_los=0.0067 (67/10000)
[226/2160] dpsi=20.0, pos_ci95=3.0, vel_ci95=3.0, recovery=0.9: p_los=0.0232 (232/10000)
[227/2160] dpsi=20.0, pos_ci95=3.0, vel_ci95=3.0, recovery=0.75: p_los=0.0549 (549/10000)
[228/2160] dpsi=20.0, pos_ci95=3.0, vel_ci95=3.0, recovery=0.5: p_los=0.3167 (3167/10000)
[229/2160] dpsi=20.0, pos_ci95=10.0, vel_ci95=1.0, recovery=ftr: p_los=0.0823 (823/10000)
[230/2160] dpsi=20.0, pos_ci95=10.0, vel_ci95=1.0, recovery=0.999: p_los=0.0003 (3/10000)
[231/2160] dpsi=20.0, pos_ci95=10.0, vel_ci95=1.0, recovery=0.99: p_los=0.0002 (2/10000)
[232/2160] dpsi=20.0, pos_ci95=10.0, vel_ci95=1.0, recovery=0.9: p_los=0.0014 (14/10000)
[233/2160] dpsi=20.0, pos_ci95=10.0, vel_ci95=1.0, recovery=0.75: p_los=0.0086 (86/10000)
[234/2160] dpsi=20.0, pos_ci95=10.0, vel_ci95=1.0, recovery=0.5: p_los=0.0757 (757/10000)
[235/2160] dpsi=20.0, pos_ci95=10.0, vel_ci95=3.0, recovery=ftr: p_los=0.2445 (2445/10000)
[236/2160] dpsi=20.0, pos_ci95=10.0, vel_ci95=3.0, recovery=0.999: p_los=0.003 (30/10000)
[237/2160] dpsi=20.0, pos_ci95=10.0, vel_ci95=3.0, recovery=0.99: p_los=0.0075 (75/10000)
[238/2160] dpsi=20.0, pos_ci95=10.0, vel_ci95=3.0, recovery=0.9: p_los=0.0211 (211/10000)
[239/2160] dpsi=20.0, pos_ci95=10.0, vel_ci95=3.0, recovery=0.75: p_los=0.0466 (466/10000)
[240/2160] dpsi=20.0, pos_ci95=10.0, vel_ci95=3.0, recovery=0.5: p_los=0.2202 (2202/10000)
[241/2160] dpsi=22.0, pos_ci95=3.0, vel_ci95=1.0, recovery=ftr: p_los=0.1397 (1397/10000)
[242/2160] dpsi=22.0, pos_ci95=3.0, vel_ci95=1.0, recovery=0.999: p_los=0.0002 (2/10000)
[243/2160] dpsi=22.0, pos_ci95=3.0, vel_ci95=1.0, recovery=0.99: p_los=0 (0/10000)
[244/2160] dpsi=22.0, pos_ci95=3.0, vel_ci95=1.0, recovery=0.9: p_los=0.0009 (9/10000)
[245/2160] dpsi=22.0, pos_ci95=3.0, vel_ci95=1.0, recovery=0.75: p_los=0.0082 (82/10000)
[246/2160] dpsi=22.0, pos_ci95=3.0, vel_ci95=1.0, recovery=0.5: p_los=0.1189 (1189/10000)
[247/2160] dpsi=22.0, pos_ci95=3.0, vel_ci95=3.0, recovery=ftr: p_los=0.3648 (3648/10000)
[248/2160] dpsi=22.0, pos_ci95=3.0, vel_ci95=3.0, recovery=0.999: p_los=0.0033 (33/10000)
[249/2160] dpsi=22.0, pos_ci95=3.0, vel_ci95=3.0, recovery=0.99: p_los=0.0051 (51/10000)
[250/2160] dpsi=22.0, pos_ci95=3.0, vel_ci95=3.0, recovery=0.9: p_los=0.0198 (198/10000)
[251/2160] dpsi=22.0, pos_ci95=3.0, vel_ci95=3.0, recovery=0.75: p_los=0.048 (480/10000)
[252/2160] dpsi=22.0, pos_ci95=3.0, vel_ci95=3.0, recovery=0.5: p_los=0.307 (3070/10000)
[253/2160] dpsi=22.0, pos_ci95=10.0, vel_ci95=1.0, recovery=ftr: p_los=0.0781 (781/10000)
[254/2160] dpsi=22.0, pos_ci95=10.0, vel_ci95=1.0, recovery=0.999: p_los=0 (0/10000)
[255/2160] dpsi=22.0, pos_ci95=10.0, vel_ci95=1.0, recovery=0.99: p_los=0.0001 (1/10000)
[256/2160] dpsi=22.0, pos_ci95=10.0, vel_ci95=1.0, recovery=0.9: p_los=0.002 (20/10000)
[257/2160] dpsi=22.0, pos_ci95=10.0, vel_ci95=1.0, recovery=0.75: p_los=0.0078 (78/10000)
[258/2160] dpsi=22.0, pos_ci95=10.0, vel_ci95=1.0, recovery=0.5: p_los=0.0738 (738/10000)
[259/2160] dpsi=22.0, pos_ci95=10.0, vel_ci95=3.0, recovery=ftr: p_los=0.238 (2380/10000)
[260/2160] dpsi=22.0, pos_ci95=10.0, vel_ci95=3.0, recovery=0.999: p_los=0.0026 (26/10000)
[261/2160] dpsi=22.0, pos_ci95=10.0, vel_ci95=3.0, recovery=0.99: p_los=0.006 (60/10000)
[262/2160] dpsi=22.0, pos_ci95=10.0, vel_ci95=3.0, recovery=0.9: p_los=0.0172 (172/10000)
[263/2160] dpsi=22.0, pos_ci95=10.0, vel_ci95=3.0, recovery=0.75: p_los=0.0486 (486/10000)
[264/2160] dpsi=22.0, pos_ci95=10.0, vel_ci95=3.0, recovery=0.5: p_los=0.2155 (2155/10000)
[265/2160] dpsi=24.0, pos_ci95=3.0, vel_ci95=1.0, recovery=ftr: p_los=0.1313 (1313/10000)
[266/2160] dpsi=24.0, pos_ci95=3.0, vel_ci95=1.0, recovery=0.999: p_los=0 (0/10000)
[267/2160] dpsi=24.0, pos_ci95=3.0, vel_ci95=1.0, recovery=0.99: p_los=0.0002 (2/10000)
[268/2160] dpsi=24.0, pos_ci95=3.0, vel_ci95=1.0, recovery=0.9: p_los=0.0019 (19/10000)
[269/2160] dpsi=24.0, pos_ci95=3.0, vel_ci95=1.0, recovery=0.75: p_los=0.0091 (91/10000)
[270/2160] dpsi=24.0, pos_ci95=3.0, vel_ci95=1.0, recovery=0.5: p_los=0.1134 (1134/10000)
[271/2160] dpsi=24.0, pos_ci95=3.0, vel_ci95=3.0, recovery=ftr: p_los=0.3535 (3535/10000)
[272/2160] dpsi=24.0, pos_ci95=3.0, vel_ci95=3.0, recovery=0.999: p_los=0.0027 (27/10000)
[273/2160] dpsi=24.0, pos_ci95=3.0, vel_ci95=3.0, recovery=0.99: p_los=0.007 (70/10000)
[274/2160] dpsi=24.0, pos_ci95=3.0, vel_ci95=3.0, recovery=0.9: p_los=0.0185 (185/10000)
[275/2160] dpsi=24.0, pos_ci95=3.0, vel_ci95=3.0, recovery=0.75: p_los=0.0447 (447/10000)
[276/2160] dpsi=24.0, pos_ci95=3.0, vel_ci95=3.0, recovery=0.5: p_los=0.3098 (3098/10000)
[277/2160] dpsi=24.0, pos_ci95=10.0, vel_ci95=1.0, recovery=ftr: p_los=0.0778 (778/10000)
[278/2160] dpsi=24.0, pos_ci95=10.0, vel_ci95=1.0, recovery=0.999: p_los=0 (0/10000)
[279/2160] dpsi=24.0, pos_ci95=10.0, vel_ci95=1.0, recovery=0.99: p_los=0.0002 (2/10000)
[280/2160] dpsi=24.0, pos_ci95=10.0, vel_ci95=1.0, recovery=0.9: p_los=0.0018 (18/10000)
[281/2160] dpsi=24.0, pos_ci95=10.0, vel_ci95=1.0, recovery=0.75: p_los=0.0098 (98/10000)
[282/2160] dpsi=24.0, pos_ci95=10.0, vel_ci95=1.0, recovery=0.5: p_los=0.0711 (711/10000)
[283/2160] dpsi=24.0, pos_ci95=10.0, vel_ci95=3.0, recovery=ftr: p_los=0.247 (2470/10000)
[284/2160] dpsi=24.0, pos_ci95=10.0, vel_ci95=3.0, recovery=0.999: p_los=0.0025 (25/10000)
[285/2160] dpsi=24.0, pos_ci95=10.0, vel_ci95=3.0, recovery=0.99: p_los=0.0047 (47/10000)
[286/2160] dpsi=24.0, pos_ci95=10.0, vel_ci95=3.0, recovery=0.9: p_los=0.0171 (171/10000)
[287/2160] dpsi=24.0, pos_ci95=10.0, vel_ci95=3.0, recovery=0.75: p_los=0.044 (440/10000)
[288/2160] dpsi=24.0, pos_ci95=10.0, vel_ci95=3.0, recovery=0.5: p_los=0.2167 (2167/10000)
[289/2160] dpsi=26.0, pos_ci95=3.0, vel_ci95=1.0, recovery=ftr: p_los=0.1131 (1131/10000)
[290/2160] dpsi=26.0, pos_ci95=3.0, vel_ci95=1.0, recovery=0.999: p_los=0 (0/10000)
[291/2160] dpsi=26.0, pos_ci95=3.0, vel_ci95=1.0, recovery=0.99: p_los=0 (0/10000)
[292/2160] dpsi=26.0, pos_ci95=3.0, vel_ci95=1.0, recovery=0.9: p_los=0.0018 (18/10000)
[293/2160] dpsi=26.0, pos_ci95=3.0, vel_ci95=1.0, recovery=0.75: p_los=0.0089 (89/10000)
[294/2160] dpsi=26.0, pos_ci95=3.0, vel_ci95=1.0, recovery=0.5: p_los=0.1126 (1126/10000)
[295/2160] dpsi=26.0, pos_ci95=3.0, vel_ci95=3.0, recovery=ftr: p_los=0.346 (3460/10000)
[296/2160] dpsi=26.0, pos_ci95=3.0, vel_ci95=3.0, recovery=0.999: p_los=0.0032 (32/10000)
[297/2160] dpsi=26.0, pos_ci95=3.0, vel_ci95=3.0, recovery=0.99: p_los=0.0059 (59/10000)
[298/2160] dpsi=26.0, pos_ci95=3.0, vel_ci95=3.0, recovery=0.9: p_los=0.0182 (182/10000)
[299/2160] dpsi=26.0, pos_ci95=3.0, vel_ci95=3.0, recovery=0.75: p_los=0.0441 (441/10000)
[300/2160] dpsi=26.0, pos_ci95=3.0, vel_ci95=3.0, recovery=0.5: p_los=0.3016 (3016/10000)
[301/2160] dpsi=26.0, pos_ci95=10.0, vel_ci95=1.0, recovery=ftr: p_los=0.0786 (786/10000)
[302/2160] dpsi=26.0, pos_ci95=10.0, vel_ci95=1.0, recovery=0.999: p_los=0.0001 (1/10000)
[303/2160] dpsi=26.0, pos_ci95=10.0, vel_ci95=1.0, recovery=0.99: p_los=0.0002 (2/10000)
[304/2160] dpsi=26.0, pos_ci95=10.0, vel_ci95=1.0, recovery=0.9: p_los=0.0025 (25/10000)
[305/2160] dpsi=26.0, pos_ci95=10.0, vel_ci95=1.0, recovery=0.75: p_los=0.0093 (93/10000)
[306/2160] dpsi=26.0, pos_ci95=10.0, vel_ci95=1.0, recovery=0.5: p_los=0.0728 (728/10000)
[307/2160] dpsi=26.0, pos_ci95=10.0, vel_ci95=3.0, recovery=ftr: p_los=0.2447 (2447/10000)
[308/2160] dpsi=26.0, pos_ci95=10.0, vel_ci95=3.0, recovery=0.999: p_los=0.0026 (26/10000)
[309/2160] dpsi=26.0, pos_ci95=10.0, vel_ci95=3.0, recovery=0.99: p_los=0.0052 (52/10000)
[310/2160] dpsi=26.0, pos_ci95=10.0, vel_ci95=3.0, recovery=0.9: p_los=0.0166 (166/10000)
[311/2160] dpsi=26.0, pos_ci95=10.0, vel_ci95=3.0, recovery=0.75: p_los=0.0445 (445/10000)
[312/2160] dpsi=26.0, pos_ci95=10.0, vel_ci95=3.0, recovery=0.5: p_los=0.2193 (2193/10000)
[313/2160] dpsi=28.0, pos_ci95=3.0, vel_ci95=1.0, recovery=ftr: p_los=0.1134 (1134/10000)
[314/2160] dpsi=28.0, pos_ci95=3.0, vel_ci95=1.0, recovery=0.999: p_los=0 (0/10000)
[315/2160] dpsi=28.0, pos_ci95=3.0, vel_ci95=1.0, recovery=0.99: p_los=0.0001 (1/10000)
[316/2160] dpsi=28.0, pos_ci95=3.0, vel_ci95=1.0, recovery=0.9: p_los=0.0011 (11/10000)
[317/2160] dpsi=28.0, pos_ci95=3.0, vel_ci95=1.0, recovery=0.75: p_los=0.0055 (55/10000)
[318/2160] dpsi=28.0, pos_ci95=3.0, vel_ci95=1.0, recovery=0.5: p_los=0.1024 (1024/10000)
[319/2160] dpsi=28.0, pos_ci95=3.0, vel_ci95=3.0, recovery=ftr: p_los=0.3288 (3288/10000)
[320/2160] dpsi=28.0, pos_ci95=3.0, vel_ci95=3.0, recovery=0.999: p_los=0.0027 (27/10000)
[321/2160] dpsi=28.0, pos_ci95=3.0, vel_ci95=3.0, recovery=0.99: p_los=0.0069 (69/10000)
[322/2160] dpsi=28.0, pos_ci95=3.0, vel_ci95=3.0, recovery=0.9: p_los=0.0134 (134/10000)
[323/2160] dpsi=28.0, pos_ci95=3.0, vel_ci95=3.0, recovery=0.75: p_los=0.0409 (409/10000)
[324/2160] dpsi=28.0, pos_ci95=3.0, vel_ci95=3.0, recovery=0.5: p_los=0.2922 (2922/10000)
[325/2160] dpsi=28.0, pos_ci95=10.0, vel_ci95=1.0, recovery=ftr: p_los=0.0749 (749/10000)
[326/2160] dpsi=28.0, pos_ci95=10.0, vel_ci95=1.0, recovery=0.999: p_los=0.0001 (1/10000)
[327/2160] dpsi=28.0, pos_ci95=10.0, vel_ci95=1.0, recovery=0.99: p_los=0.0002 (2/10000)
[328/2160] dpsi=28.0, pos_ci95=10.0, vel_ci95=1.0, recovery=0.9: p_los=0.0016 (16/10000)
[329/2160] dpsi=28.0, pos_ci95=10.0, vel_ci95=1.0, recovery=0.75: p_los=0.0084 (84/10000)
[330/2160] dpsi=28.0, pos_ci95=10.0, vel_ci95=1.0, recovery=0.5: p_los=0.0721 (721/10000)
[331/2160] dpsi=28.0, pos_ci95=10.0, vel_ci95=3.0, recovery=ftr: p_los=0.2453 (2453/10000)
[332/2160] dpsi=28.0, pos_ci95=10.0, vel_ci95=3.0, recovery=0.999: p_los=0.0021 (21/10000)
[333/2160] dpsi=28.0, pos_ci95=10.0, vel_ci95=3.0, recovery=0.99: p_los=0.0041 (41/10000)
[334/2160] dpsi=28.0, pos_ci95=10.0, vel_ci95=3.0, recovery=0.9: p_los=0.0164 (164/10000)
[335/2160] dpsi=28.0, pos_ci95=10.0, vel_ci95=3.0, recovery=0.75: p_los=0.0431 (431/10000)
[336/2160] dpsi=28.0, pos_ci95=10.0, vel_ci95=3.0, recovery=0.5: p_los=0.2159 (2159/10000)
[337/2160] dpsi=30.0, pos_ci95=3.0, vel_ci95=1.0, recovery=ftr: p_los=0.1034 (1034/10000)
[338/2160] dpsi=30.0, pos_ci95=3.0, vel_ci95=1.0, recovery=0.999: p_los=0.0001 (1/10000)
[339/2160] dpsi=30.0, pos_ci95=3.0, vel_ci95=1.0, recovery=0.99: p_los=0 (0/10000)
[340/2160] dpsi=30.0, pos_ci95=3.0, vel_ci95=1.0, recovery=0.9: p_los=0.0023 (23/10000)
[341/2160] dpsi=30.0, pos_ci95=3.0, vel_ci95=1.0, recovery=0.75: p_los=0.0093 (93/10000)
[342/2160] dpsi=30.0, pos_ci95=3.0, vel_ci95=1.0, recovery=0.5: p_los=0.0984 (984/10000)
[343/2160] dpsi=30.0, pos_ci95=3.0, vel_ci95=3.0, recovery=ftr: p_los=0.3216 (3216/10000)
[344/2160] dpsi=30.0, pos_ci95=3.0, vel_ci95=3.0, recovery=0.999: p_los=0.0025 (25/10000)
[345/2160] dpsi=30.0, pos_ci95=3.0, vel_ci95=3.0, recovery=0.99: p_los=0.0056 (56/10000)
[346/2160] dpsi=30.0, pos_ci95=3.0, vel_ci95=3.0, recovery=0.9: p_los=0.0139 (139/10000)
[347/2160] dpsi=30.0, pos_ci95=3.0, vel_ci95=3.0, recovery=0.75: p_los=0.0377 (377/10000)
[348/2160] dpsi=30.0, pos_ci95=3.0, vel_ci95=3.0, recovery=0.5: p_los=0.2871 (2871/10000)
[349/2160] dpsi=30.0, pos_ci95=10.0, vel_ci95=1.0, recovery=ftr: p_los=0.0789 (789/10000)
[350/2160] dpsi=30.0, pos_ci95=10.0, vel_ci95=1.0, recovery=0.999: p_los=0 (0/10000)
[351/2160] dpsi=30.0, pos_ci95=10.0, vel_ci95=1.0, recovery=0.99: p_los=0.0002 (2/10000)
[352/2160] dpsi=30.0, pos_ci95=10.0, vel_ci95=1.0, recovery=0.9: p_los=0.0023 (23/10000)
[353/2160] dpsi=30.0, pos_ci95=10.0, vel_ci95=1.0, recovery=0.75: p_los=0.0103 (103/10000)
[354/2160] dpsi=30.0, pos_ci95=10.0, vel_ci95=1.0, recovery=0.5: p_los=0.0782 (782/10000)
[355/2160] dpsi=30.0, pos_ci95=10.0, vel_ci95=3.0, recovery=ftr: p_los=0.2398 (2398/10000)
[356/2160] dpsi=30.0, pos_ci95=10.0, vel_ci95=3.0, recovery=0.999: p_los=0.0018 (18/10000)
[357/2160] dpsi=30.0, pos_ci95=10.0, vel_ci95=3.0, recovery=0.99: p_los=0.004 (40/10000)
[358/2160] dpsi=30.0, pos_ci95=10.0, vel_ci95=3.0, recovery=0.9: p_los=0.0135 (135/10000)
[359/2160] dpsi=30.0, pos_ci95=10.0, vel_ci95=3.0, recovery=0.75: p_los=0.0423 (423/10000)
[360/2160] dpsi=30.0, pos_ci95=10.0, vel_ci95=3.0, recovery=0.5: p_los=0.2107 (2107/10000)
[361/2160] dpsi=32.0, pos_ci95=3.0, vel_ci95=1.0, recovery=ftr: p_los=0.094 (940/10000)
[362/2160] dpsi=32.0, pos_ci95=3.0, vel_ci95=1.0, recovery=0.999: p_los=0 (0/10000)
[363/2160] dpsi=32.0, pos_ci95=3.0, vel_ci95=1.0, recovery=0.99: p_los=0.0002 (2/10000)
[364/2160] dpsi=32.0, pos_ci95=3.0, vel_ci95=1.0, recovery=0.9: p_los=0.0025 (25/10000)
[365/2160] dpsi=32.0, pos_ci95=3.0, vel_ci95=1.0, recovery=0.75: p_los=0.0071 (71/10000)
[366/2160] dpsi=32.0, pos_ci95=3.0, vel_ci95=1.0, recovery=0.5: p_los=0.0881 (881/10000)
[367/2160] dpsi=32.0, pos_ci95=3.0, vel_ci95=3.0, recovery=ftr: p_los=0.3196 (3196/10000)
[368/2160] dpsi=32.0, pos_ci95=3.0, vel_ci95=3.0, recovery=0.999: p_los=0.0028 (28/10000)
[369/2160] dpsi=32.0, pos_ci95=3.0, vel_ci95=3.0, recovery=0.99: p_los=0.0061 (61/10000)
[370/2160] dpsi=32.0, pos_ci95=3.0, vel_ci95=3.0, recovery=0.9: p_los=0.0127 (127/10000)
[371/2160] dpsi=32.0, pos_ci95=3.0, vel_ci95=3.0, recovery=0.75: p_los=0.0375 (375/10000)
[372/2160] dpsi=32.0, pos_ci95=3.0, vel_ci95=3.0, recovery=0.5: p_los=0.2794 (2794/10000)
[373/2160] dpsi=32.0, pos_ci95=10.0, vel_ci95=1.0, recovery=ftr: p_los=0.0728 (728/10000)
[374/2160] dpsi=32.0, pos_ci95=10.0, vel_ci95=1.0, recovery=0.999: p_los=0.0001 (1/10000)
[375/2160] dpsi=32.0, pos_ci95=10.0, vel_ci95=1.0, recovery=0.99: p_los=0.0001 (1/10000)
[376/2160] dpsi=32.0, pos_ci95=10.0, vel_ci95=1.0, recovery=0.9: p_los=0.0018 (18/10000)
[377/2160] dpsi=32.0, pos_ci95=10.0, vel_ci95=1.0, recovery=0.75: p_los=0.009 (90/10000)
[378/2160] dpsi=32.0, pos_ci95=10.0, vel_ci95=1.0, recovery=0.5: p_los=0.075 (750/10000)
[379/2160] dpsi=32.0, pos_ci95=10.0, vel_ci95=3.0, recovery=ftr: p_los=0.2419 (2419/10000)
[380/2160] dpsi=32.0, pos_ci95=10.0, vel_ci95=3.0, recovery=0.999: p_los=0.0021 (21/10000)
[381/2160] dpsi=32.0, pos_ci95=10.0, vel_ci95=3.0, recovery=0.99: p_los=0.0047 (47/10000)
[382/2160] dpsi=32.0, pos_ci95=10.0, vel_ci95=3.0, recovery=0.9: p_los=0.0142 (142/10000)
[383/2160] dpsi=32.0, pos_ci95=10.0, vel_ci95=3.0, recovery=0.75: p_los=0.0432 (432/10000)
[384/2160] dpsi=32.0, pos_ci95=10.0, vel_ci95=3.0, recovery=0.5: p_los=0.2133 (2133/10000)
[385/2160] dpsi=34.0, pos_ci95=3.0, vel_ci95=1.0, recovery=ftr: p_los=0.0899 (899/10000)
[386/2160] dpsi=34.0, pos_ci95=3.0, vel_ci95=1.0, recovery=0.999: p_los=0 (0/10000)
[387/2160] dpsi=34.0, pos_ci95=3.0, vel_ci95=1.0, recovery=0.99: p_los=0.0004 (4/10000)
[388/2160] dpsi=34.0, pos_ci95=3.0, vel_ci95=1.0, recovery=0.9: p_los=0.0016 (16/10000)
[389/2160] dpsi=34.0, pos_ci95=3.0, vel_ci95=1.0, recovery=0.75: p_los=0.0073 (73/10000)
[390/2160] dpsi=34.0, pos_ci95=3.0, vel_ci95=1.0, recovery=0.5: p_los=0.0901 (901/10000)
[391/2160] dpsi=34.0, pos_ci95=3.0, vel_ci95=3.0, recovery=ftr: p_los=0.3122 (3122/10000)
[392/2160] dpsi=34.0, pos_ci95=3.0, vel_ci95=3.0, recovery=0.999: p_los=0.0026 (26/10000)
[393/2160] dpsi=34.0, pos_ci95=3.0, vel_ci95=3.0, recovery=0.99: p_los=0.0053 (53/10000)
[394/2160] dpsi=34.0, pos_ci95=3.0, vel_ci95=3.0, recovery=0.9: p_los=0.0122 (122/10000)
[395/2160] dpsi=34.0, pos_ci95=3.0, vel_ci95=3.0, recovery=0.75: p_los=0.0355 (355/10000)
[396/2160] dpsi=34.0, pos_ci95=3.0, vel_ci95=3.0, recovery=0.5: p_los=0.2798 (2798/10000)
[397/2160] dpsi=34.0, pos_ci95=10.0, vel_ci95=1.0, recovery=ftr: p_los=0.0735 (735/10000)
[398/2160] dpsi=34.0, pos_ci95=10.0, vel_ci95=1.0, recovery=0.999: p_los=0.0001 (1/10000)
[399/2160] dpsi=34.0, pos_ci95=10.0, vel_ci95=1.0, recovery=0.99: p_los=0 (0/10000)
[400/2160] dpsi=34.0, pos_ci95=10.0, vel_ci95=1.0, recovery=0.9: p_los=0.0023 (23/10000)
[401/2160] dpsi=34.0, pos_ci95=10.0, vel_ci95=1.0, recovery=0.75: p_los=0.0101 (101/10000)
[402/2160] dpsi=34.0, pos_ci95=10.0, vel_ci95=1.0, recovery=0.5: p_los=0.0725 (725/10000)
[403/2160] dpsi=34.0, pos_ci95=10.0, vel_ci95=3.0, recovery=ftr: p_los=0.23 (2300/10000)
[404/2160] dpsi=34.0, pos_ci95=10.0, vel_ci95=3.0, recovery=0.999: p_los=0.0024 (24/10000)
[405/2160] dpsi=34.0, pos_ci95=10.0, vel_ci95=3.0, recovery=0.99: p_los=0.0037 (37/10000)
[406/2160] dpsi=34.0, pos_ci95=10.0, vel_ci95=3.0, recovery=0.9: p_los=0.0131 (131/10000)
[407/2160] dpsi=34.0, pos_ci95=10.0, vel_ci95=3.0, recovery=0.75: p_los=0.0419 (419/10000)
[408/2160] dpsi=34.0, pos_ci95=10.0, vel_ci95=3.0, recovery=0.5: p_los=0.2207 (2207/10000)
[409/2160] dpsi=36.0, pos_ci95=3.0, vel_ci95=1.0, recovery=ftr: p_los=0.0842 (842/10000)
[410/2160] dpsi=36.0, pos_ci95=3.0, vel_ci95=1.0, recovery=0.999: p_los=0.0001 (1/10000)
[411/2160] dpsi=36.0, pos_ci95=3.0, vel_ci95=1.0, recovery=0.99: p_los=0.0001 (1/10000)
[412/2160] dpsi=36.0, pos_ci95=3.0, vel_ci95=1.0, recovery=0.9: p_los=0.0016 (16/10000)
[413/2160] dpsi=36.0, pos_ci95=3.0, vel_ci95=1.0, recovery=0.75: p_los=0.0055 (55/10000)
[414/2160] dpsi=36.0, pos_ci95=3.0, vel_ci95=1.0, recovery=0.5: p_los=0.0822 (822/10000)
[415/2160] dpsi=36.0, pos_ci95=3.0, vel_ci95=3.0, recovery=ftr: p_los=0.3005 (3005/10000)
[416/2160] dpsi=36.0, pos_ci95=3.0, vel_ci95=3.0, recovery=0.999: p_los=0.002 (20/10000)
[417/2160] dpsi=36.0, pos_ci95=3.0, vel_ci95=3.0, recovery=0.99: p_los=0.0045 (45/10000)
[418/2160] dpsi=36.0, pos_ci95=3.0, vel_ci95=3.0, recovery=0.9: p_los=0.0114 (114/10000)
[419/2160] dpsi=36.0, pos_ci95=3.0, vel_ci95=3.0, recovery=0.75: p_los=0.0336 (336/10000)
[420/2160] dpsi=36.0, pos_ci95=3.0, vel_ci95=3.0, recovery=0.5: p_los=0.2811 (2811/10000)
[421/2160] dpsi=36.0, pos_ci95=10.0, vel_ci95=1.0, recovery=ftr: p_los=0.0662 (662/10000)
[422/2160] dpsi=36.0, pos_ci95=10.0, vel_ci95=1.0, recovery=0.999: p_los=0.0001 (1/10000)
[423/2160] dpsi=36.0, pos_ci95=10.0, vel_ci95=1.0, recovery=0.99: p_los=0.0002 (2/10000)
[424/2160] dpsi=36.0, pos_ci95=10.0, vel_ci95=1.0, recovery=0.9: p_los=0.0024 (24/10000)
[425/2160] dpsi=36.0, pos_ci95=10.0, vel_ci95=1.0, recovery=0.75: p_los=0.0095 (95/10000)
[426/2160] dpsi=36.0, pos_ci95=10.0, vel_ci95=1.0, recovery=0.5: p_los=0.0681 (681/10000)
[427/2160] dpsi=36.0, pos_ci95=10.0, vel_ci95=3.0, recovery=ftr: p_los=0.2299 (2299/10000)
[428/2160] dpsi=36.0, pos_ci95=10.0, vel_ci95=3.0, recovery=0.999: p_los=0.0028 (28/10000)
[429/2160] dpsi=36.0, pos_ci95=10.0, vel_ci95=3.0, recovery=0.99: p_los=0.0052 (52/10000)
[430/2160] dpsi=36.0, pos_ci95=10.0, vel_ci95=3.0, recovery=0.9: p_los=0.0137 (137/10000)
[431/2160] dpsi=36.0, pos_ci95=10.0, vel_ci95=3.0, recovery=0.75: p_los=0.0402 (402/10000)
[432/2160] dpsi=36.0, pos_ci95=10.0, vel_ci95=3.0, recovery=0.5: p_los=0.2144 (2144/10000)
[433/2160] dpsi=38.0, pos_ci95=3.0, vel_ci95=1.0, recovery=ftr: p_los=0.0792 (792/10000)
[434/2160] dpsi=38.0, pos_ci95=3.0, vel_ci95=1.0, recovery=0.999: p_los=0.0002 (2/10000)
[435/2160] dpsi=38.0, pos_ci95=3.0, vel_ci95=1.0, recovery=0.99: p_los=0.0001 (1/10000)
[436/2160] dpsi=38.0, pos_ci95=3.0, vel_ci95=1.0, recovery=0.9: p_los=0.0017 (17/10000)
[437/2160] dpsi=38.0, pos_ci95=3.0, vel_ci95=1.0, recovery=0.75: p_los=0.0069 (69/10000)
[438/2160] dpsi=38.0, pos_ci95=3.0, vel_ci95=1.0, recovery=0.5: p_los=0.0772 (772/10000)
[439/2160] dpsi=38.0, pos_ci95=3.0, vel_ci95=3.0, recovery=ftr: p_los=0.2988 (2988/10000)
[440/2160] dpsi=38.0, pos_ci95=3.0, vel_ci95=3.0, recovery=0.999: p_los=0.0023 (23/10000)
[441/2160] dpsi=38.0, pos_ci95=3.0, vel_ci95=3.0, recovery=0.99: p_los=0.005 (50/10000)
[442/2160] dpsi=38.0, pos_ci95=3.0, vel_ci95=3.0, recovery=0.9: p_los=0.0105 (105/10000)
[443/2160] dpsi=38.0, pos_ci95=3.0, vel_ci95=3.0, recovery=0.75: p_los=0.0353 (353/10000)
[444/2160] dpsi=38.0, pos_ci95=3.0, vel_ci95=3.0, recovery=0.5: p_los=0.2759 (2759/10000)
[445/2160] dpsi=38.0, pos_ci95=10.0, vel_ci95=1.0, recovery=ftr: p_los=0.0705 (705/10000)
[446/2160] dpsi=38.0, pos_ci95=10.0, vel_ci95=1.0, recovery=0.999: p_los=0.0001 (1/10000)
[447/2160] dpsi=38.0, pos_ci95=10.0, vel_ci95=1.0, recovery=0.99: p_los=0 (0/10000)
[448/2160] dpsi=38.0, pos_ci95=10.0, vel_ci95=1.0, recovery=0.9: p_los=0.0018 (18/10000)
[449/2160] dpsi=38.0, pos_ci95=10.0, vel_ci95=1.0, recovery=0.75: p_los=0.0074 (74/10000)
[450/2160] dpsi=38.0, pos_ci95=10.0, vel_ci95=1.0, recovery=0.5: p_los=0.0681 (681/10000)
[451/2160] dpsi=38.0, pos_ci95=10.0, vel_ci95=3.0, recovery=ftr: p_los=0.2188 (2188/10000)
[452/2160] dpsi=38.0, pos_ci95=10.0, vel_ci95=3.0, recovery=0.999: p_los=0.0024 (24/10000)
[453/2160] dpsi=38.0, pos_ci95=10.0, vel_ci95=3.0, recovery=0.99: p_los=0.0046 (46/10000)
[454/2160] dpsi=38.0, pos_ci95=10.0, vel_ci95=3.0, recovery=0.9: p_los=0.0127 (127/10000)
[455/2160] dpsi=38.0, pos_ci95=10.0, vel_ci95=3.0, recovery=0.75: p_los=0.0426 (426/10000)
[456/2160] dpsi=38.0, pos_ci95=10.0, vel_ci95=3.0, recovery=0.5: p_los=0.2099 (2099/10000)
[457/2160] dpsi=40.0, pos_ci95=3.0, vel_ci95=1.0, recovery=ftr: p_los=0.0764 (764/10000)
[458/2160] dpsi=40.0, pos_ci95=3.0, vel_ci95=1.0, recovery=0.999: p_los=0 (0/10000)
[459/2160] dpsi=40.0, pos_ci95=3.0, vel_ci95=1.0, recovery=0.99: p_los=0.0001 (1/10000)
[460/2160] dpsi=40.0, pos_ci95=3.0, vel_ci95=1.0, recovery=0.9: p_los=0.0027 (27/10000)
[461/2160] dpsi=40.0, pos_ci95=3.0, vel_ci95=1.0, recovery=0.75: p_los=0.0062 (62/10000)
[462/2160] dpsi=40.0, pos_ci95=3.0, vel_ci95=1.0, recovery=0.5: p_los=0.0731 (731/10000)
[463/2160] dpsi=40.0, pos_ci95=3.0, vel_ci95=3.0, recovery=ftr: p_los=0.2884 (2884/10000)
[464/2160] dpsi=40.0, pos_ci95=3.0, vel_ci95=3.0, recovery=0.999: p_los=0.0019 (19/10000)
[465/2160] dpsi=40.0, pos_ci95=3.0, vel_ci95=3.0, recovery=0.99: p_los=0.0066 (66/10000)
[466/2160] dpsi=40.0, pos_ci95=3.0, vel_ci95=3.0, recovery=0.9: p_los=0.0112 (112/10000)
[467/2160] dpsi=40.0, pos_ci95=3.0, vel_ci95=3.0, recovery=0.75: p_los=0.0314 (314/10000)
[468/2160] dpsi=40.0, pos_ci95=3.0, vel_ci95=3.0, recovery=0.5: p_los=0.2701 (2701/10000)
[469/2160] dpsi=40.0, pos_ci95=10.0, vel_ci95=1.0, recovery=ftr: p_los=0.0657 (657/10000)
[470/2160] dpsi=40.0, pos_ci95=10.0, vel_ci95=1.0, recovery=0.999: p_los=0 (0/10000)
[471/2160] dpsi=40.0, pos_ci95=10.0, vel_ci95=1.0, recovery=0.99: p_los=0 (0/10000)
[472/2160] dpsi=40.0, pos_ci95=10.0, vel_ci95=1.0, recovery=0.9: p_los=0.002 (20/10000)
[473/2160] dpsi=40.0, pos_ci95=10.0, vel_ci95=1.0, recovery=0.75: p_los=0.0087 (87/10000)
[474/2160] dpsi=40.0, pos_ci95=10.0, vel_ci95=1.0, recovery=0.5: p_los=0.0655 (655/10000)
[475/2160] dpsi=40.0, pos_ci95=10.0, vel_ci95=3.0, recovery=ftr: p_los=0.2233 (2233/10000)
[476/2160] dpsi=40.0, pos_ci95=10.0, vel_ci95=3.0, recovery=0.999: p_los=0.0025 (25/10000)
[477/2160] dpsi=40.0, pos_ci95=10.0, vel_ci95=3.0, recovery=0.99: p_los=0.0044 (44/10000)
[478/2160] dpsi=40.0, pos_ci95=10.0, vel_ci95=3.0, recovery=0.9: p_los=0.0119 (119/10000)
[479/2160] dpsi=40.0, pos_ci95=10.0, vel_ci95=3.0, recovery=0.75: p_los=0.0401 (401/10000)
[480/2160] dpsi=40.0, pos_ci95=10.0, vel_ci95=3.0, recovery=0.5: p_los=0.217 (2170/10000)
[481/2160] dpsi=42.0, pos_ci95=3.0, vel_ci95=1.0, recovery=ftr: p_los=0.0735 (735/10000)
[482/2160] dpsi=42.0, pos_ci95=3.0, vel_ci95=1.0, recovery=0.999: p_los=0 (0/10000)
[483/2160] dpsi=42.0, pos_ci95=3.0, vel_ci95=1.0, recovery=0.99: p_los=0.0002 (2/10000)
[484/2160] dpsi=42.0, pos_ci95=3.0, vel_ci95=1.0, recovery=0.9: p_los=0.0013 (13/10000)
[485/2160] dpsi=42.0, pos_ci95=3.0, vel_ci95=1.0, recovery=0.75: p_los=0.0061 (61/10000)
[486/2160] dpsi=42.0, pos_ci95=3.0, vel_ci95=1.0, recovery=0.5: p_los=0.0752 (752/10000)
[487/2160] dpsi=42.0, pos_ci95=3.0, vel_ci95=3.0, recovery=ftr: p_los=0.2903 (2903/10000)
[488/2160] dpsi=42.0, pos_ci95=3.0, vel_ci95=3.0, recovery=0.999: p_los=0.0033 (33/10000)
[489/2160] dpsi=42.0, pos_ci95=3.0, vel_ci95=3.0, recovery=0.99: p_los=0.0037 (37/10000)
[490/2160] dpsi=42.0, pos_ci95=3.0, vel_ci95=3.0, recovery=0.9: p_los=0.0124 (124/10000)
[491/2160] dpsi=42.0, pos_ci95=3.0, vel_ci95=3.0, recovery=0.75: p_los=0.0321 (321/10000)
[492/2160] dpsi=42.0, pos_ci95=3.0, vel_ci95=3.0, recovery=0.5: p_los=0.2601 (2601/10000)
[493/2160] dpsi=42.0, pos_ci95=10.0, vel_ci95=1.0, recovery=ftr: p_los=0.0659 (659/10000)
[494/2160] dpsi=42.0, pos_ci95=10.0, vel_ci95=1.0, recovery=0.999: p_los=0.0001 (1/10000)
[495/2160] dpsi=42.0, pos_ci95=10.0, vel_ci95=1.0, recovery=0.99: p_los=0.0001 (1/10000)
[496/2160] dpsi=42.0, pos_ci95=10.0, vel_ci95=1.0, recovery=0.9: p_los=0.0017 (17/10000)
[497/2160] dpsi=42.0, pos_ci95=10.0, vel_ci95=1.0, recovery=0.75: p_los=0.0082 (82/10000)
[498/2160] dpsi=42.0, pos_ci95=10.0, vel_ci95=1.0, recovery=0.5: p_los=0.0683 (683/10000)
[499/2160] dpsi=42.0, pos_ci95=10.0, vel_ci95=3.0, recovery=ftr: p_los=0.2152 (2152/10000)
[500/2160] dpsi=42.0, pos_ci95=10.0, vel_ci95=3.0, recovery=0.999: p_los=0.0021 (21/10000)
[501/2160] dpsi=42.0, pos_ci95=10.0, vel_ci95=3.0, recovery=0.99: p_los=0.0035 (35/10000)
[502/2160] dpsi=42.0, pos_ci95=10.0, vel_ci95=3.0, recovery=0.9: p_los=0.0129 (129/10000)
[503/2160] dpsi=42.0, pos_ci95=10.0, vel_ci95=3.0, recovery=0.75: p_los=0.0425 (425/10000)
[504/2160] dpsi=42.0, pos_ci95=10.0, vel_ci95=3.0, recovery=0.5: p_los=0.2119 (2119/10000)
[505/2160] dpsi=44.0, pos_ci95=3.0, vel_ci95=1.0, recovery=ftr: p_los=0.0684 (684/10000)
[506/2160] dpsi=44.0, pos_ci95=3.0, vel_ci95=1.0, recovery=0.999: p_los=0.0001 (1/10000)
[507/2160] dpsi=44.0, pos_ci95=3.0, vel_ci95=1.0, recovery=0.99: p_los=0.0001 (1/10000)
[508/2160] dpsi=44.0, pos_ci95=3.0, vel_ci95=1.0, recovery=0.9: p_los=0.0014 (14/10000)
[509/2160] dpsi=44.0, pos_ci95=3.0, vel_ci95=1.0, recovery=0.75: p_los=0.0045 (45/10000)
[510/2160] dpsi=44.0, pos_ci95=3.0, vel_ci95=1.0, recovery=0.5: p_los=0.0689 (689/10000)
[511/2160] dpsi=44.0, pos_ci95=3.0, vel_ci95=3.0, recovery=ftr: p_los=0.2792 (2792/10000)
[512/2160] dpsi=44.0, pos_ci95=3.0, vel_ci95=3.0, recovery=0.999: p_los=0.0022 (22/10000)
[513/2160] dpsi=44.0, pos_ci95=3.0, vel_ci95=3.0, recovery=0.99: p_los=0.0052 (52/10000)
[514/2160] dpsi=44.0, pos_ci95=3.0, vel_ci95=3.0, recovery=0.9: p_los=0.0106 (106/10000)
[515/2160] dpsi=44.0, pos_ci95=3.0, vel_ci95=3.0, recovery=0.75: p_los=0.0345 (345/10000)
[516/2160] dpsi=44.0, pos_ci95=3.0, vel_ci95=3.0, recovery=0.5: p_los=0.2625 (2625/10000)
[517/2160] dpsi=44.0, pos_ci95=10.0, vel_ci95=1.0, recovery=ftr: p_los=0.0638 (638/10000)
[518/2160] dpsi=44.0, pos_ci95=10.0, vel_ci95=1.0, recovery=0.999: p_los=0 (0/10000)
[519/2160] dpsi=44.0, pos_ci95=10.0, vel_ci95=1.0, recovery=0.99: p_los=0.0001 (1/10000)
[520/2160] dpsi=44.0, pos_ci95=10.0, vel_ci95=1.0, recovery=0.9: p_los=0.0017 (17/10000)
[521/2160] dpsi=44.0, pos_ci95=10.0, vel_ci95=1.0, recovery=0.75: p_los=0.0071 (71/10000)
[522/2160] dpsi=44.0, pos_ci95=10.0, vel_ci95=1.0, recovery=0.5: p_los=0.061 (610/10000)
[523/2160] dpsi=44.0, pos_ci95=10.0, vel_ci95=3.0, recovery=ftr: p_los=0.2238 (2238/10000)
[524/2160] dpsi=44.0, pos_ci95=10.0, vel_ci95=3.0, recovery=0.999: p_los=0.0023 (23/10000)
[525/2160] dpsi=44.0, pos_ci95=10.0, vel_ci95=3.0, recovery=0.99: p_los=0.0038 (38/10000)
[526/2160] dpsi=44.0, pos_ci95=10.0, vel_ci95=3.0, recovery=0.9: p_los=0.0139 (139/10000)
[527/2160] dpsi=44.0, pos_ci95=10.0, vel_ci95=3.0, recovery=0.75: p_los=0.0409 (409/10000)
[528/2160] dpsi=44.0, pos_ci95=10.0, vel_ci95=3.0, recovery=0.5: p_los=0.2059 (2059/10000)
[529/2160] dpsi=46.0, pos_ci95=3.0, vel_ci95=1.0, recovery=ftr: p_los=0.0698 (698/10000)
[530/2160] dpsi=46.0, pos_ci95=3.0, vel_ci95=1.0, recovery=0.999: p_los=0.0002 (2/10000)
[531/2160] dpsi=46.0, pos_ci95=3.0, vel_ci95=1.0, recovery=0.99: p_los=0.0004 (4/10000)
[532/2160] dpsi=46.0, pos_ci95=3.0, vel_ci95=1.0, recovery=0.9: p_los=0.0007 (7/10000)
[533/2160] dpsi=46.0, pos_ci95=3.0, vel_ci95=1.0, recovery=0.75: p_los=0.0046 (46/10000)
[534/2160] dpsi=46.0, pos_ci95=3.0, vel_ci95=1.0, recovery=0.5: p_los=0.0633 (633/10000)
[535/2160] dpsi=46.0, pos_ci95=3.0, vel_ci95=3.0, recovery=ftr: p_los=0.2799 (2799/10000)
[536/2160] dpsi=46.0, pos_ci95=3.0, vel_ci95=3.0, recovery=0.999: p_los=0.0028 (28/10000)
[537/2160] dpsi=46.0, pos_ci95=3.0, vel_ci95=3.0, recovery=0.99: p_los=0.0041 (41/10000)
[538/2160] dpsi=46.0, pos_ci95=3.0, vel_ci95=3.0, recovery=0.9: p_los=0.0121 (121/10000)
[539/2160] dpsi=46.0, pos_ci95=3.0, vel_ci95=3.0, recovery=0.75: p_los=0.033 (330/10000)
[540/2160] dpsi=46.0, pos_ci95=3.0, vel_ci95=3.0, recovery=0.5: p_los=0.2645 (2645/10000)
[541/2160] dpsi=46.0, pos_ci95=10.0, vel_ci95=1.0, recovery=ftr: p_los=0.0557 (557/10000)
[542/2160] dpsi=46.0, pos_ci95=10.0, vel_ci95=1.0, recovery=0.999: p_los=0.0001 (1/10000)
[543/2160] dpsi=46.0, pos_ci95=10.0, vel_ci95=1.0, recovery=0.99: p_los=0.0001 (1/10000)
[544/2160] dpsi=46.0, pos_ci95=10.0, vel_ci95=1.0, recovery=0.9: p_los=0.0023 (23/10000)
[545/2160] dpsi=46.0, pos_ci95=10.0, vel_ci95=1.0, recovery=0.75: p_los=0.0084 (84/10000)
[546/2160] dpsi=46.0, pos_ci95=10.0, vel_ci95=1.0, recovery=0.5: p_los=0.0594 (594/10000)
[547/2160] dpsi=46.0, pos_ci95=10.0, vel_ci95=3.0, recovery=ftr: p_los=0.2172 (2172/10000)
[548/2160] dpsi=46.0, pos_ci95=10.0, vel_ci95=3.0, recovery=0.999: p_los=0.0018 (18/10000)
[549/2160] dpsi=46.0, pos_ci95=10.0, vel_ci95=3.0, recovery=0.99: p_los=0.0042 (42/10000)
[550/2160] dpsi=46.0, pos_ci95=10.0, vel_ci95=3.0, recovery=0.9: p_los=0.0122 (122/10000)
[551/2160] dpsi=46.0, pos_ci95=10.0, vel_ci95=3.0, recovery=0.75: p_los=0.0378 (378/10000)
[552/2160] dpsi=46.0, pos_ci95=10.0, vel_ci95=3.0, recovery=0.5: p_los=0.2101 (2101/10000)
[553/2160] dpsi=48.0, pos_ci95=3.0, vel_ci95=1.0, recovery=ftr: p_los=0.066 (660/10000)
[554/2160] dpsi=48.0, pos_ci95=3.0, vel_ci95=1.0, recovery=0.999: p_los=0.0001 (1/10000)
[555/2160] dpsi=48.0, pos_ci95=3.0, vel_ci95=1.0, recovery=0.99: p_los=0 (0/10000)
[556/2160] dpsi=48.0, pos_ci95=3.0, vel_ci95=1.0, recovery=0.9: p_los=0.0014 (14/10000)
[557/2160] dpsi=48.0, pos_ci95=3.0, vel_ci95=1.0, recovery=0.75: p_los=0.0052 (52/10000)
[558/2160] dpsi=48.0, pos_ci95=3.0, vel_ci95=1.0, recovery=0.5: p_los=0.0633 (633/10000)
[559/2160] dpsi=48.0, pos_ci95=3.0, vel_ci95=3.0, recovery=ftr: p_los=0.2597 (2597/10000)
[560/2160] dpsi=48.0, pos_ci95=3.0, vel_ci95=3.0, recovery=0.999: p_los=0.0031 (31/10000)
[561/2160] dpsi=48.0, pos_ci95=3.0, vel_ci95=3.0, recovery=0.99: p_los=0.0052 (52/10000)
[562/2160] dpsi=48.0, pos_ci95=3.0, vel_ci95=3.0, recovery=0.9: p_los=0.0109 (109/10000)
[563/2160] dpsi=48.0, pos_ci95=3.0, vel_ci95=3.0, recovery=0.75: p_los=0.0321 (321/10000)
[564/2160] dpsi=48.0, pos_ci95=3.0, vel_ci95=3.0, recovery=0.5: p_los=0.2548 (2548/10000)
[565/2160] dpsi=48.0, pos_ci95=10.0, vel_ci95=1.0, recovery=ftr: p_los=0.058 (580/10000)
[566/2160] dpsi=48.0, pos_ci95=10.0, vel_ci95=1.0, recovery=0.999: p_los=0 (0/10000)
[567/2160] dpsi=48.0, pos_ci95=10.0, vel_ci95=1.0, recovery=0.99: p_los=0 (0/10000)
[568/2160] dpsi=48.0, pos_ci95=10.0, vel_ci95=1.0, recovery=0.9: p_los=0.0009 (9/10000)
[569/2160] dpsi=48.0, pos_ci95=10.0, vel_ci95=1.0, recovery=0.75: p_los=0.0071 (71/10000)
[570/2160] dpsi=48.0, pos_ci95=10.0, vel_ci95=1.0, recovery=0.5: p_los=0.0535 (535/10000)
[571/2160] dpsi=48.0, pos_ci95=10.0, vel_ci95=3.0, recovery=ftr: p_los=0.207 (2070/10000)
[572/2160] dpsi=48.0, pos_ci95=10.0, vel_ci95=3.0, recovery=0.999: p_los=0.0024 (24/10000)
[573/2160] dpsi=48.0, pos_ci95=10.0, vel_ci95=3.0, recovery=0.99: p_los=0.0057 (57/10000)
[574/2160] dpsi=48.0, pos_ci95=10.0, vel_ci95=3.0, recovery=0.9: p_los=0.011 (110/10000)
[575/2160] dpsi=48.0, pos_ci95=10.0, vel_ci95=3.0, recovery=0.75: p_los=0.0343 (343/10000)
[576/2160] dpsi=48.0, pos_ci95=10.0, vel_ci95=3.0, recovery=0.5: p_los=0.2089 (2089/10000)
[577/2160] dpsi=50.0, pos_ci95=3.0, vel_ci95=1.0, recovery=ftr: p_los=0.0664 (664/10000)
[578/2160] dpsi=50.0, pos_ci95=3.0, vel_ci95=1.0, recovery=0.999: p_los=0 (0/10000)
[579/2160] dpsi=50.0, pos_ci95=3.0, vel_ci95=1.0, recovery=0.99: p_los=0.0001 (1/10000)
[580/2160] dpsi=50.0, pos_ci95=3.0, vel_ci95=1.0, recovery=0.9: p_los=0.0009 (9/10000)
[581/2160] dpsi=50.0, pos_ci95=3.0, vel_ci95=1.0, recovery=0.75: p_los=0.0065 (65/10000)
[582/2160] dpsi=50.0, pos_ci95=3.0, vel_ci95=1.0, recovery=0.5: p_los=0.0646 (646/10000)
[583/2160] dpsi=50.0, pos_ci95=3.0, vel_ci95=3.0, recovery=ftr: p_los=0.2607 (2607/10000)
[584/2160] dpsi=50.0, pos_ci95=3.0, vel_ci95=3.0, recovery=0.999: p_los=0.0029 (29/10000)
[585/2160] dpsi=50.0, pos_ci95=3.0, vel_ci95=3.0, recovery=0.99: p_los=0.0057 (57/10000)
[586/2160] dpsi=50.0, pos_ci95=3.0, vel_ci95=3.0, recovery=0.9: p_los=0.0085 (85/10000)
[587/2160] dpsi=50.0, pos_ci95=3.0, vel_ci95=3.0, recovery=0.75: p_los=0.0318 (318/10000)
[588/2160] dpsi=50.0, pos_ci95=3.0, vel_ci95=3.0, recovery=0.5: p_los=0.2571 (2571/10000)
[589/2160] dpsi=50.0, pos_ci95=10.0, vel_ci95=1.0, recovery=ftr: p_los=0.0578 (578/10000)
[590/2160] dpsi=50.0, pos_ci95=10.0, vel_ci95=1.0, recovery=0.999: p_los=0 (0/10000)
[591/2160] dpsi=50.0, pos_ci95=10.0, vel_ci95=1.0, recovery=0.99: p_los=0.0001 (1/10000)
[592/2160] dpsi=50.0, pos_ci95=10.0, vel_ci95=1.0, recovery=0.9: p_los=0.0008 (8/10000)
[593/2160] dpsi=50.0, pos_ci95=10.0, vel_ci95=1.0, recovery=0.75: p_los=0.0056 (56/10000)
[594/2160] dpsi=50.0, pos_ci95=10.0, vel_ci95=1.0, recovery=0.5: p_los=0.051 (510/10000)
[595/2160] dpsi=50.0, pos_ci95=10.0, vel_ci95=3.0, recovery=ftr: p_los=0.1992 (1992/10000)
[596/2160] dpsi=50.0, pos_ci95=10.0, vel_ci95=3.0, recovery=0.999: p_los=0.0016 (16/10000)
[597/2160] dpsi=50.0, pos_ci95=10.0, vel_ci95=3.0, recovery=0.99: p_los=0.0035 (35/10000)
[598/2160] dpsi=50.0, pos_ci95=10.0, vel_ci95=3.0, recovery=0.9: p_los=0.0121 (121/10000)
[599/2160] dpsi=50.0, pos_ci95=10.0, vel_ci95=3.0, recovery=0.75: p_los=0.0368 (368/10000)
[600/2160] dpsi=50.0, pos_ci95=10.0, vel_ci95=3.0, recovery=0.5: p_los=0.1983 (1983/10000)
[601/2160] dpsi=52.0, pos_ci95=3.0, vel_ci95=1.0, recovery=ftr: p_los=0.0649 (649/10000)
[602/2160] dpsi=52.0, pos_ci95=3.0, vel_ci95=1.0, recovery=0.999: p_los=0 (0/10000)
[603/2160] dpsi=52.0, pos_ci95=3.0, vel_ci95=1.0, recovery=0.99: p_los=0 (0/10000)
[604/2160] dpsi=52.0, pos_ci95=3.0, vel_ci95=1.0, recovery=0.9: p_los=0.0014 (14/10000)
[605/2160] dpsi=52.0, pos_ci95=3.0, vel_ci95=1.0, recovery=0.75: p_los=0.0061 (61/10000)
[606/2160] dpsi=52.0, pos_ci95=3.0, vel_ci95=1.0, recovery=0.5: p_los=0.0678 (678/10000)
[607/2160] dpsi=52.0, pos_ci95=3.0, vel_ci95=3.0, recovery=ftr: p_los=0.2615 (2615/10000)
[608/2160] dpsi=52.0, pos_ci95=3.0, vel_ci95=3.0, recovery=0.999: p_los=0.0018 (18/10000)
[609/2160] dpsi=52.0, pos_ci95=3.0, vel_ci95=3.0, recovery=0.99: p_los=0.0046 (46/10000)
[610/2160] dpsi=52.0, pos_ci95=3.0, vel_ci95=3.0, recovery=0.9: p_los=0.0099 (99/10000)
[611/2160] dpsi=52.0, pos_ci95=3.0, vel_ci95=3.0, recovery=0.75: p_los=0.0327 (327/10000)
[612/2160] dpsi=52.0, pos_ci95=3.0, vel_ci95=3.0, recovery=0.5: p_los=0.2507 (2507/10000)
[613/2160] dpsi=52.0, pos_ci95=10.0, vel_ci95=1.0, recovery=ftr: p_los=0.0475 (475/10000)
[614/2160] dpsi=52.0, pos_ci95=10.0, vel_ci95=1.0, recovery=0.999: p_los=0 (0/10000)
[615/2160] dpsi=52.0, pos_ci95=10.0, vel_ci95=1.0, recovery=0.99: p_los=0 (0/10000)
[616/2160] dpsi=52.0, pos_ci95=10.0, vel_ci95=1.0, recovery=0.9: p_los=0.0005 (5/10000)
[617/2160] dpsi=52.0, pos_ci95=10.0, vel_ci95=1.0, recovery=0.75: p_los=0.007 (70/10000)
[618/2160] dpsi=52.0, pos_ci95=10.0, vel_ci95=1.0, recovery=0.5: p_los=0.0567 (567/10000)
[619/2160] dpsi=52.0, pos_ci95=10.0, vel_ci95=3.0, recovery=ftr: p_los=0.2054 (2054/10000)
[620/2160] dpsi=52.0, pos_ci95=10.0, vel_ci95=3.0, recovery=0.999: p_los=0.0026 (26/10000)
[621/2160] dpsi=52.0, pos_ci95=10.0, vel_ci95=3.0, recovery=0.99: p_los=0.004 (40/10000)
[622/2160] dpsi=52.0, pos_ci95=10.0, vel_ci95=3.0, recovery=0.9: p_los=0.0116 (116/10000)
[623/2160] dpsi=52.0, pos_ci95=10.0, vel_ci95=3.0, recovery=0.75: p_los=0.0396 (396/10000)
[624/2160] dpsi=52.0, pos_ci95=10.0, vel_ci95=3.0, recovery=0.5: p_los=0.2029 (2029/10000)
[625/2160] dpsi=54.0, pos_ci95=3.0, vel_ci95=1.0, recovery=ftr: p_los=0.0641 (641/10000)
[626/2160] dpsi=54.0, pos_ci95=3.0, vel_ci95=1.0, recovery=0.999: p_los=0 (0/10000)
[627/2160] dpsi=54.0, pos_ci95=3.0, vel_ci95=1.0, recovery=0.99: p_los=0.0001 (1/10000)
[628/2160] dpsi=54.0, pos_ci95=3.0, vel_ci95=1.0, recovery=0.9: p_los=0.0008 (8/10000)
[629/2160] dpsi=54.0, pos_ci95=3.0, vel_ci95=1.0, recovery=0.75: p_los=0.005 (50/10000)
[630/2160] dpsi=54.0, pos_ci95=3.0, vel_ci95=1.0, recovery=0.5: p_los=0.0607 (607/10000)
[631/2160] dpsi=54.0, pos_ci95=3.0, vel_ci95=3.0, recovery=ftr: p_los=0.2653 (2653/10000)
[632/2160] dpsi=54.0, pos_ci95=3.0, vel_ci95=3.0, recovery=0.999: p_los=0.0028 (28/10000)
[633/2160] dpsi=54.0, pos_ci95=3.0, vel_ci95=3.0, recovery=0.99: p_los=0.0058 (58/10000)
[634/2160] dpsi=54.0, pos_ci95=3.0, vel_ci95=3.0, recovery=0.9: p_los=0.0109 (109/10000)
[635/2160] dpsi=54.0, pos_ci95=3.0, vel_ci95=3.0, recovery=0.75: p_los=0.0338 (338/10000)
[636/2160] dpsi=54.0, pos_ci95=3.0, vel_ci95=3.0, recovery=0.5: p_los=0.2509 (2509/10000)
[637/2160] dpsi=54.0, pos_ci95=10.0, vel_ci95=1.0, recovery=ftr: p_los=0.0467 (467/10000)
[638/2160] dpsi=54.0, pos_ci95=10.0, vel_ci95=1.0, recovery=0.999: p_los=0 (0/10000)
[639/2160] dpsi=54.0, pos_ci95=10.0, vel_ci95=1.0, recovery=0.99: p_los=0.0001 (1/10000)
[640/2160] dpsi=54.0, pos_ci95=10.0, vel_ci95=1.0, recovery=0.9: p_los=0.0005 (5/10000)
[641/2160] dpsi=54.0, pos_ci95=10.0, vel_ci95=1.0, recovery=0.75: p_los=0.0051 (51/10000)
[642/2160] dpsi=54.0, pos_ci95=10.0, vel_ci95=1.0, recovery=0.5: p_los=0.0466 (466/10000)
[643/2160] dpsi=54.0, pos_ci95=10.0, vel_ci95=3.0, recovery=ftr: p_los=0.2111 (2111/10000)
[644/2160] dpsi=54.0, pos_ci95=10.0, vel_ci95=3.0, recovery=0.999: p_los=0.0023 (23/10000)
[645/2160] dpsi=54.0, pos_ci95=10.0, vel_ci95=3.0, recovery=0.99: p_los=0.0037 (37/10000)
[646/2160] dpsi=54.0, pos_ci95=10.0, vel_ci95=3.0, recovery=0.9: p_los=0.0132 (132/10000)
[647/2160] dpsi=54.0, pos_ci95=10.0, vel_ci95=3.0, recovery=0.75: p_los=0.0348 (348/10000)
[648/2160] dpsi=54.0, pos_ci95=10.0, vel_ci95=3.0, recovery=0.5: p_los=0.2002 (2002/10000)
[649/2160] dpsi=56.0, pos_ci95=3.0, vel_ci95=1.0, recovery=ftr: p_los=0.0682 (682/10000)
[650/2160] dpsi=56.0, pos_ci95=3.0, vel_ci95=1.0, recovery=0.999: p_los=0 (0/10000)
[651/2160] dpsi=56.0, pos_ci95=3.0, vel_ci95=1.0, recovery=0.99: p_los=0 (0/10000)
[652/2160] dpsi=56.0, pos_ci95=3.0, vel_ci95=1.0, recovery=0.9: p_los=0.0011 (11/10000)
[653/2160] dpsi=56.0, pos_ci95=3.0, vel_ci95=1.0, recovery=0.75: p_los=0.005 (50/10000)
[654/2160] dpsi=56.0, pos_ci95=3.0, vel_ci95=1.0, recovery=0.5: p_los=0.0677 (677/10000)
[655/2160] dpsi=56.0, pos_ci95=3.0, vel_ci95=3.0, recovery=ftr: p_los=0.2643 (2643/10000)
[656/2160] dpsi=56.0, pos_ci95=3.0, vel_ci95=3.0, recovery=0.999: p_los=0.0026 (26/10000)
[657/2160] dpsi=56.0, pos_ci95=3.0, vel_ci95=3.0, recovery=0.99: p_los=0.0053 (53/10000)
[658/2160] dpsi=56.0, pos_ci95=3.0, vel_ci95=3.0, recovery=0.9: p_los=0.0106 (106/10000)
[659/2160] dpsi=56.0, pos_ci95=3.0, vel_ci95=3.0, recovery=0.75: p_los=0.0333 (333/10000)
[660/2160] dpsi=56.0, pos_ci95=3.0, vel_ci95=3.0, recovery=0.5: p_los=0.2498 (2498/10000)
[661/2160] dpsi=56.0, pos_ci95=10.0, vel_ci95=1.0, recovery=ftr: p_los=0.0464 (464/10000)
[662/2160] dpsi=56.0, pos_ci95=10.0, vel_ci95=1.0, recovery=0.999: p_los=0 (0/10000)
[663/2160] dpsi=56.0, pos_ci95=10.0, vel_ci95=1.0, recovery=0.99: p_los=0 (0/10000)
[664/2160] dpsi=56.0, pos_ci95=10.0, vel_ci95=1.0, recovery=0.9: p_los=0.0012 (12/10000)
[665/2160] dpsi=56.0, pos_ci95=10.0, vel_ci95=1.0, recovery=0.75: p_los=0.0037 (37/10000)
[666/2160] dpsi=56.0, pos_ci95=10.0, vel_ci95=1.0, recovery=0.5: p_los=0.0445 (445/10000)
[667/2160] dpsi=56.0, pos_ci95=10.0, vel_ci95=3.0, recovery=ftr: p_los=0.2084 (2084/10000)
[668/2160] dpsi=56.0, pos_ci95=10.0, vel_ci95=3.0, recovery=0.999: p_los=0.0029 (29/10000)
[669/2160] dpsi=56.0, pos_ci95=10.0, vel_ci95=3.0, recovery=0.99: p_los=0.0048 (48/10000)
[670/2160] dpsi=56.0, pos_ci95=10.0, vel_ci95=3.0, recovery=0.9: p_los=0.013 (130/10000)
[671/2160] dpsi=56.0, pos_ci95=10.0, vel_ci95=3.0, recovery=0.75: p_los=0.0387 (387/10000)
[672/2160] dpsi=56.0, pos_ci95=10.0, vel_ci95=3.0, recovery=0.5: p_los=0.1942 (1942/10000)
[673/2160] dpsi=58.0, pos_ci95=3.0, vel_ci95=1.0, recovery=ftr: p_los=0.0655 (655/10000)
[674/2160] dpsi=58.0, pos_ci95=3.0, vel_ci95=1.0, recovery=0.999: p_los=0 (0/10000)
[675/2160] dpsi=58.0, pos_ci95=3.0, vel_ci95=1.0, recovery=0.99: p_los=0.0001 (1/10000)
[676/2160] dpsi=58.0, pos_ci95=3.0, vel_ci95=1.0, recovery=0.9: p_los=0.0013 (13/10000)
[677/2160] dpsi=58.0, pos_ci95=3.0, vel_ci95=1.0, recovery=0.75: p_los=0.0046 (46/10000)
[678/2160] dpsi=58.0, pos_ci95=3.0, vel_ci95=1.0, recovery=0.5: p_los=0.0611 (611/10000)
[679/2160] dpsi=58.0, pos_ci95=3.0, vel_ci95=3.0, recovery=ftr: p_los=0.2546 (2546/10000)
[680/2160] dpsi=58.0, pos_ci95=3.0, vel_ci95=3.0, recovery=0.999: p_los=0.0032 (32/10000)
[681/2160] dpsi=58.0, pos_ci95=3.0, vel_ci95=3.0, recovery=0.99: p_los=0.0054 (54/10000)
[682/2160] dpsi=58.0, pos_ci95=3.0, vel_ci95=3.0, recovery=0.9: p_los=0.0112 (112/10000)
[683/2160] dpsi=58.0, pos_ci95=3.0, vel_ci95=3.0, recovery=0.75: p_los=0.0328 (328/10000)
[684/2160] dpsi=58.0, pos_ci95=3.0, vel_ci95=3.0, recovery=0.5: p_los=0.2473 (2473/10000)
[685/2160] dpsi=58.0, pos_ci95=10.0, vel_ci95=1.0, recovery=ftr: p_los=0.0448 (448/10000)
[686/2160] dpsi=58.0, pos_ci95=10.0, vel_ci95=1.0, recovery=0.999: p_los=0 (0/10000)
[687/2160] dpsi=58.0, pos_ci95=10.0, vel_ci95=1.0, recovery=0.99: p_los=0.0002 (2/10000)
[688/2160] dpsi=58.0, pos_ci95=10.0, vel_ci95=1.0, recovery=0.9: p_los=0.0006 (6/10000)
[689/2160] dpsi=58.0, pos_ci95=10.0, vel_ci95=1.0, recovery=0.75: p_los=0.0051 (51/10000)
[690/2160] dpsi=58.0, pos_ci95=10.0, vel_ci95=1.0, recovery=0.5: p_los=0.0462 (462/10000)
[691/2160] dpsi=58.0, pos_ci95=10.0, vel_ci95=3.0, recovery=ftr: p_los=0.203 (2030/10000)
[692/2160] dpsi=58.0, pos_ci95=10.0, vel_ci95=3.0, recovery=0.999: p_los=0.002 (20/10000)
[693/2160] dpsi=58.0, pos_ci95=10.0, vel_ci95=3.0, recovery=0.99: p_los=0.0029 (29/10000)
[694/2160] dpsi=58.0, pos_ci95=10.0, vel_ci95=3.0, recovery=0.9: p_los=0.0129 (129/10000)
[695/2160] dpsi=58.0, pos_ci95=10.0, vel_ci95=3.0, recovery=0.75: p_los=0.0381 (381/10000)
[696/2160] dpsi=58.0, pos_ci95=10.0, vel_ci95=3.0, recovery=0.5: p_los=0.1996 (1996/10000)
[697/2160] dpsi=60.0, pos_ci95=3.0, vel_ci95=1.0, recovery=ftr: p_los=0.0666 (666/10000)
[698/2160] dpsi=60.0, pos_ci95=3.0, vel_ci95=1.0, recovery=0.999: p_los=0.0001 (1/10000)
[699/2160] dpsi=60.0, pos_ci95=3.0, vel_ci95=1.0, recovery=0.99: p_los=0.0002 (2/10000)
[700/2160] dpsi=60.0, pos_ci95=3.0, vel_ci95=1.0, recovery=0.9: p_los=0.0011 (11/10000)
[701/2160] dpsi=60.0, pos_ci95=3.0, vel_ci95=1.0, recovery=0.75: p_los=0.005 (50/10000)
[702/2160] dpsi=60.0, pos_ci95=3.0, vel_ci95=1.0, recovery=0.5: p_los=0.0619 (619/10000)
[703/2160] dpsi=60.0, pos_ci95=3.0, vel_ci95=3.0, recovery=ftr: p_los=0.2541 (2541/10000)
[704/2160] dpsi=60.0, pos_ci95=3.0, vel_ci95=3.0, recovery=0.999: p_los=0.0023 (23/10000)
[705/2160] dpsi=60.0, pos_ci95=3.0, vel_ci95=3.0, recovery=0.99: p_los=0.0054 (54/10000)
[706/2160] dpsi=60.0, pos_ci95=3.0, vel_ci95=3.0, recovery=0.9: p_los=0.0088 (88/10000)
[707/2160] dpsi=60.0, pos_ci95=3.0, vel_ci95=3.0, recovery=0.75: p_los=0.0313 (313/10000)
[708/2160] dpsi=60.0, pos_ci95=3.0, vel_ci95=3.0, recovery=0.5: p_los=0.2484 (2484/10000)
[709/2160] dpsi=60.0, pos_ci95=10.0, vel_ci95=1.0, recovery=ftr: p_los=0.0463 (463/10000)
[710/2160] dpsi=60.0, pos_ci95=10.0, vel_ci95=1.0, recovery=0.999: p_los=0 (0/10000)
[711/2160] dpsi=60.0, pos_ci95=10.0, vel_ci95=1.0, recovery=0.99: p_los=0.0001 (1/10000)
[712/2160] dpsi=60.0, pos_ci95=10.0, vel_ci95=1.0, recovery=0.9: p_los=0.0007 (7/10000)
[713/2160] dpsi=60.0, pos_ci95=10.0, vel_ci95=1.0, recovery=0.75: p_los=0.0048 (48/10000)
[714/2160] dpsi=60.0, pos_ci95=10.0, vel_ci95=1.0, recovery=0.5: p_los=0.0439 (439/10000)
[715/2160] dpsi=60.0, pos_ci95=10.0, vel_ci95=3.0, recovery=ftr: p_los=0.1992 (1992/10000)
[716/2160] dpsi=60.0, pos_ci95=10.0, vel_ci95=3.0, recovery=0.999: p_los=0.0026 (26/10000)
[717/2160] dpsi=60.0, pos_ci95=10.0, vel_ci95=3.0, recovery=0.99: p_los=0.0045 (45/10000)
[718/2160] dpsi=60.0, pos_ci95=10.0, vel_ci95=3.0, recovery=0.9: p_los=0.0115 (115/10000)
[719/2160] dpsi=60.0, pos_ci95=10.0, vel_ci95=3.0, recovery=0.75: p_los=0.0389 (389/10000)
[720/2160] dpsi=60.0, pos_ci95=10.0, vel_ci95=3.0, recovery=0.5: p_los=0.1875 (1875/10000)
[721/2160] dpsi=62.0, pos_ci95=3.0, vel_ci95=1.0, recovery=ftr: p_los=0.0635 (635/10000)
[722/2160] dpsi=62.0, pos_ci95=3.0, vel_ci95=1.0, recovery=0.999: p_los=0.0002 (2/10000)
[723/2160] dpsi=62.0, pos_ci95=3.0, vel_ci95=1.0, recovery=0.99: p_los=0.0002 (2/10000)
[724/2160] dpsi=62.0, pos_ci95=3.0, vel_ci95=1.0, recovery=0.9: p_los=0.0013 (13/10000)
[725/2160] dpsi=62.0, pos_ci95=3.0, vel_ci95=1.0, recovery=0.75: p_los=0.004 (40/10000)
[726/2160] dpsi=62.0, pos_ci95=3.0, vel_ci95=1.0, recovery=0.5: p_los=0.0628 (628/10000)
[727/2160] dpsi=62.0, pos_ci95=3.0, vel_ci95=3.0, recovery=ftr: p_los=0.2454 (2454/10000)
[728/2160] dpsi=62.0, pos_ci95=3.0, vel_ci95=3.0, recovery=0.999: p_los=0.0036 (36/10000)
[729/2160] dpsi=62.0, pos_ci95=3.0, vel_ci95=3.0, recovery=0.99: p_los=0.0051 (51/10000)
[730/2160] dpsi=62.0, pos_ci95=3.0, vel_ci95=3.0, recovery=0.9: p_los=0.0113 (113/10000)
[731/2160] dpsi=62.0, pos_ci95=3.0, vel_ci95=3.0, recovery=0.75: p_los=0.0297 (297/10000)
[732/2160] dpsi=62.0, pos_ci95=3.0, vel_ci95=3.0, recovery=0.5: p_los=0.242 (2420/10000)
[733/2160] dpsi=62.0, pos_ci95=10.0, vel_ci95=1.0, recovery=ftr: p_los=0.0435 (435/10000)
[734/2160] dpsi=62.0, pos_ci95=10.0, vel_ci95=1.0, recovery=0.999: p_los=0.0001 (1/10000)
[735/2160] dpsi=62.0, pos_ci95=10.0, vel_ci95=1.0, recovery=0.99: p_los=0 (0/10000)
[736/2160] dpsi=62.0, pos_ci95=10.0, vel_ci95=1.0, recovery=0.9: p_los=0.0007 (7/10000)
[737/2160] dpsi=62.0, pos_ci95=10.0, vel_ci95=1.0, recovery=0.75: p_los=0.0036 (36/10000)
[738/2160] dpsi=62.0, pos_ci95=10.0, vel_ci95=1.0, recovery=0.5: p_los=0.0446 (446/10000)
[739/2160] dpsi=62.0, pos_ci95=10.0, vel_ci95=3.0, recovery=ftr: p_los=0.192 (1920/10000)
[740/2160] dpsi=62.0, pos_ci95=10.0, vel_ci95=3.0, recovery=0.999: p_los=0.0016 (16/10000)
[741/2160] dpsi=62.0, pos_ci95=10.0, vel_ci95=3.0, recovery=0.99: p_los=0.0039 (39/10000)
[742/2160] dpsi=62.0, pos_ci95=10.0, vel_ci95=3.0, recovery=0.9: p_los=0.0115 (115/10000)
[743/2160] dpsi=62.0, pos_ci95=10.0, vel_ci95=3.0, recovery=0.75: p_los=0.0333 (333/10000)
[744/2160] dpsi=62.0, pos_ci95=10.0, vel_ci95=3.0, recovery=0.5: p_los=0.1862 (1862/10000)
[745/2160] dpsi=64.0, pos_ci95=3.0, vel_ci95=1.0, recovery=ftr: p_los=0.0613 (613/10000)
[746/2160] dpsi=64.0, pos_ci95=3.0, vel_ci95=1.0, recovery=0.999: p_los=0 (0/10000)
[747/2160] dpsi=64.0, pos_ci95=3.0, vel_ci95=1.0, recovery=0.99: p_los=0.0001 (1/10000)
[748/2160] dpsi=64.0, pos_ci95=3.0, vel_ci95=1.0, recovery=0.9: p_los=0.0011 (11/10000)
[749/2160] dpsi=64.0, pos_ci95=3.0, vel_ci95=1.0, recovery=0.75: p_los=0.0052 (52/10000)
[750/2160] dpsi=64.0, pos_ci95=3.0, vel_ci95=1.0, recovery=0.5: p_los=0.0623 (623/10000)
[751/2160] dpsi=64.0, pos_ci95=3.0, vel_ci95=3.0, recovery=ftr: p_los=0.239 (2390/10000)
[752/2160] dpsi=64.0, pos_ci95=3.0, vel_ci95=3.0, recovery=0.999: p_los=0.0031 (31/10000)
[753/2160] dpsi=64.0, pos_ci95=3.0, vel_ci95=3.0, recovery=0.99: p_los=0.0061 (61/10000)
[754/2160] dpsi=64.0, pos_ci95=3.0, vel_ci95=3.0, recovery=0.9: p_los=0.0099 (99/10000)
[755/2160] dpsi=64.0, pos_ci95=3.0, vel_ci95=3.0, recovery=0.75: p_los=0.0303 (303/10000)
[756/2160] dpsi=64.0, pos_ci95=3.0, vel_ci95=3.0, recovery=0.5: p_los=0.2452 (2452/10000)
[757/2160] dpsi=64.0, pos_ci95=10.0, vel_ci95=1.0, recovery=ftr: p_los=0.0431 (431/10000)
[758/2160] dpsi=64.0, pos_ci95=10.0, vel_ci95=1.0, recovery=0.999: p_los=0 (0/10000)
[759/2160] dpsi=64.0, pos_ci95=10.0, vel_ci95=1.0, recovery=0.99: p_los=0 (0/10000)
[760/2160] dpsi=64.0, pos_ci95=10.0, vel_ci95=1.0, recovery=0.9: p_los=0.0006 (6/10000)
[761/2160] dpsi=64.0, pos_ci95=10.0, vel_ci95=1.0, recovery=0.75: p_los=0.0037 (37/10000)
[762/2160] dpsi=64.0, pos_ci95=10.0, vel_ci95=1.0, recovery=0.5: p_los=0.0417 (417/10000)
[763/2160] dpsi=64.0, pos_ci95=10.0, vel_ci95=3.0, recovery=ftr: p_los=0.1876 (1876/10000)
[764/2160] dpsi=64.0, pos_ci95=10.0, vel_ci95=3.0, recovery=0.999: p_los=0.0028 (28/10000)
[765/2160] dpsi=64.0, pos_ci95=10.0, vel_ci95=3.0, recovery=0.99: p_los=0.0043 (43/10000)
[766/2160] dpsi=64.0, pos_ci95=10.0, vel_ci95=3.0, recovery=0.9: p_los=0.0115 (115/10000)
[767/2160] dpsi=64.0, pos_ci95=10.0, vel_ci95=3.0, recovery=0.75: p_los=0.036 (360/10000)
[768/2160] dpsi=64.0, pos_ci95=10.0, vel_ci95=3.0, recovery=0.5: p_los=0.179 (1790/10000)
[769/2160] dpsi=66.0, pos_ci95=3.0, vel_ci95=1.0, recovery=ftr: p_los=0.0665 (665/10000)
[770/2160] dpsi=66.0, pos_ci95=3.0, vel_ci95=1.0, recovery=0.999: p_los=0 (0/10000)
[771/2160] dpsi=66.0, pos_ci95=3.0, vel_ci95=1.0, recovery=0.99: p_los=0.0002 (2/10000)
[772/2160] dpsi=66.0, pos_ci95=3.0, vel_ci95=1.0, recovery=0.9: p_los=0.0008 (8/10000)
[773/2160] dpsi=66.0, pos_ci95=3.0, vel_ci95=1.0, recovery=0.75: p_los=0.0047 (47/10000)
[774/2160] dpsi=66.0, pos_ci95=3.0, vel_ci95=1.0, recovery=0.5: p_los=0.0588 (588/10000)
[775/2160] dpsi=66.0, pos_ci95=3.0, vel_ci95=3.0, recovery=ftr: p_los=0.2481 (2481/10000)
[776/2160] dpsi=66.0, pos_ci95=3.0, vel_ci95=3.0, recovery=0.999: p_los=0.0035 (35/10000)
[777/2160] dpsi=66.0, pos_ci95=3.0, vel_ci95=3.0, recovery=0.99: p_los=0.0052 (52/10000)
[778/2160] dpsi=66.0, pos_ci95=3.0, vel_ci95=3.0, recovery=0.9: p_los=0.0114 (114/10000)
[779/2160] dpsi=66.0, pos_ci95=3.0, vel_ci95=3.0, recovery=0.75: p_los=0.0282 (282/10000)
[780/2160] dpsi=66.0, pos_ci95=3.0, vel_ci95=3.0, recovery=0.5: p_los=0.2416 (2416/10000)
[781/2160] dpsi=66.0, pos_ci95=10.0, vel_ci95=1.0, recovery=ftr: p_los=0.0413 (413/10000)
[782/2160] dpsi=66.0, pos_ci95=10.0, vel_ci95=1.0, recovery=0.999: p_los=0 (0/10000)
[783/2160] dpsi=66.0, pos_ci95=10.0, vel_ci95=1.0, recovery=0.99: p_los=0 (0/10000)
[784/2160] dpsi=66.0, pos_ci95=10.0, vel_ci95=1.0, recovery=0.9: p_los=0.0007 (7/10000)
[785/2160] dpsi=66.0, pos_ci95=10.0, vel_ci95=1.0, recovery=0.75: p_los=0.0044 (44/10000)
[786/2160] dpsi=66.0, pos_ci95=10.0, vel_ci95=1.0, recovery=0.5: p_los=0.0427 (427/10000)
[787/2160] dpsi=66.0, pos_ci95=10.0, vel_ci95=3.0, recovery=ftr: p_los=0.1882 (1882/10000)
[788/2160] dpsi=66.0, pos_ci95=10.0, vel_ci95=3.0, recovery=0.999: p_los=0.0034 (34/10000)
[789/2160] dpsi=66.0, pos_ci95=10.0, vel_ci95=3.0, recovery=0.99: p_los=0.0048 (48/10000)
[790/2160] dpsi=66.0, pos_ci95=10.0, vel_ci95=3.0, recovery=0.9: p_los=0.0109 (109/10000)
[791/2160] dpsi=66.0, pos_ci95=10.0, vel_ci95=3.0, recovery=0.75: p_los=0.0349 (349/10000)
[792/2160] dpsi=66.0, pos_ci95=10.0, vel_ci95=3.0, recovery=0.5: p_los=0.1865 (1865/10000)
[793/2160] dpsi=68.0, pos_ci95=3.0, vel_ci95=1.0, recovery=ftr: p_los=0.0653 (653/10000)
[794/2160] dpsi=68.0, pos_ci95=3.0, vel_ci95=1.0, recovery=0.999: p_los=0.0003 (3/10000)
[795/2160] dpsi=68.0, pos_ci95=3.0, vel_ci95=1.0, recovery=0.99: p_los=0.0001 (1/10000)
[796/2160] dpsi=68.0, pos_ci95=3.0, vel_ci95=1.0, recovery=0.9: p_los=0.0013 (13/10000)
[797/2160] dpsi=68.0, pos_ci95=3.0, vel_ci95=1.0, recovery=0.75: p_los=0.0035 (35/10000)
[798/2160] dpsi=68.0, pos_ci95=3.0, vel_ci95=1.0, recovery=0.5: p_los=0.0644 (644/10000)
[799/2160] dpsi=68.0, pos_ci95=3.0, vel_ci95=3.0, recovery=ftr: p_los=0.2415 (2415/10000)
[800/2160] dpsi=68.0, pos_ci95=3.0, vel_ci95=3.0, recovery=0.999: p_los=0.0024 (24/10000)
[801/2160] dpsi=68.0, pos_ci95=3.0, vel_ci95=3.0, recovery=0.99: p_los=0.004 (40/10000)
[802/2160] dpsi=68.0, pos_ci95=3.0, vel_ci95=3.0, recovery=0.9: p_los=0.0113 (113/10000)
[803/2160] dpsi=68.0, pos_ci95=3.0, vel_ci95=3.0, recovery=0.75: p_los=0.0298 (298/10000)
[804/2160] dpsi=68.0, pos_ci95=3.0, vel_ci95=3.0, recovery=0.5: p_los=0.237 (2370/10000)
[805/2160] dpsi=68.0, pos_ci95=10.0, vel_ci95=1.0, recovery=ftr: p_los=0.04 (400/10000)
[806/2160] dpsi=68.0, pos_ci95=10.0, vel_ci95=1.0, recovery=0.999: p_los=0 (0/10000)
[807/2160] dpsi=68.0, pos_ci95=10.0, vel_ci95=1.0, recovery=0.99: p_los=0 (0/10000)
[808/2160] dpsi=68.0, pos_ci95=10.0, vel_ci95=1.0, recovery=0.9: p_los=0.0004 (4/10000)
[809/2160] dpsi=68.0, pos_ci95=10.0, vel_ci95=1.0, recovery=0.75: p_los=0.0055 (55/10000)
[810/2160] dpsi=68.0, pos_ci95=10.0, vel_ci95=1.0, recovery=0.5: p_los=0.0405 (405/10000)
[811/2160] dpsi=68.0, pos_ci95=10.0, vel_ci95=3.0, recovery=ftr: p_los=0.1885 (1885/10000)
[812/2160] dpsi=68.0, pos_ci95=10.0, vel_ci95=3.0, recovery=0.999: p_los=0.0017 (17/10000)
[813/2160] dpsi=68.0, pos_ci95=10.0, vel_ci95=3.0, recovery=0.99: p_los=0.0044 (44/10000)
[814/2160] dpsi=68.0, pos_ci95=10.0, vel_ci95=3.0, recovery=0.9: p_los=0.0117 (117/10000)
[815/2160] dpsi=68.0, pos_ci95=10.0, vel_ci95=3.0, recovery=0.75: p_los=0.0354 (354/10000)
[816/2160] dpsi=68.0, pos_ci95=10.0, vel_ci95=3.0, recovery=0.5: p_los=0.1865 (1865/10000)
[817/2160] dpsi=70.0, pos_ci95=3.0, vel_ci95=1.0, recovery=ftr: p_los=0.0696 (696/10000)
[818/2160] dpsi=70.0, pos_ci95=3.0, vel_ci95=1.0, recovery=0.999: p_los=0 (0/10000)
[819/2160] dpsi=70.0, pos_ci95=3.0, vel_ci95=1.0, recovery=0.99: p_los=0 (0/10000)
[820/2160] dpsi=70.0, pos_ci95=3.0, vel_ci95=1.0, recovery=0.9: p_los=0.001 (10/10000)
[821/2160] dpsi=70.0, pos_ci95=3.0, vel_ci95=1.0, recovery=0.75: p_los=0.0052 (52/10000)
[822/2160] dpsi=70.0, pos_ci95=3.0, vel_ci95=1.0, recovery=0.5: p_los=0.0633 (633/10000)
[823/2160] dpsi=70.0, pos_ci95=3.0, vel_ci95=3.0, recovery=ftr: p_los=0.2387 (2387/10000)
[824/2160] dpsi=70.0, pos_ci95=3.0, vel_ci95=3.0, recovery=0.999: p_los=0.0033 (33/10000)
[825/2160] dpsi=70.0, pos_ci95=3.0, vel_ci95=3.0, recovery=0.99: p_los=0.005 (50/10000)
[826/2160] dpsi=70.0, pos_ci95=3.0, vel_ci95=3.0, recovery=0.9: p_los=0.011 (110/10000)
[827/2160] dpsi=70.0, pos_ci95=3.0, vel_ci95=3.0, recovery=0.75: p_los=0.0299 (299/10000)
[828/2160] dpsi=70.0, pos_ci95=3.0, vel_ci95=3.0, recovery=0.5: p_los=0.2393 (2393/10000)
[829/2160] dpsi=70.0, pos_ci95=10.0, vel_ci95=1.0, recovery=ftr: p_los=0.0422 (422/10000)
[830/2160] dpsi=70.0, pos_ci95=10.0, vel_ci95=1.0, recovery=0.999: p_los=0.0001 (1/10000)
[831/2160] dpsi=70.0, pos_ci95=10.0, vel_ci95=1.0, recovery=0.99: p_los=0.0001 (1/10000)
[832/2160] dpsi=70.0, pos_ci95=10.0, vel_ci95=1.0, recovery=0.9: p_los=0.0006 (6/10000)
[833/2160] dpsi=70.0, pos_ci95=10.0, vel_ci95=1.0, recovery=0.75: p_los=0.0032 (32/10000)
[834/2160] dpsi=70.0, pos_ci95=10.0, vel_ci95=1.0, recovery=0.5: p_los=0.0388 (388/10000)
[835/2160] dpsi=70.0, pos_ci95=10.0, vel_ci95=3.0, recovery=ftr: p_los=0.1819 (1819/10000)
[836/2160] dpsi=70.0, pos_ci95=10.0, vel_ci95=3.0, recovery=0.999: p_los=0.0021 (21/10000)
[837/2160] dpsi=70.0, pos_ci95=10.0, vel_ci95=3.0, recovery=0.99: p_los=0.004 (40/10000)
[838/2160] dpsi=70.0, pos_ci95=10.0, vel_ci95=3.0, recovery=0.9: p_los=0.0118 (118/10000)
[839/2160] dpsi=70.0, pos_ci95=10.0, vel_ci95=3.0, recovery=0.75: p_los=0.0355 (355/10000)
[840/2160] dpsi=70.0, pos_ci95=10.0, vel_ci95=3.0, recovery=0.5: p_los=0.1883 (1883/10000)
[841/2160] dpsi=72.0, pos_ci95=3.0, vel_ci95=1.0, recovery=ftr: p_los=0.0698 (698/10000)
[842/2160] dpsi=72.0, pos_ci95=3.0, vel_ci95=1.0, recovery=0.999: p_los=0 (0/10000)
[843/2160] dpsi=72.0, pos_ci95=3.0, vel_ci95=1.0, recovery=0.99: p_los=0 (0/10000)
[844/2160] dpsi=72.0, pos_ci95=3.0, vel_ci95=1.0, recovery=0.9: p_los=0.0005 (5/10000)
[845/2160] dpsi=72.0, pos_ci95=3.0, vel_ci95=1.0, recovery=0.75: p_los=0.0057 (57/10000)
[846/2160] dpsi=72.0, pos_ci95=3.0, vel_ci95=1.0, recovery=0.5: p_los=0.0644 (644/10000)
[847/2160] dpsi=72.0, pos_ci95=3.0, vel_ci95=3.0, recovery=ftr: p_los=0.2292 (2292/10000)
[848/2160] dpsi=72.0, pos_ci95=3.0, vel_ci95=3.0, recovery=0.999: p_los=0.0032 (32/10000)
[849/2160] dpsi=72.0, pos_ci95=3.0, vel_ci95=3.0, recovery=0.99: p_los=0.0063 (63/10000)
[850/2160] dpsi=72.0, pos_ci95=3.0, vel_ci95=3.0, recovery=0.9: p_los=0.0095 (95/10000)
[851/2160] dpsi=72.0, pos_ci95=3.0, vel_ci95=3.0, recovery=0.75: p_los=0.0311 (311/10000)
[852/2160] dpsi=72.0, pos_ci95=3.0, vel_ci95=3.0, recovery=0.5: p_los=0.2328 (2328/10000)
[853/2160] dpsi=72.0, pos_ci95=10.0, vel_ci95=1.0, recovery=ftr: p_los=0.04 (400/10000)
[854/2160] dpsi=72.0, pos_ci95=10.0, vel_ci95=1.0, recovery=0.999: p_los=0.0001 (1/10000)
[855/2160] dpsi=72.0, pos_ci95=10.0, vel_ci95=1.0, recovery=0.99: p_los=0 (0/10000)
[856/2160] dpsi=72.0, pos_ci95=10.0, vel_ci95=1.0, recovery=0.9: p_los=0.0003 (3/10000)
[857/2160] dpsi=72.0, pos_ci95=10.0, vel_ci95=1.0, recovery=0.75: p_los=0.0037 (37/10000)
[858/2160] dpsi=72.0, pos_ci95=10.0, vel_ci95=1.0, recovery=0.5: p_los=0.0419 (419/10000)
[859/2160] dpsi=72.0, pos_ci95=10.0, vel_ci95=3.0, recovery=ftr: p_los=0.1815 (1815/10000)
[860/2160] dpsi=72.0, pos_ci95=10.0, vel_ci95=3.0, recovery=0.999: p_los=0.0013 (13/10000)
[861/2160] dpsi=72.0, pos_ci95=10.0, vel_ci95=3.0, recovery=0.99: p_los=0.0041 (41/10000)
[862/2160] dpsi=72.0, pos_ci95=10.0, vel_ci95=3.0, recovery=0.9: p_los=0.0121 (121/10000)
[863/2160] dpsi=72.0, pos_ci95=10.0, vel_ci95=3.0, recovery=0.75: p_los=0.034 (340/10000)
[864/2160] dpsi=72.0, pos_ci95=10.0, vel_ci95=3.0, recovery=0.5: p_los=0.1847 (1847/10000)
[865/2160] dpsi=74.0, pos_ci95=3.0, vel_ci95=1.0, recovery=ftr: p_los=0.0723 (723/10000)
[866/2160] dpsi=74.0, pos_ci95=3.0, vel_ci95=1.0, recovery=0.999: p_los=0 (0/10000)
[867/2160] dpsi=74.0, pos_ci95=3.0, vel_ci95=1.0, recovery=0.99: p_los=0.0001 (1/10000)
[868/2160] dpsi=74.0, pos_ci95=3.0, vel_ci95=1.0, recovery=0.9: p_los=0.0009 (9/10000)
[869/2160] dpsi=74.0, pos_ci95=3.0, vel_ci95=1.0, recovery=0.75: p_los=0.0052 (52/10000)
[870/2160] dpsi=74.0, pos_ci95=3.0, vel_ci95=1.0, recovery=0.5: p_los=0.0689 (689/10000)
[871/2160] dpsi=74.0, pos_ci95=3.0, vel_ci95=3.0, recovery=ftr: p_los=0.2303 (2303/10000)
[872/2160] dpsi=74.0, pos_ci95=3.0, vel_ci95=3.0, recovery=0.999: p_los=0.0031 (31/10000)
[873/2160] dpsi=74.0, pos_ci95=3.0, vel_ci95=3.0, recovery=0.99: p_los=0.0051 (51/10000)
[874/2160] dpsi=74.0, pos_ci95=3.0, vel_ci95=3.0, recovery=0.9: p_los=0.0101 (101/10000)
[875/2160] dpsi=74.0, pos_ci95=3.0, vel_ci95=3.0, recovery=0.75: p_los=0.0299 (299/10000)
[876/2160] dpsi=74.0, pos_ci95=3.0, vel_ci95=3.0, recovery=0.5: p_los=0.2332 (2332/10000)
[877/2160] dpsi=74.0, pos_ci95=10.0, vel_ci95=1.0, recovery=ftr: p_los=0.0386 (386/10000)
[878/2160] dpsi=74.0, pos_ci95=10.0, vel_ci95=1.0, recovery=0.999: p_los=0.0001 (1/10000)
[879/2160] dpsi=74.0, pos_ci95=10.0, vel_ci95=1.0, recovery=0.99: p_los=0 (0/10000)
[880/2160] dpsi=74.0, pos_ci95=10.0, vel_ci95=1.0, recovery=0.9: p_los=0.0004 (4/10000)
[881/2160] dpsi=74.0, pos_ci95=10.0, vel_ci95=1.0, recovery=0.75: p_los=0.0035 (35/10000)
[882/2160] dpsi=74.0, pos_ci95=10.0, vel_ci95=1.0, recovery=0.5: p_los=0.0409 (409/10000)
[883/2160] dpsi=74.0, pos_ci95=10.0, vel_ci95=3.0, recovery=ftr: p_los=0.1869 (1869/10000)
[884/2160] dpsi=74.0, pos_ci95=10.0, vel_ci95=3.0, recovery=0.999: p_los=0.0027 (27/10000)
[885/2160] dpsi=74.0, pos_ci95=10.0, vel_ci95=3.0, recovery=0.99: p_los=0.0047 (47/10000)
[886/2160] dpsi=74.0, pos_ci95=10.0, vel_ci95=3.0, recovery=0.9: p_los=0.0107 (107/10000)
[887/2160] dpsi=74.0, pos_ci95=10.0, vel_ci95=3.0, recovery=0.75: p_los=0.0326 (326/10000)
[888/2160] dpsi=74.0, pos_ci95=10.0, vel_ci95=3.0, recovery=0.5: p_los=0.1776 (1776/10000)
[889/2160] dpsi=76.0, pos_ci95=3.0, vel_ci95=1.0, recovery=ftr: p_los=0.0706 (706/10000)
[890/2160] dpsi=76.0, pos_ci95=3.0, vel_ci95=1.0, recovery=0.999: p_los=0.0002 (2/10000)
[891/2160] dpsi=76.0, pos_ci95=3.0, vel_ci95=1.0, recovery=0.99: p_los=0 (0/10000)
[892/2160] dpsi=76.0, pos_ci95=3.0, vel_ci95=1.0, recovery=0.9: p_los=0.0012 (12/10000)
[893/2160] dpsi=76.0, pos_ci95=3.0, vel_ci95=1.0, recovery=0.75: p_los=0.0052 (52/10000)
[894/2160] dpsi=76.0, pos_ci95=3.0, vel_ci95=1.0, recovery=0.5: p_los=0.0659 (659/10000)
[895/2160] dpsi=76.0, pos_ci95=3.0, vel_ci95=3.0, recovery=ftr: p_los=0.2347 (2347/10000)
[896/2160] dpsi=76.0, pos_ci95=3.0, vel_ci95=3.0, recovery=0.999: p_los=0.0037 (37/10000)
[897/2160] dpsi=76.0, pos_ci95=3.0, vel_ci95=3.0, recovery=0.99: p_los=0.0066 (66/10000)
[898/2160] dpsi=76.0, pos_ci95=3.0, vel_ci95=3.0, recovery=0.9: p_los=0.0113 (113/10000)
[899/2160] dpsi=76.0, pos_ci95=3.0, vel_ci95=3.0, recovery=0.75: p_los=0.0312 (312/10000)
[900/2160] dpsi=76.0, pos_ci95=3.0, vel_ci95=3.0, recovery=0.5: p_los=0.2286 (2286/10000)
[901/2160] dpsi=76.0, pos_ci95=10.0, vel_ci95=1.0, recovery=ftr: p_los=0.0424 (424/10000)
[902/2160] dpsi=76.0, pos_ci95=10.0, vel_ci95=1.0, recovery=0.999: p_los=0 (0/10000)
[903/2160] dpsi=76.0, pos_ci95=10.0, vel_ci95=1.0, recovery=0.99: p_los=0 (0/10000)
[904/2160] dpsi=76.0, pos_ci95=10.0, vel_ci95=1.0, recovery=0.9: p_los=0.0004 (4/10000)
[905/2160] dpsi=76.0, pos_ci95=10.0, vel_ci95=1.0, recovery=0.75: p_los=0.0039 (39/10000)
[906/2160] dpsi=76.0, pos_ci95=10.0, vel_ci95=1.0, recovery=0.5: p_los=0.0408 (408/10000)
[907/2160] dpsi=76.0, pos_ci95=10.0, vel_ci95=3.0, recovery=ftr: p_los=0.1794 (1794/10000)
[908/2160] dpsi=76.0, pos_ci95=10.0, vel_ci95=3.0, recovery=0.999: p_los=0.0015 (15/10000)
[909/2160] dpsi=76.0, pos_ci95=10.0, vel_ci95=3.0, recovery=0.99: p_los=0.0036 (36/10000)
[910/2160] dpsi=76.0, pos_ci95=10.0, vel_ci95=3.0, recovery=0.9: p_los=0.0111 (111/10000)
[911/2160] dpsi=76.0, pos_ci95=10.0, vel_ci95=3.0, recovery=0.75: p_los=0.0331 (331/10000)
[912/2160] dpsi=76.0, pos_ci95=10.0, vel_ci95=3.0, recovery=0.5: p_los=0.1832 (1832/10000)
[913/2160] dpsi=78.0, pos_ci95=3.0, vel_ci95=1.0, recovery=ftr: p_los=0.0709 (709/10000)
[914/2160] dpsi=78.0, pos_ci95=3.0, vel_ci95=1.0, recovery=0.999: p_los=0.0001 (1/10000)
[915/2160] dpsi=78.0, pos_ci95=3.0, vel_ci95=1.0, recovery=0.99: p_los=0.0002 (2/10000)
[916/2160] dpsi=78.0, pos_ci95=3.0, vel_ci95=1.0, recovery=0.9: p_los=0.0007 (7/10000)
[917/2160] dpsi=78.0, pos_ci95=3.0, vel_ci95=1.0, recovery=0.75: p_los=0.0049 (49/10000)
[918/2160] dpsi=78.0, pos_ci95=3.0, vel_ci95=1.0, recovery=0.5: p_los=0.0657 (657/10000)
[919/2160] dpsi=78.0, pos_ci95=3.0, vel_ci95=3.0, recovery=ftr: p_los=0.2313 (2313/10000)
[920/2160] dpsi=78.0, pos_ci95=3.0, vel_ci95=3.0, recovery=0.999: p_los=0.0029 (29/10000)
[921/2160] dpsi=78.0, pos_ci95=3.0, vel_ci95=3.0, recovery=0.99: p_los=0.0058 (58/10000)
[922/2160] dpsi=78.0, pos_ci95=3.0, vel_ci95=3.0, recovery=0.9: p_los=0.0093 (93/10000)
[923/2160] dpsi=78.0, pos_ci95=3.0, vel_ci95=3.0, recovery=0.75: p_los=0.0277 (277/10000)
[924/2160] dpsi=78.0, pos_ci95=3.0, vel_ci95=3.0, recovery=0.5: p_los=0.2286 (2286/10000)
[925/2160] dpsi=78.0, pos_ci95=10.0, vel_ci95=1.0, recovery=ftr: p_los=0.0386 (386/10000)
[926/2160] dpsi=78.0, pos_ci95=10.0, vel_ci95=1.0, recovery=0.999: p_los=0 (0/10000)
[927/2160] dpsi=78.0, pos_ci95=10.0, vel_ci95=1.0, recovery=0.99: p_los=0 (0/10000)
[928/2160] dpsi=78.0, pos_ci95=10.0, vel_ci95=1.0, recovery=0.9: p_los=0.0006 (6/10000)
[929/2160] dpsi=78.0, pos_ci95=10.0, vel_ci95=1.0, recovery=0.75: p_los=0.004 (40/10000)
[930/2160] dpsi=78.0, pos_ci95=10.0, vel_ci95=1.0, recovery=0.5: p_los=0.0436 (436/10000)
[931/2160] dpsi=78.0, pos_ci95=10.0, vel_ci95=3.0, recovery=ftr: p_los=0.1796 (1796/10000)
[932/2160] dpsi=78.0, pos_ci95=10.0, vel_ci95=3.0, recovery=0.999: p_los=0.0025 (25/10000)
[933/2160] dpsi=78.0, pos_ci95=10.0, vel_ci95=3.0, recovery=0.99: p_los=0.0044 (44/10000)
[934/2160] dpsi=78.0, pos_ci95=10.0, vel_ci95=3.0, recovery=0.9: p_los=0.014 (140/10000)
[935/2160] dpsi=78.0, pos_ci95=10.0, vel_ci95=3.0, recovery=0.75: p_los=0.0349 (349/10000)
[936/2160] dpsi=78.0, pos_ci95=10.0, vel_ci95=3.0, recovery=0.5: p_los=0.1766 (1766/10000)
[937/2160] dpsi=80.0, pos_ci95=3.0, vel_ci95=1.0, recovery=ftr: p_los=0.0709 (709/10000)
[938/2160] dpsi=80.0, pos_ci95=3.0, vel_ci95=1.0, recovery=0.999: p_los=0.0002 (2/10000)
[939/2160] dpsi=80.0, pos_ci95=3.0, vel_ci95=1.0, recovery=0.99: p_los=0 (0/10000)
[940/2160] dpsi=80.0, pos_ci95=3.0, vel_ci95=1.0, recovery=0.9: p_los=0.0009 (9/10000)
[941/2160] dpsi=80.0, pos_ci95=3.0, vel_ci95=1.0, recovery=0.75: p_los=0.0057 (57/10000)
[942/2160] dpsi=80.0, pos_ci95=3.0, vel_ci95=1.0, recovery=0.5: p_los=0.0672 (672/10000)
[943/2160] dpsi=80.0, pos_ci95=3.0, vel_ci95=3.0, recovery=ftr: p_los=0.2325 (2325/10000)
[944/2160] dpsi=80.0, pos_ci95=3.0, vel_ci95=3.0, recovery=0.999: p_los=0.003 (30/10000)
[945/2160] dpsi=80.0, pos_ci95=3.0, vel_ci95=3.0, recovery=0.99: p_los=0.0053 (53/10000)
[946/2160] dpsi=80.0, pos_ci95=3.0, vel_ci95=3.0, recovery=0.9: p_los=0.0112 (112/10000)
[947/2160] dpsi=80.0, pos_ci95=3.0, vel_ci95=3.0, recovery=0.75: p_los=0.0292 (292/10000)
[948/2160] dpsi=80.0, pos_ci95=3.0, vel_ci95=3.0, recovery=0.5: p_los=0.2342 (2342/10000)
[949/2160] dpsi=80.0, pos_ci95=10.0, vel_ci95=1.0, recovery=ftr: p_los=0.0425 (425/10000)
[950/2160] dpsi=80.0, pos_ci95=10.0, vel_ci95=1.0, recovery=0.999: p_los=0 (0/10000)
[951/2160] dpsi=80.0, pos_ci95=10.0, vel_ci95=1.0, recovery=0.99: p_los=0 (0/10000)
[952/2160] dpsi=80.0, pos_ci95=10.0, vel_ci95=1.0, recovery=0.9: p_los=0.0004 (4/10000)
[953/2160] dpsi=80.0, pos_ci95=10.0, vel_ci95=1.0, recovery=0.75: p_los=0.0034 (34/10000)
[954/2160] dpsi=80.0, pos_ci95=10.0, vel_ci95=1.0, recovery=0.5: p_los=0.0417 (417/10000)
[955/2160] dpsi=80.0, pos_ci95=10.0, vel_ci95=3.0, recovery=ftr: p_los=0.1802 (1802/10000)
[956/2160] dpsi=80.0, pos_ci95=10.0, vel_ci95=3.0, recovery=0.999: p_los=0.0033 (33/10000)
[957/2160] dpsi=80.0, pos_ci95=10.0, vel_ci95=3.0, recovery=0.99: p_los=0.0049 (49/10000)
[958/2160] dpsi=80.0, pos_ci95=10.0, vel_ci95=3.0, recovery=0.9: p_los=0.0102 (102/10000)
[959/2160] dpsi=80.0, pos_ci95=10.0, vel_ci95=3.0, recovery=0.75: p_los=0.0328 (328/10000)
[960/2160] dpsi=80.0, pos_ci95=10.0, vel_ci95=3.0, recovery=0.5: p_los=0.1819 (1819/10000)
[961/2160] dpsi=82.0, pos_ci95=3.0, vel_ci95=1.0, recovery=ftr: p_los=0.0712 (712/10000)
[962/2160] dpsi=82.0, pos_ci95=3.0, vel_ci95=1.0, recovery=0.999: p_los=0.0001 (1/10000)
[963/2160] dpsi=82.0, pos_ci95=3.0, vel_ci95=1.0, recovery=0.99: p_los=0 (0/10000)
[964/2160] dpsi=82.0, pos_ci95=3.0, vel_ci95=1.0, recovery=0.9: p_los=0.0011 (11/10000)
[965/2160] dpsi=82.0, pos_ci95=3.0, vel_ci95=1.0, recovery=0.75: p_los=0.0056 (56/10000)
[966/2160] dpsi=82.0, pos_ci95=3.0, vel_ci95=1.0, recovery=0.5: p_los=0.0746 (746/10000)
[967/2160] dpsi=82.0, pos_ci95=3.0, vel_ci95=3.0, recovery=ftr: p_los=0.2334 (2334/10000)
[968/2160] dpsi=82.0, pos_ci95=3.0, vel_ci95=3.0, recovery=0.999: p_los=0.0031 (31/10000)
[969/2160] dpsi=82.0, pos_ci95=3.0, vel_ci95=3.0, recovery=0.99: p_los=0.0054 (54/10000)
[970/2160] dpsi=82.0, pos_ci95=3.0, vel_ci95=3.0, recovery=0.9: p_los=0.0116 (116/10000)
[971/2160] dpsi=82.0, pos_ci95=3.0, vel_ci95=3.0, recovery=0.75: p_los=0.0303 (303/10000)
[972/2160] dpsi=82.0, pos_ci95=3.0, vel_ci95=3.0, recovery=0.5: p_los=0.2339 (2339/10000)
[973/2160] dpsi=82.0, pos_ci95=10.0, vel_ci95=1.0, recovery=ftr: p_los=0.0427 (427/10000)
[974/2160] dpsi=82.0, pos_ci95=10.0, vel_ci95=1.0, recovery=0.999: p_los=0.0001 (1/10000)
[975/2160] dpsi=82.0, pos_ci95=10.0, vel_ci95=1.0, recovery=0.99: p_los=0 (0/10000)
[976/2160] dpsi=82.0, pos_ci95=10.0, vel_ci95=1.0, recovery=0.9: p_los=0.0007 (7/10000)
[977/2160] dpsi=82.0, pos_ci95=10.0, vel_ci95=1.0, recovery=0.75: p_los=0.0037 (37/10000)
[978/2160] dpsi=82.0, pos_ci95=10.0, vel_ci95=1.0, recovery=0.5: p_los=0.0396 (396/10000)
[979/2160] dpsi=82.0, pos_ci95=10.0, vel_ci95=3.0, recovery=ftr: p_los=0.1833 (1833/10000)
[980/2160] dpsi=82.0, pos_ci95=10.0, vel_ci95=3.0, recovery=0.999: p_los=0.002 (20/10000)
[981/2160] dpsi=82.0, pos_ci95=10.0, vel_ci95=3.0, recovery=0.99: p_los=0.0054 (54/10000)
[982/2160] dpsi=82.0, pos_ci95=10.0, vel_ci95=3.0, recovery=0.9: p_los=0.0105 (105/10000)
[983/2160] dpsi=82.0, pos_ci95=10.0, vel_ci95=3.0, recovery=0.75: p_los=0.0337 (337/10000)
[984/2160] dpsi=82.0, pos_ci95=10.0, vel_ci95=3.0, recovery=0.5: p_los=0.1839 (1839/10000)
[985/2160] dpsi=84.0, pos_ci95=3.0, vel_ci95=1.0, recovery=ftr: p_los=0.075 (750/10000)
[986/2160] dpsi=84.0, pos_ci95=3.0, vel_ci95=1.0, recovery=0.999: p_los=0.0001 (1/10000)
[987/2160] dpsi=84.0, pos_ci95=3.0, vel_ci95=1.0, recovery=0.99: p_los=0 (0/10000)
[988/2160] dpsi=84.0, pos_ci95=3.0, vel_ci95=1.0, recovery=0.9: p_los=0.0012 (12/10000)
[989/2160] dpsi=84.0, pos_ci95=3.0, vel_ci95=1.0, recovery=0.75: p_los=0.0052 (52/10000)
[990/2160] dpsi=84.0, pos_ci95=3.0, vel_ci95=1.0, recovery=0.5: p_los=0.0718 (718/10000)
[991/2160] dpsi=84.0, pos_ci95=3.0, vel_ci95=3.0, recovery=ftr: p_los=0.2369 (2369/10000)
[992/2160] dpsi=84.0, pos_ci95=3.0, vel_ci95=3.0, recovery=0.999: p_los=0.0031 (31/10000)
[993/2160] dpsi=84.0, pos_ci95=3.0, vel_ci95=3.0, recovery=0.99: p_los=0.0069 (69/10000)
[994/2160] dpsi=84.0, pos_ci95=3.0, vel_ci95=3.0, recovery=0.9: p_los=0.0105 (105/10000)
[995/2160] dpsi=84.0, pos_ci95=3.0, vel_ci95=3.0, recovery=0.75: p_los=0.0311 (311/10000)
[996/2160] dpsi=84.0, pos_ci95=3.0, vel_ci95=3.0, recovery=0.5: p_los=0.2314 (2314/10000)
[997/2160] dpsi=84.0, pos_ci95=10.0, vel_ci95=1.0, recovery=ftr: p_los=0.043 (430/10000)
[998/2160] dpsi=84.0, pos_ci95=10.0, vel_ci95=1.0, recovery=0.999: p_los=0.0001 (1/10000)
[999/2160] dpsi=84.0, pos_ci95=10.0, vel_ci95=1.0, recovery=0.99: p_los=0 (0/10000)
[1000/2160] dpsi=84.0, pos_ci95=10.0, vel_ci95=1.0, recovery=0.9: p_los=0.0005 (5/10000)
[1001/2160] dpsi=84.0, pos_ci95=10.0, vel_ci95=1.0, recovery=0.75: p_los=0.0044 (44/10000)
[1002/2160] dpsi=84.0, pos_ci95=10.0, vel_ci95=1.0, recovery=0.5: p_los=0.0418 (418/10000)
[1003/2160] dpsi=84.0, pos_ci95=10.0, vel_ci95=3.0, recovery=ftr: p_los=0.1791 (1791/10000)
[1004/2160] dpsi=84.0, pos_ci95=10.0, vel_ci95=3.0, recovery=0.999: p_los=0.0024 (24/10000)
[1005/2160] dpsi=84.0, pos_ci95=10.0, vel_ci95=3.0, recovery=0.99: p_los=0.0044 (44/10000)
[1006/2160] dpsi=84.0, pos_ci95=10.0, vel_ci95=3.0, recovery=0.9: p_los=0.0122 (122/10000)
[1007/2160] dpsi=84.0, pos_ci95=10.0, vel_ci95=3.0, recovery=0.75: p_los=0.0347 (347/10000)
[1008/2160] dpsi=84.0, pos_ci95=10.0, vel_ci95=3.0, recovery=0.5: p_los=0.1884 (1884/10000)
[1009/2160] dpsi=86.0, pos_ci95=3.0, vel_ci95=1.0, recovery=ftr: p_los=0.076 (760/10000)
[1010/2160] dpsi=86.0, pos_ci95=3.0, vel_ci95=1.0, recovery=0.999: p_los=0 (0/10000)
[1011/2160] dpsi=86.0, pos_ci95=3.0, vel_ci95=1.0, recovery=0.99: p_los=0 (0/10000)
[1012/2160] dpsi=86.0, pos_ci95=3.0, vel_ci95=1.0, recovery=0.9: p_los=0.0014 (14/10000)
[1013/2160] dpsi=86.0, pos_ci95=3.0, vel_ci95=1.0, recovery=0.75: p_los=0.0044 (44/10000)
[1014/2160] dpsi=86.0, pos_ci95=3.0, vel_ci95=1.0, recovery=0.5: p_los=0.0729 (729/10000)
[1015/2160] dpsi=86.0, pos_ci95=3.0, vel_ci95=3.0, recovery=ftr: p_los=0.2294 (2294/10000)
[1016/2160] dpsi=86.0, pos_ci95=3.0, vel_ci95=3.0, recovery=0.999: p_los=0.004 (40/10000)
[1017/2160] dpsi=86.0, pos_ci95=3.0, vel_ci95=3.0, recovery=0.99: p_los=0.0056 (56/10000)
[1018/2160] dpsi=86.0, pos_ci95=3.0, vel_ci95=3.0, recovery=0.9: p_los=0.0112 (112/10000)
[1019/2160] dpsi=86.0, pos_ci95=3.0, vel_ci95=3.0, recovery=0.75: p_los=0.0266 (266/10000)
[1020/2160] dpsi=86.0, pos_ci95=3.0, vel_ci95=3.0, recovery=0.5: p_los=0.2355 (2355/10000)
[1021/2160] dpsi=86.0, pos_ci95=10.0, vel_ci95=1.0, recovery=ftr: p_los=0.0419 (419/10000)
[1022/2160] dpsi=86.0, pos_ci95=10.0, vel_ci95=1.0, recovery=0.999: p_los=0 (0/10000)
[1023/2160] dpsi=86.0, pos_ci95=10.0, vel_ci95=1.0, recovery=0.99: p_los=0 (0/10000)
[1024/2160] dpsi=86.0, pos_ci95=10.0, vel_ci95=1.0, recovery=0.9: p_los=0.0005 (5/10000)
[1025/2160] dpsi=86.0, pos_ci95=10.0, vel_ci95=1.0, recovery=0.75: p_los=0.0038 (38/10000)
[1026/2160] dpsi=86.0, pos_ci95=10.0, vel_ci95=1.0, recovery=0.5: p_los=0.0439 (439/10000)
[1027/2160] dpsi=86.0, pos_ci95=10.0, vel_ci95=3.0, recovery=ftr: p_los=0.1871 (1871/10000)
[1028/2160] dpsi=86.0, pos_ci95=10.0, vel_ci95=3.0, recovery=0.999: p_los=0.003 (30/10000)
[1029/2160] dpsi=86.0, pos_ci95=10.0, vel_ci95=3.0, recovery=0.99: p_los=0.005 (50/10000)
[1030/2160] dpsi=86.0, pos_ci95=10.0, vel_ci95=3.0, recovery=0.9: p_los=0.0107 (107/10000)
[1031/2160] dpsi=86.0, pos_ci95=10.0, vel_ci95=3.0, recovery=0.75: p_los=0.0344 (344/10000)
[1032/2160] dpsi=86.0, pos_ci95=10.0, vel_ci95=3.0, recovery=0.5: p_los=0.1831 (1831/10000)
[1033/2160] dpsi=88.0, pos_ci95=3.0, vel_ci95=1.0, recovery=ftr: p_los=0.0752 (752/10000)
[1034/2160] dpsi=88.0, pos_ci95=3.0, vel_ci95=1.0, recovery=0.999: p_los=0 (0/10000)
[1035/2160] dpsi=88.0, pos_ci95=3.0, vel_ci95=1.0, recovery=0.99: p_los=0.0003 (3/10000)
[1036/2160] dpsi=88.0, pos_ci95=3.0, vel_ci95=1.0, recovery=0.9: p_los=0.0009 (9/10000)
[1037/2160] dpsi=88.0, pos_ci95=3.0, vel_ci95=1.0, recovery=0.75: p_los=0.0054 (54/10000)
[1038/2160] dpsi=88.0, pos_ci95=3.0, vel_ci95=1.0, recovery=0.5: p_los=0.075 (750/10000)
[1039/2160] dpsi=88.0, pos_ci95=3.0, vel_ci95=3.0, recovery=ftr: p_los=0.2316 (2316/10000)
[1040/2160] dpsi=88.0, pos_ci95=3.0, vel_ci95=3.0, recovery=0.999: p_los=0.0035 (35/10000)
[1041/2160] dpsi=88.0, pos_ci95=3.0, vel_ci95=3.0, recovery=0.99: p_los=0.0051 (51/10000)
[1042/2160] dpsi=88.0, pos_ci95=3.0, vel_ci95=3.0, recovery=0.9: p_los=0.0107 (107/10000)
[1043/2160] dpsi=88.0, pos_ci95=3.0, vel_ci95=3.0, recovery=0.75: p_los=0.0296 (296/10000)
[1044/2160] dpsi=88.0, pos_ci95=3.0, vel_ci95=3.0, recovery=0.5: p_los=0.2269 (2269/10000)
[1045/2160] dpsi=88.0, pos_ci95=10.0, vel_ci95=1.0, recovery=ftr: p_los=0.0414 (414/10000)
[1046/2160] dpsi=88.0, pos_ci95=10.0, vel_ci95=1.0, recovery=0.999: p_los=0 (0/10000)
[1047/2160] dpsi=88.0, pos_ci95=10.0, vel_ci95=1.0, recovery=0.99: p_los=0.0001 (1/10000)
[1048/2160] dpsi=88.0, pos_ci95=10.0, vel_ci95=1.0, recovery=0.9: p_los=0.0007 (7/10000)
[1049/2160] dpsi=88.0, pos_ci95=10.0, vel_ci95=1.0, recovery=0.75: p_los=0.0041 (41/10000)
[1050/2160] dpsi=88.0, pos_ci95=10.0, vel_ci95=1.0, recovery=0.5: p_los=0.0433 (433/10000)
[1051/2160] dpsi=88.0, pos_ci95=10.0, vel_ci95=3.0, recovery=ftr: p_los=0.1844 (1844/10000)
[1052/2160] dpsi=88.0, pos_ci95=10.0, vel_ci95=3.0, recovery=0.999: p_los=0.003 (30/10000)
[1053/2160] dpsi=88.0, pos_ci95=10.0, vel_ci95=3.0, recovery=0.99: p_los=0.0043 (43/10000)
[1054/2160] dpsi=88.0, pos_ci95=10.0, vel_ci95=3.0, recovery=0.9: p_los=0.0098 (98/10000)
[1055/2160] dpsi=88.0, pos_ci95=10.0, vel_ci95=3.0, recovery=0.75: p_los=0.0343 (343/10000)
[1056/2160] dpsi=88.0, pos_ci95=10.0, vel_ci95=3.0, recovery=0.5: p_los=0.1726 (1726/10000)
[1057/2160] dpsi=90.0, pos_ci95=3.0, vel_ci95=1.0, recovery=ftr: p_los=0.0806 (806/10000)
[1058/2160] dpsi=90.0, pos_ci95=3.0, vel_ci95=1.0, recovery=0.999: p_los=0.0001 (1/10000)
[1059/2160] dpsi=90.0, pos_ci95=3.0, vel_ci95=1.0, recovery=0.99: p_los=0.0001 (1/10000)
[1060/2160] dpsi=90.0, pos_ci95=3.0, vel_ci95=1.0, recovery=0.9: p_los=0.0007 (7/10000)
[1061/2160] dpsi=90.0, pos_ci95=3.0, vel_ci95=1.0, recovery=0.75: p_los=0.0067 (67/10000)
[1062/2160] dpsi=90.0, pos_ci95=3.0, vel_ci95=1.0, recovery=0.5: p_los=0.0725 (725/10000)
[1063/2160] dpsi=90.0, pos_ci95=3.0, vel_ci95=3.0, recovery=ftr: p_los=0.2341 (2341/10000)
[1064/2160] dpsi=90.0, pos_ci95=3.0, vel_ci95=3.0, recovery=0.999: p_los=0.0037 (37/10000)
[1065/2160] dpsi=90.0, pos_ci95=3.0, vel_ci95=3.0, recovery=0.99: p_los=0.0061 (61/10000)
[1066/2160] dpsi=90.0, pos_ci95=3.0, vel_ci95=3.0, recovery=0.9: p_los=0.01 (100/10000)
[1067/2160] dpsi=90.0, pos_ci95=3.0, vel_ci95=3.0, recovery=0.75: p_los=0.0292 (292/10000)
[1068/2160] dpsi=90.0, pos_ci95=3.0, vel_ci95=3.0, recovery=0.5: p_los=0.2426 (2426/10000)
[1069/2160] dpsi=90.0, pos_ci95=10.0, vel_ci95=1.0, recovery=ftr: p_los=0.0419 (419/10000)
[1070/2160] dpsi=90.0, pos_ci95=10.0, vel_ci95=1.0, recovery=0.999: p_los=0 (0/10000)
[1071/2160] dpsi=90.0, pos_ci95=10.0, vel_ci95=1.0, recovery=0.99: p_los=0.0001 (1/10000)
[1072/2160] dpsi=90.0, pos_ci95=10.0, vel_ci95=1.0, recovery=0.9: p_los=0.0005 (5/10000)
[1073/2160] dpsi=90.0, pos_ci95=10.0, vel_ci95=1.0, recovery=0.75: p_los=0.0045 (45/10000)
[1074/2160] dpsi=90.0, pos_ci95=10.0, vel_ci95=1.0, recovery=0.5: p_los=0.0405 (405/10000)
[1075/2160] dpsi=90.0, pos_ci95=10.0, vel_ci95=3.0, recovery=ftr: p_los=0.1828 (1828/10000)
[1076/2160] dpsi=90.0, pos_ci95=10.0, vel_ci95=3.0, recovery=0.999: p_los=0.0025 (25/10000)
[1077/2160] dpsi=90.0, pos_ci95=10.0, vel_ci95=3.0, recovery=0.99: p_los=0.0056 (56/10000)
[1078/2160] dpsi=90.0, pos_ci95=10.0, vel_ci95=3.0, recovery=0.9: p_los=0.0127 (127/10000)
[1079/2160] dpsi=90.0, pos_ci95=10.0, vel_ci95=3.0, recovery=0.75: p_los=0.036 (360/10000)
[1080/2160] dpsi=90.0, pos_ci95=10.0, vel_ci95=3.0, recovery=0.5: p_los=0.1812 (1812/10000)
[1081/2160] dpsi=92.0, pos_ci95=3.0, vel_ci95=1.0, recovery=ftr: p_los=0.0768 (768/10000)
[1082/2160] dpsi=92.0, pos_ci95=3.0, vel_ci95=1.0, recovery=0.999: p_los=0.0001 (1/10000)
[1083/2160] dpsi=92.0, pos_ci95=3.0, vel_ci95=1.0, recovery=0.99: p_los=0 (0/10000)
[1084/2160] dpsi=92.0, pos_ci95=3.0, vel_ci95=1.0, recovery=0.9: p_los=0.0009 (9/10000)
[1085/2160] dpsi=92.0, pos_ci95=3.0, vel_ci95=1.0, recovery=0.75: p_los=0.0054 (54/10000)
[1086/2160] dpsi=92.0, pos_ci95=3.0, vel_ci95=1.0, recovery=0.5: p_los=0.0723 (723/10000)
[1087/2160] dpsi=92.0, pos_ci95=3.0, vel_ci95=3.0, recovery=ftr: p_los=0.2344 (2344/10000)
[1088/2160] dpsi=92.0, pos_ci95=3.0, vel_ci95=3.0, recovery=0.999: p_los=0.0041 (41/10000)
[1089/2160] dpsi=92.0, pos_ci95=3.0, vel_ci95=3.0, recovery=0.99: p_los=0.0076 (76/10000)
[1090/2160] dpsi=92.0, pos_ci95=3.0, vel_ci95=3.0, recovery=0.9: p_los=0.0116 (116/10000)
[1091/2160] dpsi=92.0, pos_ci95=3.0, vel_ci95=3.0, recovery=0.75: p_los=0.0314 (314/10000)
[1092/2160] dpsi=92.0, pos_ci95=3.0, vel_ci95=3.0, recovery=0.5: p_los=0.2336 (2336/10000)
[1093/2160] dpsi=92.0, pos_ci95=10.0, vel_ci95=1.0, recovery=ftr: p_los=0.0431 (431/10000)
[1094/2160] dpsi=92.0, pos_ci95=10.0, vel_ci95=1.0, recovery=0.999: p_los=0.0001 (1/10000)
[1095/2160] dpsi=92.0, pos_ci95=10.0, vel_ci95=1.0, recovery=0.99: p_los=0 (0/10000)
[1096/2160] dpsi=92.0, pos_ci95=10.0, vel_ci95=1.0, recovery=0.9: p_los=0.0006 (6/10000)
[1097/2160] dpsi=92.0, pos_ci95=10.0, vel_ci95=1.0, recovery=0.75: p_los=0.0048 (48/10000)
[1098/2160] dpsi=92.0, pos_ci95=10.0, vel_ci95=1.0, recovery=0.5: p_los=0.0409 (409/10000)
[1099/2160] dpsi=92.0, pos_ci95=10.0, vel_ci95=3.0, recovery=ftr: p_los=0.1815 (1815/10000)
[1100/2160] dpsi=92.0, pos_ci95=10.0, vel_ci95=3.0, recovery=0.999: p_los=0.0028 (28/10000)
[1101/2160] dpsi=92.0, pos_ci95=10.0, vel_ci95=3.0, recovery=0.99: p_los=0.0055 (55/10000)
[1102/2160] dpsi=92.0, pos_ci95=10.0, vel_ci95=3.0, recovery=0.9: p_los=0.0133 (133/10000)
[1103/2160] dpsi=92.0, pos_ci95=10.0, vel_ci95=3.0, recovery=0.75: p_los=0.0361 (361/10000)
[1104/2160] dpsi=92.0, pos_ci95=10.0, vel_ci95=3.0, recovery=0.5: p_los=0.1923 (1923/10000)
[1105/2160] dpsi=94.0, pos_ci95=3.0, vel_ci95=1.0, recovery=ftr: p_los=0.0803 (803/10000)
[1106/2160] dpsi=94.0, pos_ci95=3.0, vel_ci95=1.0, recovery=0.999: p_los=0.0003 (3/10000)
[1107/2160] dpsi=94.0, pos_ci95=3.0, vel_ci95=1.0, recovery=0.99: p_los=0 (0/10000)
[1108/2160] dpsi=94.0, pos_ci95=3.0, vel_ci95=1.0, recovery=0.9: p_los=0.001 (10/10000)
[1109/2160] dpsi=94.0, pos_ci95=3.0, vel_ci95=1.0, recovery=0.75: p_los=0.0057 (57/10000)
[1110/2160] dpsi=94.0, pos_ci95=3.0, vel_ci95=1.0, recovery=0.5: p_los=0.0718 (718/10000)
[1111/2160] dpsi=94.0, pos_ci95=3.0, vel_ci95=3.0, recovery=ftr: p_los=0.2404 (2404/10000)
[1112/2160] dpsi=94.0, pos_ci95=3.0, vel_ci95=3.0, recovery=0.999: p_los=0.0042 (42/10000)
[1113/2160] dpsi=94.0, pos_ci95=3.0, vel_ci95=3.0, recovery=0.99: p_los=0.0054 (54/10000)
[1114/2160] dpsi=94.0, pos_ci95=3.0, vel_ci95=3.0, recovery=0.9: p_los=0.0114 (114/10000)
[1115/2160] dpsi=94.0, pos_ci95=3.0, vel_ci95=3.0, recovery=0.75: p_los=0.028 (280/10000)
[1116/2160] dpsi=94.0, pos_ci95=3.0, vel_ci95=3.0, recovery=0.5: p_los=0.2425 (2425/10000)
[1117/2160] dpsi=94.0, pos_ci95=10.0, vel_ci95=1.0, recovery=ftr: p_los=0.0423 (423/10000)
[1118/2160] dpsi=94.0, pos_ci95=10.0, vel_ci95=1.0, recovery=0.999: p_los=0.0002 (2/10000)
[1119/2160] dpsi=94.0, pos_ci95=10.0, vel_ci95=1.0, recovery=0.99: p_los=0 (0/10000)
[1120/2160] dpsi=94.0, pos_ci95=10.0, vel_ci95=1.0, recovery=0.9: p_los=0.0007 (7/10000)
[1121/2160] dpsi=94.0, pos_ci95=10.0, vel_ci95=1.0, recovery=0.75: p_los=0.0036 (36/10000)
[1122/2160] dpsi=94.0, pos_ci95=10.0, vel_ci95=1.0, recovery=0.5: p_los=0.0446 (446/10000)
[1123/2160] dpsi=94.0, pos_ci95=10.0, vel_ci95=3.0, recovery=ftr: p_los=0.1886 (1886/10000)
[1124/2160] dpsi=94.0, pos_ci95=10.0, vel_ci95=3.0, recovery=0.999: p_los=0.0031 (31/10000)
[1125/2160] dpsi=94.0, pos_ci95=10.0, vel_ci95=3.0, recovery=0.99: p_los=0.0063 (63/10000)
[1126/2160] dpsi=94.0, pos_ci95=10.0, vel_ci95=3.0, recovery=0.9: p_los=0.0115 (115/10000)
[1127/2160] dpsi=94.0, pos_ci95=10.0, vel_ci95=3.0, recovery=0.75: p_los=0.0346 (346/10000)
[1128/2160] dpsi=94.0, pos_ci95=10.0, vel_ci95=3.0, recovery=0.5: p_los=0.1962 (1962/10000)
[1129/2160] dpsi=96.0, pos_ci95=3.0, vel_ci95=1.0, recovery=ftr: p_los=0.0879 (879/10000)
[1130/2160] dpsi=96.0, pos_ci95=3.0, vel_ci95=1.0, recovery=0.999: p_los=0.0002 (2/10000)
[1131/2160] dpsi=96.0, pos_ci95=3.0, vel_ci95=1.0, recovery=0.99: p_los=0.0005 (5/10000)
[1132/2160] dpsi=96.0, pos_ci95=3.0, vel_ci95=1.0, recovery=0.9: p_los=0.0011 (11/10000)
[1133/2160] dpsi=96.0, pos_ci95=3.0, vel_ci95=1.0, recovery=0.75: p_los=0.0057 (57/10000)
[1134/2160] dpsi=96.0, pos_ci95=3.0, vel_ci95=1.0, recovery=0.5: p_los=0.0794 (794/10000)
[1135/2160] dpsi=96.0, pos_ci95=3.0, vel_ci95=3.0, recovery=ftr: p_los=0.2301 (2301/10000)
[1136/2160] dpsi=96.0, pos_ci95=3.0, vel_ci95=3.0, recovery=0.999: p_los=0.0042 (42/10000)
[1137/2160] dpsi=96.0, pos_ci95=3.0, vel_ci95=3.0, recovery=0.99: p_los=0.0074 (74/10000)
[1138/2160] dpsi=96.0, pos_ci95=3.0, vel_ci95=3.0, recovery=0.9: p_los=0.0105 (105/10000)
[1139/2160] dpsi=96.0, pos_ci95=3.0, vel_ci95=3.0, recovery=0.75: p_los=0.0291 (291/10000)
[1140/2160] dpsi=96.0, pos_ci95=3.0, vel_ci95=3.0, recovery=0.5: p_los=0.2407 (2407/10000)
[1141/2160] dpsi=96.0, pos_ci95=10.0, vel_ci95=1.0, recovery=ftr: p_los=0.0468 (468/10000)
[1142/2160] dpsi=96.0, pos_ci95=10.0, vel_ci95=1.0, recovery=0.999: p_los=0 (0/10000)
[1143/2160] dpsi=96.0, pos_ci95=10.0, vel_ci95=1.0, recovery=0.99: p_los=0 (0/10000)
[1144/2160] dpsi=96.0, pos_ci95=10.0, vel_ci95=1.0, recovery=0.9: p_los=0.0005 (5/10000)
[1145/2160] dpsi=96.0, pos_ci95=10.0, vel_ci95=1.0, recovery=0.75: p_los=0.0042 (42/10000)
[1146/2160] dpsi=96.0, pos_ci95=10.0, vel_ci95=1.0, recovery=0.5: p_los=0.0419 (419/10000)
[1147/2160] dpsi=96.0, pos_ci95=10.0, vel_ci95=3.0, recovery=ftr: p_los=0.1975 (1975/10000)
[1148/2160] dpsi=96.0, pos_ci95=10.0, vel_ci95=3.0, recovery=0.999: p_los=0.0037 (37/10000)
[1149/2160] dpsi=96.0, pos_ci95=10.0, vel_ci95=3.0, recovery=0.99: p_los=0.0056 (56/10000)
[1150/2160] dpsi=96.0, pos_ci95=10.0, vel_ci95=3.0, recovery=0.9: p_los=0.0125 (125/10000)
[1151/2160] dpsi=96.0, pos_ci95=10.0, vel_ci95=3.0, recovery=0.75: p_los=0.0358 (358/10000)
[1152/2160] dpsi=96.0, pos_ci95=10.0, vel_ci95=3.0, recovery=0.5: p_los=0.1908 (1908/10000)
[1153/2160] dpsi=98.0, pos_ci95=3.0, vel_ci95=1.0, recovery=ftr: p_los=0.0836 (836/10000)
[1154/2160] dpsi=98.0, pos_ci95=3.0, vel_ci95=1.0, recovery=0.999: p_los=0.0001 (1/10000)
[1155/2160] dpsi=98.0, pos_ci95=3.0, vel_ci95=1.0, recovery=0.99: p_los=0.0002 (2/10000)
[1156/2160] dpsi=98.0, pos_ci95=3.0, vel_ci95=1.0, recovery=0.9: p_los=0.0004 (4/10000)
[1157/2160] dpsi=98.0, pos_ci95=3.0, vel_ci95=1.0, recovery=0.75: p_los=0.0048 (48/10000)
[1158/2160] dpsi=98.0, pos_ci95=3.0, vel_ci95=1.0, recovery=0.5: p_los=0.0772 (772/10000)
[1159/2160] dpsi=98.0, pos_ci95=3.0, vel_ci95=3.0, recovery=ftr: p_los=0.2397 (2397/10000)
[1160/2160] dpsi=98.0, pos_ci95=3.0, vel_ci95=3.0, recovery=0.999: p_los=0.0037 (37/10000)
[1161/2160] dpsi=98.0, pos_ci95=3.0, vel_ci95=3.0, recovery=0.99: p_los=0.0067 (67/10000)
[1162/2160] dpsi=98.0, pos_ci95=3.0, vel_ci95=3.0, recovery=0.9: p_los=0.0087 (87/10000)
[1163/2160] dpsi=98.0, pos_ci95=3.0, vel_ci95=3.0, recovery=0.75: p_los=0.028 (280/10000)
[1164/2160] dpsi=98.0, pos_ci95=3.0, vel_ci95=3.0, recovery=0.5: p_los=0.2403 (2403/10000)
[1165/2160] dpsi=98.0, pos_ci95=10.0, vel_ci95=1.0, recovery=ftr: p_los=0.0419 (419/10000)
[1166/2160] dpsi=98.0, pos_ci95=10.0, vel_ci95=1.0, recovery=0.999: p_los=0.0001 (1/10000)
[1167/2160] dpsi=98.0, pos_ci95=10.0, vel_ci95=1.0, recovery=0.99: p_los=0 (0/10000)
[1168/2160] dpsi=98.0, pos_ci95=10.0, vel_ci95=1.0, recovery=0.9: p_los=0.0002 (2/10000)
[1169/2160] dpsi=98.0, pos_ci95=10.0, vel_ci95=1.0, recovery=0.75: p_los=0.0036 (36/10000)
[1170/2160] dpsi=98.0, pos_ci95=10.0, vel_ci95=1.0, recovery=0.5: p_los=0.0468 (468/10000)
[1171/2160] dpsi=98.0, pos_ci95=10.0, vel_ci95=3.0, recovery=ftr: p_los=0.1959 (1959/10000)
[1172/2160] dpsi=98.0, pos_ci95=10.0, vel_ci95=3.0, recovery=0.999: p_los=0.0032 (32/10000)
[1173/2160] dpsi=98.0, pos_ci95=10.0, vel_ci95=3.0, recovery=0.99: p_los=0.005 (50/10000)
[1174/2160] dpsi=98.0, pos_ci95=10.0, vel_ci95=3.0, recovery=0.9: p_los=0.0113 (113/10000)
[1175/2160] dpsi=98.0, pos_ci95=10.0, vel_ci95=3.0, recovery=0.75: p_los=0.0352 (352/10000)
[1176/2160] dpsi=98.0, pos_ci95=10.0, vel_ci95=3.0, recovery=0.5: p_los=0.1924 (1924/10000)
[1177/2160] dpsi=100.0, pos_ci95=3.0, vel_ci95=1.0, recovery=ftr: p_los=0.0863 (863/10000)
[1178/2160] dpsi=100.0, pos_ci95=3.0, vel_ci95=1.0, recovery=0.999: p_los=0.0001 (1/10000)
[1179/2160] dpsi=100.0, pos_ci95=3.0, vel_ci95=1.0, recovery=0.99: p_los=0.0001 (1/10000)
[1180/2160] dpsi=100.0, pos_ci95=3.0, vel_ci95=1.0, recovery=0.9: p_los=0.0007 (7/10000)
[1181/2160] dpsi=100.0, pos_ci95=3.0, vel_ci95=1.0, recovery=0.75: p_los=0.0058 (58/10000)
[1182/2160] dpsi=100.0, pos_ci95=3.0, vel_ci95=1.0, recovery=0.5: p_los=0.0793 (793/10000)
[1183/2160] dpsi=100.0, pos_ci95=3.0, vel_ci95=3.0, recovery=ftr: p_los=0.2459 (2459/10000)
[1184/2160] dpsi=100.0, pos_ci95=3.0, vel_ci95=3.0, recovery=0.999: p_los=0.0051 (51/10000)
[1185/2160] dpsi=100.0, pos_ci95=3.0, vel_ci95=3.0, recovery=0.99: p_los=0.0067 (67/10000)
[1186/2160] dpsi=100.0, pos_ci95=3.0, vel_ci95=3.0, recovery=0.9: p_los=0.0114 (114/10000)
[1187/2160] dpsi=100.0, pos_ci95=3.0, vel_ci95=3.0, recovery=0.75: p_los=0.0309 (309/10000)
[1188/2160] dpsi=100.0, pos_ci95=3.0, vel_ci95=3.0, recovery=0.5: p_los=0.2457 (2457/10000)
[1189/2160] dpsi=100.0, pos_ci95=10.0, vel_ci95=1.0, recovery=ftr: p_los=0.0454 (454/10000)
[1190/2160] dpsi=100.0, pos_ci95=10.0, vel_ci95=1.0, recovery=0.999: p_los=0.0002 (2/10000)
[1191/2160] dpsi=100.0, pos_ci95=10.0, vel_ci95=1.0, recovery=0.99: p_los=0 (0/10000)
[1192/2160] dpsi=100.0, pos_ci95=10.0, vel_ci95=1.0, recovery=0.9: p_los=0.0007 (7/10000)
[1193/2160] dpsi=100.0, pos_ci95=10.0, vel_ci95=1.0, recovery=0.75: p_los=0.004 (40/10000)
[1194/2160] dpsi=100.0, pos_ci95=10.0, vel_ci95=1.0, recovery=0.5: p_los=0.0477 (477/10000)
[1195/2160] dpsi=100.0, pos_ci95=10.0, vel_ci95=3.0, recovery=ftr: p_los=0.2001 (2001/10000)
[1196/2160] dpsi=100.0, pos_ci95=10.0, vel_ci95=3.0, recovery=0.999: p_los=0.0029 (29/10000)
[1197/2160] dpsi=100.0, pos_ci95=10.0, vel_ci95=3.0, recovery=0.99: p_los=0.005 (50/10000)
[1198/2160] dpsi=100.0, pos_ci95=10.0, vel_ci95=3.0, recovery=0.9: p_los=0.0106 (106/10000)
[1199/2160] dpsi=100.0, pos_ci95=10.0, vel_ci95=3.0, recovery=0.75: p_los=0.0342 (342/10000)
[1200/2160] dpsi=100.0, pos_ci95=10.0, vel_ci95=3.0, recovery=0.5: p_los=0.1894 (1894/10000)
[1201/2160] dpsi=102.0, pos_ci95=3.0, vel_ci95=1.0, recovery=ftr: p_los=0.0899 (899/10000)
[1202/2160] dpsi=102.0, pos_ci95=3.0, vel_ci95=1.0, recovery=0.999: p_los=0.0004 (4/10000)
[1203/2160] dpsi=102.0, pos_ci95=3.0, vel_ci95=1.0, recovery=0.99: p_los=0 (0/10000)
[1204/2160] dpsi=102.0, pos_ci95=3.0, vel_ci95=1.0, recovery=0.9: p_los=0.0007 (7/10000)
[1205/2160] dpsi=102.0, pos_ci95=3.0, vel_ci95=1.0, recovery=0.75: p_los=0.0055 (55/10000)
[1206/2160] dpsi=102.0, pos_ci95=3.0, vel_ci95=1.0, recovery=0.5: p_los=0.0812 (812/10000)
[1207/2160] dpsi=102.0, pos_ci95=3.0, vel_ci95=3.0, recovery=ftr: p_los=0.2398 (2398/10000)
[1208/2160] dpsi=102.0, pos_ci95=3.0, vel_ci95=3.0, recovery=0.999: p_los=0.0047 (47/10000)
[1209/2160] dpsi=102.0, pos_ci95=3.0, vel_ci95=3.0, recovery=0.99: p_los=0.0068 (68/10000)
[1210/2160] dpsi=102.0, pos_ci95=3.0, vel_ci95=3.0, recovery=0.9: p_los=0.0102 (102/10000)
[1211/2160] dpsi=102.0, pos_ci95=3.0, vel_ci95=3.0, recovery=0.75: p_los=0.0258 (258/10000)
[1212/2160] dpsi=102.0, pos_ci95=3.0, vel_ci95=3.0, recovery=0.5: p_los=0.2454 (2454/10000)
[1213/2160] dpsi=102.0, pos_ci95=10.0, vel_ci95=1.0, recovery=ftr: p_los=0.0448 (448/10000)
[1214/2160] dpsi=102.0, pos_ci95=10.0, vel_ci95=1.0, recovery=0.999: p_los=0 (0/10000)
[1215/2160] dpsi=102.0, pos_ci95=10.0, vel_ci95=1.0, recovery=0.99: p_los=0 (0/10000)
[1216/2160] dpsi=102.0, pos_ci95=10.0, vel_ci95=1.0, recovery=0.9: p_los=0.0004 (4/10000)
[1217/2160] dpsi=102.0, pos_ci95=10.0, vel_ci95=1.0, recovery=0.75: p_los=0.0043 (43/10000)
[1218/2160] dpsi=102.0, pos_ci95=10.0, vel_ci95=1.0, recovery=0.5: p_los=0.0456 (456/10000)
[1219/2160] dpsi=102.0, pos_ci95=10.0, vel_ci95=3.0, recovery=ftr: p_los=0.1965 (1965/10000)
[1220/2160] dpsi=102.0, pos_ci95=10.0, vel_ci95=3.0, recovery=0.999: p_los=0.0028 (28/10000)
[1221/2160] dpsi=102.0, pos_ci95=10.0, vel_ci95=3.0, recovery=0.99: p_los=0.0072 (72/10000)
[1222/2160] dpsi=102.0, pos_ci95=10.0, vel_ci95=3.0, recovery=0.9: p_los=0.0124 (124/10000)
[1223/2160] dpsi=102.0, pos_ci95=10.0, vel_ci95=3.0, recovery=0.75: p_los=0.0381 (381/10000)
[1224/2160] dpsi=102.0, pos_ci95=10.0, vel_ci95=3.0, recovery=0.5: p_los=0.1931 (1931/10000)
[1225/2160] dpsi=104.0, pos_ci95=3.0, vel_ci95=1.0, recovery=ftr: p_los=0.0901 (901/10000)
[1226/2160] dpsi=104.0, pos_ci95=3.0, vel_ci95=1.0, recovery=0.999: p_los=0 (0/10000)
[1227/2160] dpsi=104.0, pos_ci95=3.0, vel_ci95=1.0, recovery=0.99: p_los=0.0001 (1/10000)
[1228/2160] dpsi=104.0, pos_ci95=3.0, vel_ci95=1.0, recovery=0.9: p_los=0.0007 (7/10000)
[1229/2160] dpsi=104.0, pos_ci95=3.0, vel_ci95=1.0, recovery=0.75: p_los=0.004 (40/10000)
[1230/2160] dpsi=104.0, pos_ci95=3.0, vel_ci95=1.0, recovery=0.5: p_los=0.078 (780/10000)
[1231/2160] dpsi=104.0, pos_ci95=3.0, vel_ci95=3.0, recovery=ftr: p_los=0.2396 (2396/10000)
[1232/2160] dpsi=104.0, pos_ci95=3.0, vel_ci95=3.0, recovery=0.999: p_los=0.0047 (47/10000)
[1233/2160] dpsi=104.0, pos_ci95=3.0, vel_ci95=3.0, recovery=0.99: p_los=0.0076 (76/10000)
[1234/2160] dpsi=104.0, pos_ci95=3.0, vel_ci95=3.0, recovery=0.9: p_los=0.0129 (129/10000)
[1235/2160] dpsi=104.0, pos_ci95=3.0, vel_ci95=3.0, recovery=0.75: p_los=0.0344 (344/10000)
[1236/2160] dpsi=104.0, pos_ci95=3.0, vel_ci95=3.0, recovery=0.5: p_los=0.247 (2470/10000)
[1237/2160] dpsi=104.0, pos_ci95=10.0, vel_ci95=1.0, recovery=ftr: p_los=0.045 (450/10000)
[1238/2160] dpsi=104.0, pos_ci95=10.0, vel_ci95=1.0, recovery=0.999: p_los=0 (0/10000)
[1239/2160] dpsi=104.0, pos_ci95=10.0, vel_ci95=1.0, recovery=0.99: p_los=0 (0/10000)
[1240/2160] dpsi=104.0, pos_ci95=10.0, vel_ci95=1.0, recovery=0.9: p_los=0.0003 (3/10000)
[1241/2160] dpsi=104.0, pos_ci95=10.0, vel_ci95=1.0, recovery=0.75: p_los=0.0046 (46/10000)
[1242/2160] dpsi=104.0, pos_ci95=10.0, vel_ci95=1.0, recovery=0.5: p_los=0.0471 (471/10000)
[1243/2160] dpsi=104.0, pos_ci95=10.0, vel_ci95=3.0, recovery=ftr: p_los=0.2033 (2033/10000)
[1244/2160] dpsi=104.0, pos_ci95=10.0, vel_ci95=3.0, recovery=0.999: p_los=0.0041 (41/10000)
[1245/2160] dpsi=104.0, pos_ci95=10.0, vel_ci95=3.0, recovery=0.99: p_los=0.0067 (67/10000)
[1246/2160] dpsi=104.0, pos_ci95=10.0, vel_ci95=3.0, recovery=0.9: p_los=0.0127 (127/10000)
[1247/2160] dpsi=104.0, pos_ci95=10.0, vel_ci95=3.0, recovery=0.75: p_los=0.0363 (363/10000)
[1248/2160] dpsi=104.0, pos_ci95=10.0, vel_ci95=3.0, recovery=0.5: p_los=0.1999 (1999/10000)
[1249/2160] dpsi=106.0, pos_ci95=3.0, vel_ci95=1.0, recovery=ftr: p_los=0.0872 (872/10000)
[1250/2160] dpsi=106.0, pos_ci95=3.0, vel_ci95=1.0, recovery=0.999: p_los=0.0005 (5/10000)
[1251/2160] dpsi=106.0, pos_ci95=3.0, vel_ci95=1.0, recovery=0.99: p_los=0 (0/10000)
[1252/2160] dpsi=106.0, pos_ci95=3.0, vel_ci95=1.0, recovery=0.9: p_los=0.0006 (6/10000)
[1253/2160] dpsi=106.0, pos_ci95=3.0, vel_ci95=1.0, recovery=0.75: p_los=0.005 (50/10000)
[1254/2160] dpsi=106.0, pos_ci95=3.0, vel_ci95=1.0, recovery=0.5: p_los=0.0806 (806/10000)
[1255/2160] dpsi=106.0, pos_ci95=3.0, vel_ci95=3.0, recovery=ftr: p_los=0.2406 (2406/10000)
[1256/2160] dpsi=106.0, pos_ci95=3.0, vel_ci95=3.0, recovery=0.999: p_los=0.0044 (44/10000)
[1257/2160] dpsi=106.0, pos_ci95=3.0, vel_ci95=3.0, recovery=0.99: p_los=0.0081 (81/10000)
[1258/2160] dpsi=106.0, pos_ci95=3.0, vel_ci95=3.0, recovery=0.9: p_los=0.0104 (104/10000)
[1259/2160] dpsi=106.0, pos_ci95=3.0, vel_ci95=3.0, recovery=0.75: p_los=0.0307 (307/10000)
[1260/2160] dpsi=106.0, pos_ci95=3.0, vel_ci95=3.0, recovery=0.5: p_los=0.2578 (2578/10000)
[1261/2160] dpsi=106.0, pos_ci95=10.0, vel_ci95=1.0, recovery=ftr: p_los=0.0486 (486/10000)
[1262/2160] dpsi=106.0, pos_ci95=10.0, vel_ci95=1.0, recovery=0.999: p_los=0 (0/10000)
[1263/2160] dpsi=106.0, pos_ci95=10.0, vel_ci95=1.0, recovery=0.99: p_los=0 (0/10000)
[1264/2160] dpsi=106.0, pos_ci95=10.0, vel_ci95=1.0, recovery=0.9: p_los=0.0008 (8/10000)
[1265/2160] dpsi=106.0, pos_ci95=10.0, vel_ci95=1.0, recovery=0.75: p_los=0.0045 (45/10000)
[1266/2160] dpsi=106.0, pos_ci95=10.0, vel_ci95=1.0, recovery=0.5: p_los=0.047 (470/10000)
[1267/2160] dpsi=106.0, pos_ci95=10.0, vel_ci95=3.0, recovery=ftr: p_los=0.2006 (2006/10000)
[1268/2160] dpsi=106.0, pos_ci95=10.0, vel_ci95=3.0, recovery=0.999: p_los=0.004 (40/10000)
[1269/2160] dpsi=106.0, pos_ci95=10.0, vel_ci95=3.0, recovery=0.99: p_los=0.0063 (63/10000)
[1270/2160] dpsi=106.0, pos_ci95=10.0, vel_ci95=3.0, recovery=0.9: p_los=0.0139 (139/10000)
[1271/2160] dpsi=106.0, pos_ci95=10.0, vel_ci95=3.0, recovery=0.75: p_los=0.0373 (373/10000)
[1272/2160] dpsi=106.0, pos_ci95=10.0, vel_ci95=3.0, recovery=0.5: p_los=0.1948 (1948/10000)
[1273/2160] dpsi=108.0, pos_ci95=3.0, vel_ci95=1.0, recovery=ftr: p_los=0.0954 (954/10000)
[1274/2160] dpsi=108.0, pos_ci95=3.0, vel_ci95=1.0, recovery=0.999: p_los=0.0002 (2/10000)
[1275/2160] dpsi=108.0, pos_ci95=3.0, vel_ci95=1.0, recovery=0.99: p_los=0.0001 (1/10000)
[1276/2160] dpsi=108.0, pos_ci95=3.0, vel_ci95=1.0, recovery=0.9: p_los=0.0011 (11/10000)
[1277/2160] dpsi=108.0, pos_ci95=3.0, vel_ci95=1.0, recovery=0.75: p_los=0.005 (50/10000)
[1278/2160] dpsi=108.0, pos_ci95=3.0, vel_ci95=1.0, recovery=0.5: p_los=0.083 (830/10000)
[1279/2160] dpsi=108.0, pos_ci95=3.0, vel_ci95=3.0, recovery=ftr: p_los=0.2397 (2397/10000)
[1280/2160] dpsi=108.0, pos_ci95=3.0, vel_ci95=3.0, recovery=0.999: p_los=0.0044 (44/10000)
[1281/2160] dpsi=108.0, pos_ci95=3.0, vel_ci95=3.0, recovery=0.99: p_los=0.0091 (91/10000)
[1282/2160] dpsi=108.0, pos_ci95=3.0, vel_ci95=3.0, recovery=0.9: p_los=0.0124 (124/10000)
[1283/2160] dpsi=108.0, pos_ci95=3.0, vel_ci95=3.0, recovery=0.75: p_los=0.031 (310/10000)
[1284/2160] dpsi=108.0, pos_ci95=3.0, vel_ci95=3.0, recovery=0.5: p_los=0.2502 (2502/10000)
[1285/2160] dpsi=108.0, pos_ci95=10.0, vel_ci95=1.0, recovery=ftr: p_los=0.0485 (485/10000)
[1286/2160] dpsi=108.0, pos_ci95=10.0, vel_ci95=1.0, recovery=0.999: p_los=0 (0/10000)
[1287/2160] dpsi=108.0, pos_ci95=10.0, vel_ci95=1.0, recovery=0.99: p_los=0 (0/10000)
[1288/2160] dpsi=108.0, pos_ci95=10.0, vel_ci95=1.0, recovery=0.9: p_los=0.0003 (3/10000)
[1289/2160] dpsi=108.0, pos_ci95=10.0, vel_ci95=1.0, recovery=0.75: p_los=0.0039 (39/10000)
[1290/2160] dpsi=108.0, pos_ci95=10.0, vel_ci95=1.0, recovery=0.5: p_los=0.0505 (505/10000)
[1291/2160] dpsi=108.0, pos_ci95=10.0, vel_ci95=3.0, recovery=ftr: p_los=0.1986 (1986/10000)
[1292/2160] dpsi=108.0, pos_ci95=10.0, vel_ci95=3.0, recovery=0.999: p_los=0.0035 (35/10000)
[1293/2160] dpsi=108.0, pos_ci95=10.0, vel_ci95=3.0, recovery=0.99: p_los=0.0057 (57/10000)
[1294/2160] dpsi=108.0, pos_ci95=10.0, vel_ci95=3.0, recovery=0.9: p_los=0.0124 (124/10000)
[1295/2160] dpsi=108.0, pos_ci95=10.0, vel_ci95=3.0, recovery=0.75: p_los=0.0349 (349/10000)
[1296/2160] dpsi=108.0, pos_ci95=10.0, vel_ci95=3.0, recovery=0.5: p_los=0.1966 (1966/10000)
[1297/2160] dpsi=110.0, pos_ci95=3.0, vel_ci95=1.0, recovery=ftr: p_los=0.0933 (933/10000)
[1298/2160] dpsi=110.0, pos_ci95=3.0, vel_ci95=1.0, recovery=0.999: p_los=0.0001 (1/10000)
[1299/2160] dpsi=110.0, pos_ci95=3.0, vel_ci95=1.0, recovery=0.99: p_los=0 (0/10000)
[1300/2160] dpsi=110.0, pos_ci95=3.0, vel_ci95=1.0, recovery=0.9: p_los=0.0005 (5/10000)
[1301/2160] dpsi=110.0, pos_ci95=3.0, vel_ci95=1.0, recovery=0.75: p_los=0.0054 (54/10000)
[1302/2160] dpsi=110.0, pos_ci95=3.0, vel_ci95=1.0, recovery=0.5: p_los=0.0846 (846/10000)
[1303/2160] dpsi=110.0, pos_ci95=3.0, vel_ci95=3.0, recovery=ftr: p_los=0.2419 (2419/10000)
[1304/2160] dpsi=110.0, pos_ci95=3.0, vel_ci95=3.0, recovery=0.999: p_los=0.0051 (51/10000)
[1305/2160] dpsi=110.0, pos_ci95=3.0, vel_ci95=3.0, recovery=0.99: p_los=0.0081 (81/10000)
[1306/2160] dpsi=110.0, pos_ci95=3.0, vel_ci95=3.0, recovery=0.9: p_los=0.0135 (135/10000)
[1307/2160] dpsi=110.0, pos_ci95=3.0, vel_ci95=3.0, recovery=0.75: p_los=0.0329 (329/10000)
[1308/2160] dpsi=110.0, pos_ci95=3.0, vel_ci95=3.0, recovery=0.5: p_los=0.2565 (2565/10000)
[1309/2160] dpsi=110.0, pos_ci95=10.0, vel_ci95=1.0, recovery=ftr: p_los=0.0487 (487/10000)
[1310/2160] dpsi=110.0, pos_ci95=10.0, vel_ci95=1.0, recovery=0.999: p_los=0 (0/10000)
[1311/2160] dpsi=110.0, pos_ci95=10.0, vel_ci95=1.0, recovery=0.99: p_los=0 (0/10000)
[1312/2160] dpsi=110.0, pos_ci95=10.0, vel_ci95=1.0, recovery=0.9: p_los=0.0001 (1/10000)
[1313/2160] dpsi=110.0, pos_ci95=10.0, vel_ci95=1.0, recovery=0.75: p_los=0.0043 (43/10000)
[1314/2160] dpsi=110.0, pos_ci95=10.0, vel_ci95=1.0, recovery=0.5: p_los=0.0499 (499/10000)
[1315/2160] dpsi=110.0, pos_ci95=10.0, vel_ci95=3.0, recovery=ftr: p_los=0.2033 (2033/10000)
[1316/2160] dpsi=110.0, pos_ci95=10.0, vel_ci95=3.0, recovery=0.999: p_los=0.0037 (37/10000)
[1317/2160] dpsi=110.0, pos_ci95=10.0, vel_ci95=3.0, recovery=0.99: p_los=0.0083 (83/10000)
[1318/2160] dpsi=110.0, pos_ci95=10.0, vel_ci95=3.0, recovery=0.9: p_los=0.0147 (147/10000)
[1319/2160] dpsi=110.0, pos_ci95=10.0, vel_ci95=3.0, recovery=0.75: p_los=0.0387 (387/10000)
[1320/2160] dpsi=110.0, pos_ci95=10.0, vel_ci95=3.0, recovery=0.5: p_los=0.2043 (2043/10000)
[1321/2160] dpsi=112.0, pos_ci95=3.0, vel_ci95=1.0, recovery=ftr: p_los=0.0975 (975/10000)
[1322/2160] dpsi=112.0, pos_ci95=3.0, vel_ci95=1.0, recovery=0.999: p_los=0 (0/10000)
[1323/2160] dpsi=112.0, pos_ci95=3.0, vel_ci95=1.0, recovery=0.99: p_los=0.0001 (1/10000)
[1324/2160] dpsi=112.0, pos_ci95=3.0, vel_ci95=1.0, recovery=0.9: p_los=0.0006 (6/10000)
[1325/2160] dpsi=112.0, pos_ci95=3.0, vel_ci95=1.0, recovery=0.75: p_los=0.0045 (45/10000)
[1326/2160] dpsi=112.0, pos_ci95=3.0, vel_ci95=1.0, recovery=0.5: p_los=0.0865 (865/10000)
[1327/2160] dpsi=112.0, pos_ci95=3.0, vel_ci95=3.0, recovery=ftr: p_los=0.2457 (2457/10000)
[1328/2160] dpsi=112.0, pos_ci95=3.0, vel_ci95=3.0, recovery=0.999: p_los=0.0047 (47/10000)
[1329/2160] dpsi=112.0, pos_ci95=3.0, vel_ci95=3.0, recovery=0.99: p_los=0.0083 (83/10000)
[1330/2160] dpsi=112.0, pos_ci95=3.0, vel_ci95=3.0, recovery=0.9: p_los=0.0138 (138/10000)
[1331/2160] dpsi=112.0, pos_ci95=3.0, vel_ci95=3.0, recovery=0.75: p_los=0.0271 (271/10000)
[1332/2160] dpsi=112.0, pos_ci95=3.0, vel_ci95=3.0, recovery=0.5: p_los=0.2554 (2554/10000)
[1333/2160] dpsi=112.0, pos_ci95=10.0, vel_ci95=1.0, recovery=ftr: p_los=0.0519 (519/10000)
[1334/2160] dpsi=112.0, pos_ci95=10.0, vel_ci95=1.0, recovery=0.999: p_los=0.0001 (1/10000)
[1335/2160] dpsi=112.0, pos_ci95=10.0, vel_ci95=1.0, recovery=0.99: p_los=0 (0/10000)
[1336/2160] dpsi=112.0, pos_ci95=10.0, vel_ci95=1.0, recovery=0.9: p_los=0.0002 (2/10000)
[1337/2160] dpsi=112.0, pos_ci95=10.0, vel_ci95=1.0, recovery=0.75: p_los=0.0042 (42/10000)
[1338/2160] dpsi=112.0, pos_ci95=10.0, vel_ci95=1.0, recovery=0.5: p_los=0.0462 (462/10000)
[1339/2160] dpsi=112.0, pos_ci95=10.0, vel_ci95=3.0, recovery=ftr: p_los=0.2066 (2066/10000)
[1340/2160] dpsi=112.0, pos_ci95=10.0, vel_ci95=3.0, recovery=0.999: p_los=0.0031 (31/10000)
[1341/2160] dpsi=112.0, pos_ci95=10.0, vel_ci95=3.0, recovery=0.99: p_los=0.005 (50/10000)
[1342/2160] dpsi=112.0, pos_ci95=10.0, vel_ci95=3.0, recovery=0.9: p_los=0.0136 (136/10000)
[1343/2160] dpsi=112.0, pos_ci95=10.0, vel_ci95=3.0, recovery=0.75: p_los=0.0402 (402/10000)
[1344/2160] dpsi=112.0, pos_ci95=10.0, vel_ci95=3.0, recovery=0.5: p_los=0.1998 (1998/10000)
[1345/2160] dpsi=114.0, pos_ci95=3.0, vel_ci95=1.0, recovery=ftr: p_los=0.0959 (959/10000)
[1346/2160] dpsi=114.0, pos_ci95=3.0, vel_ci95=1.0, recovery=0.999: p_los=0 (0/10000)
[1347/2160] dpsi=114.0, pos_ci95=3.0, vel_ci95=1.0, recovery=0.99: p_los=0 (0/10000)
[1348/2160] dpsi=114.0, pos_ci95=3.0, vel_ci95=1.0, recovery=0.9: p_los=0.001 (10/10000)
[1349/2160] dpsi=114.0, pos_ci95=3.0, vel_ci95=1.0, recovery=0.75: p_los=0.005 (50/10000)
[1350/2160] dpsi=114.0, pos_ci95=3.0, vel_ci95=1.0, recovery=0.5: p_los=0.0872 (872/10000)
[1351/2160] dpsi=114.0, pos_ci95=3.0, vel_ci95=3.0, recovery=ftr: p_los=0.2493 (2493/10000)
[1352/2160] dpsi=114.0, pos_ci95=3.0, vel_ci95=3.0, recovery=0.999: p_los=0.0056 (56/10000)
[1353/2160] dpsi=114.0, pos_ci95=3.0, vel_ci95=3.0, recovery=0.99: p_los=0.0076 (76/10000)
[1354/2160] dpsi=114.0, pos_ci95=3.0, vel_ci95=3.0, recovery=0.9: p_los=0.0111 (111/10000)
[1355/2160] dpsi=114.0, pos_ci95=3.0, vel_ci95=3.0, recovery=0.75: p_los=0.0302 (302/10000)
[1356/2160] dpsi=114.0, pos_ci95=3.0, vel_ci95=3.0, recovery=0.5: p_los=0.2579 (2579/10000)
[1357/2160] dpsi=114.0, pos_ci95=10.0, vel_ci95=1.0, recovery=ftr: p_los=0.0537 (537/10000)
[1358/2160] dpsi=114.0, pos_ci95=10.0, vel_ci95=1.0, recovery=0.999: p_los=0 (0/10000)
[1359/2160] dpsi=114.0, pos_ci95=10.0, vel_ci95=1.0, recovery=0.99: p_los=0 (0/10000)
[1360/2160] dpsi=114.0, pos_ci95=10.0, vel_ci95=1.0, recovery=0.9: p_los=0.0002 (2/10000)
[1361/2160] dpsi=114.0, pos_ci95=10.0, vel_ci95=1.0, recovery=0.75: p_los=0.0055 (55/10000)
[1362/2160] dpsi=114.0, pos_ci95=10.0, vel_ci95=1.0, recovery=0.5: p_los=0.0514 (514/10000)
[1363/2160] dpsi=114.0, pos_ci95=10.0, vel_ci95=3.0, recovery=ftr: p_los=0.2056 (2056/10000)
[1364/2160] dpsi=114.0, pos_ci95=10.0, vel_ci95=3.0, recovery=0.999: p_los=0.0038 (38/10000)
[1365/2160] dpsi=114.0, pos_ci95=10.0, vel_ci95=3.0, recovery=0.99: p_los=0.0064 (64/10000)
[1366/2160] dpsi=114.0, pos_ci95=10.0, vel_ci95=3.0, recovery=0.9: p_los=0.0129 (129/10000)
[1367/2160] dpsi=114.0, pos_ci95=10.0, vel_ci95=3.0, recovery=0.75: p_los=0.0388 (388/10000)
[1368/2160] dpsi=114.0, pos_ci95=10.0, vel_ci95=3.0, recovery=0.5: p_los=0.2142 (2142/10000)
[1369/2160] dpsi=116.0, pos_ci95=3.0, vel_ci95=1.0, recovery=ftr: p_los=0.0983 (983/10000)
[1370/2160] dpsi=116.0, pos_ci95=3.0, vel_ci95=1.0, recovery=0.999: p_los=0 (0/10000)
[1371/2160] dpsi=116.0, pos_ci95=3.0, vel_ci95=1.0, recovery=0.99: p_los=0 (0/10000)
[1372/2160] dpsi=116.0, pos_ci95=3.0, vel_ci95=1.0, recovery=0.9: p_los=0.0006 (6/10000)
[1373/2160] dpsi=116.0, pos_ci95=3.0, vel_ci95=1.0, recovery=0.75: p_los=0.0054 (54/10000)
[1374/2160] dpsi=116.0, pos_ci95=3.0, vel_ci95=1.0, recovery=0.5: p_los=0.0887 (887/10000)
[1375/2160] dpsi=116.0, pos_ci95=3.0, vel_ci95=3.0, recovery=ftr: p_los=0.2533 (2533/10000)
[1376/2160] dpsi=116.0, pos_ci95=3.0, vel_ci95=3.0, recovery=0.999: p_los=0.0068 (68/10000)
[1377/2160] dpsi=116.0, pos_ci95=3.0, vel_ci95=3.0, recovery=0.99: p_los=0.0102 (102/10000)
[1378/2160] dpsi=116.0, pos_ci95=3.0, vel_ci95=3.0, recovery=0.9: p_los=0.0135 (135/10000)
[1379/2160] dpsi=116.0, pos_ci95=3.0, vel_ci95=3.0, recovery=0.75: p_los=0.0317 (317/10000)
[1380/2160] dpsi=116.0, pos_ci95=3.0, vel_ci95=3.0, recovery=0.5: p_los=0.2543 (2543/10000)
[1381/2160] dpsi=116.0, pos_ci95=10.0, vel_ci95=1.0, recovery=ftr: p_los=0.0509 (509/10000)
[1382/2160] dpsi=116.0, pos_ci95=10.0, vel_ci95=1.0, recovery=0.999: p_los=0.0001 (1/10000)
[1383/2160] dpsi=116.0, pos_ci95=10.0, vel_ci95=1.0, recovery=0.99: p_los=0.0001 (1/10000)
[1384/2160] dpsi=116.0, pos_ci95=10.0, vel_ci95=1.0, recovery=0.9: p_los=0.0007 (7/10000)
[1385/2160] dpsi=116.0, pos_ci95=10.0, vel_ci95=1.0, recovery=0.75: p_los=0.0035 (35/10000)
[1386/2160] dpsi=116.0, pos_ci95=10.0, vel_ci95=1.0, recovery=0.5: p_los=0.05 (500/10000)
[1387/2160] dpsi=116.0, pos_ci95=10.0, vel_ci95=3.0, recovery=ftr: p_los=0.2075 (2075/10000)
[1388/2160] dpsi=116.0, pos_ci95=10.0, vel_ci95=3.0, recovery=0.999: p_los=0.004 (40/10000)
[1389/2160] dpsi=116.0, pos_ci95=10.0, vel_ci95=3.0, recovery=0.99: p_los=0.006 (60/10000)
[1390/2160] dpsi=116.0, pos_ci95=10.0, vel_ci95=3.0, recovery=0.9: p_los=0.0142 (142/10000)
[1391/2160] dpsi=116.0, pos_ci95=10.0, vel_ci95=3.0, recovery=0.75: p_los=0.0391 (391/10000)
[1392/2160] dpsi=116.0, pos_ci95=10.0, vel_ci95=3.0, recovery=0.5: p_los=0.2143 (2143/10000)
[1393/2160] dpsi=118.0, pos_ci95=3.0, vel_ci95=1.0, recovery=ftr: p_los=0.0973 (973/10000)
[1394/2160] dpsi=118.0, pos_ci95=3.0, vel_ci95=1.0, recovery=0.999: p_los=0.0001 (1/10000)
[1395/2160] dpsi=118.0, pos_ci95=3.0, vel_ci95=1.0, recovery=0.99: p_los=0 (0/10000)
[1396/2160] dpsi=118.0, pos_ci95=3.0, vel_ci95=1.0, recovery=0.9: p_los=0.0003 (3/10000)
[1397/2160] dpsi=118.0, pos_ci95=3.0, vel_ci95=1.0, recovery=0.75: p_los=0.0035 (35/10000)
[1398/2160] dpsi=118.0, pos_ci95=3.0, vel_ci95=1.0, recovery=0.5: p_los=0.0865 (865/10000)
[1399/2160] dpsi=118.0, pos_ci95=3.0, vel_ci95=3.0, recovery=ftr: p_los=0.2536 (2536/10000)
[1400/2160] dpsi=118.0, pos_ci95=3.0, vel_ci95=3.0, recovery=0.999: p_los=0.0062 (62/10000)
[1401/2160] dpsi=118.0, pos_ci95=3.0, vel_ci95=3.0, recovery=0.99: p_los=0.0097 (97/10000)
[1402/2160] dpsi=118.0, pos_ci95=3.0, vel_ci95=3.0, recovery=0.9: p_los=0.0135 (135/10000)
[1403/2160] dpsi=118.0, pos_ci95=3.0, vel_ci95=3.0, recovery=0.75: p_los=0.0309 (309/10000)
[1404/2160] dpsi=118.0, pos_ci95=3.0, vel_ci95=3.0, recovery=0.5: p_los=0.2631 (2631/10000)
[1405/2160] dpsi=118.0, pos_ci95=10.0, vel_ci95=1.0, recovery=ftr: p_los=0.0541 (541/10000)
[1406/2160] dpsi=118.0, pos_ci95=10.0, vel_ci95=1.0, recovery=0.999: p_los=0 (0/10000)
[1407/2160] dpsi=118.0, pos_ci95=10.0, vel_ci95=1.0, recovery=0.99: p_los=0 (0/10000)
[1408/2160] dpsi=118.0, pos_ci95=10.0, vel_ci95=1.0, recovery=0.9: p_los=0.0005 (5/10000)
[1409/2160] dpsi=118.0, pos_ci95=10.0, vel_ci95=1.0, recovery=0.75: p_los=0.004 (40/10000)
[1410/2160] dpsi=118.0, pos_ci95=10.0, vel_ci95=1.0, recovery=0.5: p_los=0.0546 (546/10000)
[1411/2160] dpsi=118.0, pos_ci95=10.0, vel_ci95=3.0, recovery=ftr: p_los=0.2099 (2099/10000)
[1412/2160] dpsi=118.0, pos_ci95=10.0, vel_ci95=3.0, recovery=0.999: p_los=0.005 (50/10000)
[1413/2160] dpsi=118.0, pos_ci95=10.0, vel_ci95=3.0, recovery=0.99: p_los=0.008 (80/10000)
[1414/2160] dpsi=118.0, pos_ci95=10.0, vel_ci95=3.0, recovery=0.9: p_los=0.0165 (165/10000)
[1415/2160] dpsi=118.0, pos_ci95=10.0, vel_ci95=3.0, recovery=0.75: p_los=0.0385 (385/10000)
[1416/2160] dpsi=118.0, pos_ci95=10.0, vel_ci95=3.0, recovery=0.5: p_los=0.2167 (2167/10000)
[1417/2160] dpsi=120.0, pos_ci95=3.0, vel_ci95=1.0, recovery=ftr: p_los=0.104 (1040/10000)
[1418/2160] dpsi=120.0, pos_ci95=3.0, vel_ci95=1.0, recovery=0.999: p_los=0.0002 (2/10000)
[1419/2160] dpsi=120.0, pos_ci95=3.0, vel_ci95=1.0, recovery=0.99: p_los=0 (0/10000)
[1420/2160] dpsi=120.0, pos_ci95=3.0, vel_ci95=1.0, recovery=0.9: p_los=0.0006 (6/10000)
[1421/2160] dpsi=120.0, pos_ci95=3.0, vel_ci95=1.0, recovery=0.75: p_los=0.0041 (41/10000)
[1422/2160] dpsi=120.0, pos_ci95=3.0, vel_ci95=1.0, recovery=0.5: p_los=0.0928 (928/10000)
[1423/2160] dpsi=120.0, pos_ci95=3.0, vel_ci95=3.0, recovery=ftr: p_los=0.2518 (2518/10000)
[1424/2160] dpsi=120.0, pos_ci95=3.0, vel_ci95=3.0, recovery=0.999: p_los=0.0058 (58/10000)
[1425/2160] dpsi=120.0, pos_ci95=3.0, vel_ci95=3.0, recovery=0.99: p_los=0.0088 (88/10000)
[1426/2160] dpsi=120.0, pos_ci95=3.0, vel_ci95=3.0, recovery=0.9: p_los=0.0139 (139/10000)
[1427/2160] dpsi=120.0, pos_ci95=3.0, vel_ci95=3.0, recovery=0.75: p_los=0.0344 (344/10000)
[1428/2160] dpsi=120.0, pos_ci95=3.0, vel_ci95=3.0, recovery=0.5: p_los=0.26 (2600/10000)
[1429/2160] dpsi=120.0, pos_ci95=10.0, vel_ci95=1.0, recovery=ftr: p_los=0.052 (520/10000)
[1430/2160] dpsi=120.0, pos_ci95=10.0, vel_ci95=1.0, recovery=0.999: p_los=0 (0/10000)
[1431/2160] dpsi=120.0, pos_ci95=10.0, vel_ci95=1.0, recovery=0.99: p_los=0.0001 (1/10000)
[1432/2160] dpsi=120.0, pos_ci95=10.0, vel_ci95=1.0, recovery=0.9: p_los=0.0002 (2/10000)
[1433/2160] dpsi=120.0, pos_ci95=10.0, vel_ci95=1.0, recovery=0.75: p_los=0.0044 (44/10000)
[1434/2160] dpsi=120.0, pos_ci95=10.0, vel_ci95=1.0, recovery=0.5: p_los=0.0564 (564/10000)
[1435/2160] dpsi=120.0, pos_ci95=10.0, vel_ci95=3.0, recovery=ftr: p_los=0.2244 (2244/10000)
[1436/2160] dpsi=120.0, pos_ci95=10.0, vel_ci95=3.0, recovery=0.999: p_los=0.0043 (43/10000)
[1437/2160] dpsi=120.0, pos_ci95=10.0, vel_ci95=3.0, recovery=0.99: p_los=0.0078 (78/10000)
[1438/2160] dpsi=120.0, pos_ci95=10.0, vel_ci95=3.0, recovery=0.9: p_los=0.0135 (135/10000)
[1439/2160] dpsi=120.0, pos_ci95=10.0, vel_ci95=3.0, recovery=0.75: p_los=0.0428 (428/10000)
[1440/2160] dpsi=120.0, pos_ci95=10.0, vel_ci95=3.0, recovery=0.5: p_los=0.2171 (2171/10000)
[1441/2160] dpsi=122.0, pos_ci95=3.0, vel_ci95=1.0, recovery=ftr: p_los=0.1013 (1013/10000)
[1442/2160] dpsi=122.0, pos_ci95=3.0, vel_ci95=1.0, recovery=0.999: p_los=0.0002 (2/10000)
[1443/2160] dpsi=122.0, pos_ci95=3.0, vel_ci95=1.0, recovery=0.99: p_los=0.0001 (1/10000)
[1444/2160] dpsi=122.0, pos_ci95=3.0, vel_ci95=1.0, recovery=0.9: p_los=0.0006 (6/10000)
[1445/2160] dpsi=122.0, pos_ci95=3.0, vel_ci95=1.0, recovery=0.75: p_los=0.0056 (56/10000)
[1446/2160] dpsi=122.0, pos_ci95=3.0, vel_ci95=1.0, recovery=0.5: p_los=0.0947 (947/10000)
[1447/2160] dpsi=122.0, pos_ci95=3.0, vel_ci95=3.0, recovery=ftr: p_los=0.2528 (2528/10000)
[1448/2160] dpsi=122.0, pos_ci95=3.0, vel_ci95=3.0, recovery=0.999: p_los=0.0061 (61/10000)
[1449/2160] dpsi=122.0, pos_ci95=3.0, vel_ci95=3.0, recovery=0.99: p_los=0.0088 (88/10000)
[1450/2160] dpsi=122.0, pos_ci95=3.0, vel_ci95=3.0, recovery=0.9: p_los=0.0131 (131/10000)
[1451/2160] dpsi=122.0, pos_ci95=3.0, vel_ci95=3.0, recovery=0.75: p_los=0.032 (320/10000)
[1452/2160] dpsi=122.0, pos_ci95=3.0, vel_ci95=3.0, recovery=0.5: p_los=0.2666 (2666/10000)
[1453/2160] dpsi=122.0, pos_ci95=10.0, vel_ci95=1.0, recovery=ftr: p_los=0.0554 (554/10000)
[1454/2160] dpsi=122.0, pos_ci95=10.0, vel_ci95=1.0, recovery=0.999: p_los=0 (0/10000)
[1455/2160] dpsi=122.0, pos_ci95=10.0, vel_ci95=1.0, recovery=0.99: p_los=0 (0/10000)
[1456/2160] dpsi=122.0, pos_ci95=10.0, vel_ci95=1.0, recovery=0.9: p_los=0.0006 (6/10000)
[1457/2160] dpsi=122.0, pos_ci95=10.0, vel_ci95=1.0, recovery=0.75: p_los=0.0033 (33/10000)
[1458/2160] dpsi=122.0, pos_ci95=10.0, vel_ci95=1.0, recovery=0.5: p_los=0.0531 (531/10000)
[1459/2160] dpsi=122.0, pos_ci95=10.0, vel_ci95=3.0, recovery=ftr: p_los=0.2193 (2193/10000)
[1460/2160] dpsi=122.0, pos_ci95=10.0, vel_ci95=3.0, recovery=0.999: p_los=0.0053 (53/10000)
[1461/2160] dpsi=122.0, pos_ci95=10.0, vel_ci95=3.0, recovery=0.99: p_los=0.0072 (72/10000)
[1462/2160] dpsi=122.0, pos_ci95=10.0, vel_ci95=3.0, recovery=0.9: p_los=0.0162 (162/10000)
[1463/2160] dpsi=122.0, pos_ci95=10.0, vel_ci95=3.0, recovery=0.75: p_los=0.0439 (439/10000)
[1464/2160] dpsi=122.0, pos_ci95=10.0, vel_ci95=3.0, recovery=0.5: p_los=0.2187 (2187/10000)
[1465/2160] dpsi=124.0, pos_ci95=3.0, vel_ci95=1.0, recovery=ftr: p_los=0.1003 (1003/10000)
[1466/2160] dpsi=124.0, pos_ci95=3.0, vel_ci95=1.0, recovery=0.999: p_los=0 (0/10000)
[1467/2160] dpsi=124.0, pos_ci95=3.0, vel_ci95=1.0, recovery=0.99: p_los=0.0005 (5/10000)
[1468/2160] dpsi=124.0, pos_ci95=3.0, vel_ci95=1.0, recovery=0.9: p_los=0.0008 (8/10000)
[1469/2160] dpsi=124.0, pos_ci95=3.0, vel_ci95=1.0, recovery=0.75: p_los=0.0053 (53/10000)
[1470/2160] dpsi=124.0, pos_ci95=3.0, vel_ci95=1.0, recovery=0.5: p_los=0.0921 (921/10000)
[1471/2160] dpsi=124.0, pos_ci95=3.0, vel_ci95=3.0, recovery=ftr: p_los=0.256 (2560/10000)
[1472/2160] dpsi=124.0, pos_ci95=3.0, vel_ci95=3.0, recovery=0.999: p_los=0.0056 (56/10000)
[1473/2160] dpsi=124.0, pos_ci95=3.0, vel_ci95=3.0, recovery=0.99: p_los=0.011 (110/10000)
[1474/2160] dpsi=124.0, pos_ci95=3.0, vel_ci95=3.0, recovery=0.9: p_los=0.0162 (162/10000)
[1475/2160] dpsi=124.0, pos_ci95=3.0, vel_ci95=3.0, recovery=0.75: p_los=0.0358 (358/10000)
[1476/2160] dpsi=124.0, pos_ci95=3.0, vel_ci95=3.0, recovery=0.5: p_los=0.2675 (2675/10000)
[1477/2160] dpsi=124.0, pos_ci95=10.0, vel_ci95=1.0, recovery=ftr: p_los=0.0543 (543/10000)
[1478/2160] dpsi=124.0, pos_ci95=10.0, vel_ci95=1.0, recovery=0.999: p_los=0 (0/10000)
[1479/2160] dpsi=124.0, pos_ci95=10.0, vel_ci95=1.0, recovery=0.99: p_los=0 (0/10000)
[1480/2160] dpsi=124.0, pos_ci95=10.0, vel_ci95=1.0, recovery=0.9: p_los=0.0007 (7/10000)
[1481/2160] dpsi=124.0, pos_ci95=10.0, vel_ci95=1.0, recovery=0.75: p_los=0.0051 (51/10000)
[1482/2160] dpsi=124.0, pos_ci95=10.0, vel_ci95=1.0, recovery=0.5: p_los=0.0553 (553/10000)
[1483/2160] dpsi=124.0, pos_ci95=10.0, vel_ci95=3.0, recovery=ftr: p_los=0.2141 (2141/10000)
[1484/2160] dpsi=124.0, pos_ci95=10.0, vel_ci95=3.0, recovery=0.999: p_los=0.0049 (49/10000)
[1485/2160] dpsi=124.0, pos_ci95=10.0, vel_ci95=3.0, recovery=0.99: p_los=0.0067 (67/10000)
[1486/2160] dpsi=124.0, pos_ci95=10.0, vel_ci95=3.0, recovery=0.9: p_los=0.0148 (148/10000)
[1487/2160] dpsi=124.0, pos_ci95=10.0, vel_ci95=3.0, recovery=0.75: p_los=0.0414 (414/10000)
[1488/2160] dpsi=124.0, pos_ci95=10.0, vel_ci95=3.0, recovery=0.5: p_los=0.2168 (2168/10000)
[1489/2160] dpsi=126.0, pos_ci95=3.0, vel_ci95=1.0, recovery=ftr: p_los=0.104 (1040/10000)
[1490/2160] dpsi=126.0, pos_ci95=3.0, vel_ci95=1.0, recovery=0.999: p_los=0 (0/10000)
[1491/2160] dpsi=126.0, pos_ci95=3.0, vel_ci95=1.0, recovery=0.99: p_los=0.0001 (1/10000)
[1492/2160] dpsi=126.0, pos_ci95=3.0, vel_ci95=1.0, recovery=0.9: p_los=0.0005 (5/10000)
[1493/2160] dpsi=126.0, pos_ci95=3.0, vel_ci95=1.0, recovery=0.75: p_los=0.0051 (51/10000)
[1494/2160] dpsi=126.0, pos_ci95=3.0, vel_ci95=1.0, recovery=0.5: p_los=0.1001 (1001/10000)
[1495/2160] dpsi=126.0, pos_ci95=3.0, vel_ci95=3.0, recovery=ftr: p_los=0.2577 (2577/10000)
[1496/2160] dpsi=126.0, pos_ci95=3.0, vel_ci95=3.0, recovery=0.999: p_los=0.0065 (65/10000)
[1497/2160] dpsi=126.0, pos_ci95=3.0, vel_ci95=3.0, recovery=0.99: p_los=0.0096 (96/10000)
[1498/2160] dpsi=126.0, pos_ci95=3.0, vel_ci95=3.0, recovery=0.9: p_los=0.0139 (139/10000)
[1499/2160] dpsi=126.0, pos_ci95=3.0, vel_ci95=3.0, recovery=0.75: p_los=0.0335 (335/10000)
[1500/2160] dpsi=126.0, pos_ci95=3.0, vel_ci95=3.0, recovery=0.5: p_los=0.2695 (2695/10000)
[1501/2160] dpsi=126.0, pos_ci95=10.0, vel_ci95=1.0, recovery=ftr: p_los=0.0583 (583/10000)
[1502/2160] dpsi=126.0, pos_ci95=10.0, vel_ci95=1.0, recovery=0.999: p_los=0 (0/10000)
[1503/2160] dpsi=126.0, pos_ci95=10.0, vel_ci95=1.0, recovery=0.99: p_los=0 (0/10000)
[1504/2160] dpsi=126.0, pos_ci95=10.0, vel_ci95=1.0, recovery=0.9: p_los=0.0005 (5/10000)
[1505/2160] dpsi=126.0, pos_ci95=10.0, vel_ci95=1.0, recovery=0.75: p_los=0.0048 (48/10000)
[1506/2160] dpsi=126.0, pos_ci95=10.0, vel_ci95=1.0, recovery=0.5: p_los=0.0585 (585/10000)
[1507/2160] dpsi=126.0, pos_ci95=10.0, vel_ci95=3.0, recovery=ftr: p_los=0.219 (2190/10000)
[1508/2160] dpsi=126.0, pos_ci95=10.0, vel_ci95=3.0, recovery=0.999: p_los=0.003 (30/10000)
[1509/2160] dpsi=126.0, pos_ci95=10.0, vel_ci95=3.0, recovery=0.99: p_los=0.0065 (65/10000)
[1510/2160] dpsi=126.0, pos_ci95=10.0, vel_ci95=3.0, recovery=0.9: p_los=0.0172 (172/10000)
[1511/2160] dpsi=126.0, pos_ci95=10.0, vel_ci95=3.0, recovery=0.75: p_los=0.0401 (401/10000)
[1512/2160] dpsi=126.0, pos_ci95=10.0, vel_ci95=3.0, recovery=0.5: p_los=0.2307 (2307/10000)
[1513/2160] dpsi=128.0, pos_ci95=3.0, vel_ci95=1.0, recovery=ftr: p_los=0.1136 (1136/10000)
[1514/2160] dpsi=128.0, pos_ci95=3.0, vel_ci95=1.0, recovery=0.999: p_los=0 (0/10000)
[1515/2160] dpsi=128.0, pos_ci95=3.0, vel_ci95=1.0, recovery=0.99: p_los=0 (0/10000)
[1516/2160] dpsi=128.0, pos_ci95=3.0, vel_ci95=1.0, recovery=0.9: p_los=0.0007 (7/10000)
[1517/2160] dpsi=128.0, pos_ci95=3.0, vel_ci95=1.0, recovery=0.75: p_los=0.0062 (62/10000)
[1518/2160] dpsi=128.0, pos_ci95=3.0, vel_ci95=1.0, recovery=0.5: p_los=0.0994 (994/10000)
[1519/2160] dpsi=128.0, pos_ci95=3.0, vel_ci95=3.0, recovery=ftr: p_los=0.2626 (2626/10000)
[1520/2160] dpsi=128.0, pos_ci95=3.0, vel_ci95=3.0, recovery=0.999: p_los=0.0076 (76/10000)
[1521/2160] dpsi=128.0, pos_ci95=3.0, vel_ci95=3.0, recovery=0.99: p_los=0.0106 (106/10000)
[1522/2160] dpsi=128.0, pos_ci95=3.0, vel_ci95=3.0, recovery=0.9: p_los=0.011 (110/10000)
[1523/2160] dpsi=128.0, pos_ci95=3.0, vel_ci95=3.0, recovery=0.75: p_los=0.0371 (371/10000)
[1524/2160] dpsi=128.0, pos_ci95=3.0, vel_ci95=3.0, recovery=0.5: p_los=0.2594 (2594/10000)
[1525/2160] dpsi=128.0, pos_ci95=10.0, vel_ci95=1.0, recovery=ftr: p_los=0.0585 (585/10000)
[1526/2160] dpsi=128.0, pos_ci95=10.0, vel_ci95=1.0, recovery=0.999: p_los=0.0001 (1/10000)
[1527/2160] dpsi=128.0, pos_ci95=10.0, vel_ci95=1.0, recovery=0.99: p_los=0 (0/10000)
[1528/2160] dpsi=128.0, pos_ci95=10.0, vel_ci95=1.0, recovery=0.9: p_los=0.0007 (7/10000)
[1529/2160] dpsi=128.0, pos_ci95=10.0, vel_ci95=1.0, recovery=0.75: p_los=0.0055 (55/10000)
[1530/2160] dpsi=128.0, pos_ci95=10.0, vel_ci95=1.0, recovery=0.5: p_los=0.0581 (581/10000)
[1531/2160] dpsi=128.0, pos_ci95=10.0, vel_ci95=3.0, recovery=ftr: p_los=0.2202 (2202/10000)
[1532/2160] dpsi=128.0, pos_ci95=10.0, vel_ci95=3.0, recovery=0.999: p_los=0.0041 (41/10000)
[1533/2160] dpsi=128.0, pos_ci95=10.0, vel_ci95=3.0, recovery=0.99: p_los=0.0066 (66/10000)
[1534/2160] dpsi=128.0, pos_ci95=10.0, vel_ci95=3.0, recovery=0.9: p_los=0.0152 (152/10000)
[1535/2160] dpsi=128.0, pos_ci95=10.0, vel_ci95=3.0, recovery=0.75: p_los=0.0443 (443/10000)
[1536/2160] dpsi=128.0, pos_ci95=10.0, vel_ci95=3.0, recovery=0.5: p_los=0.2294 (2294/10000)
[1537/2160] dpsi=130.0, pos_ci95=3.0, vel_ci95=1.0, recovery=ftr: p_los=0.114 (1140/10000)
[1538/2160] dpsi=130.0, pos_ci95=3.0, vel_ci95=1.0, recovery=0.999: p_los=0 (0/10000)
[1539/2160] dpsi=130.0, pos_ci95=3.0, vel_ci95=1.0, recovery=0.99: p_los=0.0001 (1/10000)
[1540/2160] dpsi=130.0, pos_ci95=3.0, vel_ci95=1.0, recovery=0.9: p_los=0.0006 (6/10000)
[1541/2160] dpsi=130.0, pos_ci95=3.0, vel_ci95=1.0, recovery=0.75: p_los=0.0048 (48/10000)
[1542/2160] dpsi=130.0, pos_ci95=3.0, vel_ci95=1.0, recovery=0.5: p_los=0.0978 (978/10000)
[1543/2160] dpsi=130.0, pos_ci95=3.0, vel_ci95=3.0, recovery=ftr: p_los=0.2658 (2658/10000)
[1544/2160] dpsi=130.0, pos_ci95=3.0, vel_ci95=3.0, recovery=0.999: p_los=0.0075 (75/10000)
[1545/2160] dpsi=130.0, pos_ci95=3.0, vel_ci95=3.0, recovery=0.99: p_los=0.0116 (116/10000)
[1546/2160] dpsi=130.0, pos_ci95=3.0, vel_ci95=3.0, recovery=0.9: p_los=0.0164 (164/10000)
[1547/2160] dpsi=130.0, pos_ci95=3.0, vel_ci95=3.0, recovery=0.75: p_los=0.03 (300/10000)
[1548/2160] dpsi=130.0, pos_ci95=3.0, vel_ci95=3.0, recovery=0.5: p_los=0.2722 (2722/10000)
[1549/2160] dpsi=130.0, pos_ci95=10.0, vel_ci95=1.0, recovery=ftr: p_los=0.0583 (583/10000)
[1550/2160] dpsi=130.0, pos_ci95=10.0, vel_ci95=1.0, recovery=0.999: p_los=0 (0/10000)
[1551/2160] dpsi=130.0, pos_ci95=10.0, vel_ci95=1.0, recovery=0.99: p_los=0 (0/10000)
[1552/2160] dpsi=130.0, pos_ci95=10.0, vel_ci95=1.0, recovery=0.9: p_los=0.0004 (4/10000)
[1553/2160] dpsi=130.0, pos_ci95=10.0, vel_ci95=1.0, recovery=0.75: p_los=0.005 (50/10000)
[1554/2160] dpsi=130.0, pos_ci95=10.0, vel_ci95=1.0, recovery=0.5: p_los=0.0606 (606/10000)
[1555/2160] dpsi=130.0, pos_ci95=10.0, vel_ci95=3.0, recovery=ftr: p_los=0.2259 (2259/10000)
[1556/2160] dpsi=130.0, pos_ci95=10.0, vel_ci95=3.0, recovery=0.999: p_los=0.0049 (49/10000)
[1557/2160] dpsi=130.0, pos_ci95=10.0, vel_ci95=3.0, recovery=0.99: p_los=0.0088 (88/10000)
[1558/2160] dpsi=130.0, pos_ci95=10.0, vel_ci95=3.0, recovery=0.9: p_los=0.0198 (198/10000)
[1559/2160] dpsi=130.0, pos_ci95=10.0, vel_ci95=3.0, recovery=0.75: p_los=0.0419 (419/10000)
[1560/2160] dpsi=130.0, pos_ci95=10.0, vel_ci95=3.0, recovery=0.5: p_los=0.2354 (2354/10000)
[1561/2160] dpsi=132.0, pos_ci95=3.0, vel_ci95=1.0, recovery=ftr: p_los=0.1131 (1131/10000)
[1562/2160] dpsi=132.0, pos_ci95=3.0, vel_ci95=1.0, recovery=0.999: p_los=0.0001 (1/10000)
[1563/2160] dpsi=132.0, pos_ci95=3.0, vel_ci95=1.0, recovery=0.99: p_los=0.0002 (2/10000)
[1564/2160] dpsi=132.0, pos_ci95=3.0, vel_ci95=1.0, recovery=0.9: p_los=0.0011 (11/10000)
[1565/2160] dpsi=132.0, pos_ci95=3.0, vel_ci95=1.0, recovery=0.75: p_los=0.0052 (52/10000)
[1566/2160] dpsi=132.0, pos_ci95=3.0, vel_ci95=1.0, recovery=0.5: p_los=0.0987 (987/10000)
[1567/2160] dpsi=132.0, pos_ci95=3.0, vel_ci95=3.0, recovery=ftr: p_los=0.264 (2640/10000)
[1568/2160] dpsi=132.0, pos_ci95=3.0, vel_ci95=3.0, recovery=0.999: p_los=0.0072 (72/10000)
[1569/2160] dpsi=132.0, pos_ci95=3.0, vel_ci95=3.0, recovery=0.99: p_los=0.0109 (109/10000)
[1570/2160] dpsi=132.0, pos_ci95=3.0, vel_ci95=3.0, recovery=0.9: p_los=0.0149 (149/10000)
[1571/2160] dpsi=132.0, pos_ci95=3.0, vel_ci95=3.0, recovery=0.75: p_los=0.0364 (364/10000)
[1572/2160] dpsi=132.0, pos_ci95=3.0, vel_ci95=3.0, recovery=0.5: p_los=0.268 (2680/10000)
[1573/2160] dpsi=132.0, pos_ci95=10.0, vel_ci95=1.0, recovery=ftr: p_los=0.0618 (618/10000)
[1574/2160] dpsi=132.0, pos_ci95=10.0, vel_ci95=1.0, recovery=0.999: p_los=0 (0/10000)
[1575/2160] dpsi=132.0, pos_ci95=10.0, vel_ci95=1.0, recovery=0.99: p_los=0 (0/10000)
[1576/2160] dpsi=132.0, pos_ci95=10.0, vel_ci95=1.0, recovery=0.9: p_los=0.0005 (5/10000)
[1577/2160] dpsi=132.0, pos_ci95=10.0, vel_ci95=1.0, recovery=0.75: p_los=0.0045 (45/10000)
[1578/2160] dpsi=132.0, pos_ci95=10.0, vel_ci95=1.0, recovery=0.5: p_los=0.0559 (559/10000)
[1579/2160] dpsi=132.0, pos_ci95=10.0, vel_ci95=3.0, recovery=ftr: p_los=0.2289 (2289/10000)
[1580/2160] dpsi=132.0, pos_ci95=10.0, vel_ci95=3.0, recovery=0.999: p_los=0.0053 (53/10000)
[1581/2160] dpsi=132.0, pos_ci95=10.0, vel_ci95=3.0, recovery=0.99: p_los=0.0097 (97/10000)
[1582/2160] dpsi=132.0, pos_ci95=10.0, vel_ci95=3.0, recovery=0.9: p_los=0.0172 (172/10000)
[1583/2160] dpsi=132.0, pos_ci95=10.0, vel_ci95=3.0, recovery=0.75: p_los=0.0456 (456/10000)
[1584/2160] dpsi=132.0, pos_ci95=10.0, vel_ci95=3.0, recovery=0.5: p_los=0.2292 (2292/10000)
[1585/2160] dpsi=134.0, pos_ci95=3.0, vel_ci95=1.0, recovery=ftr: p_los=0.1175 (1175/10000)
[1586/2160] dpsi=134.0, pos_ci95=3.0, vel_ci95=1.0, recovery=0.999: p_los=0 (0/10000)
[1587/2160] dpsi=134.0, pos_ci95=3.0, vel_ci95=1.0, recovery=0.99: p_los=0.0001 (1/10000)
[1588/2160] dpsi=134.0, pos_ci95=3.0, vel_ci95=1.0, recovery=0.9: p_los=0.0014 (14/10000)
[1589/2160] dpsi=134.0, pos_ci95=3.0, vel_ci95=1.0, recovery=0.75: p_los=0.0055 (55/10000)
[1590/2160] dpsi=134.0, pos_ci95=3.0, vel_ci95=1.0, recovery=0.5: p_los=0.1003 (1003/10000)
[1591/2160] dpsi=134.0, pos_ci95=3.0, vel_ci95=3.0, recovery=ftr: p_los=0.2726 (2726/10000)
[1592/2160] dpsi=134.0, pos_ci95=3.0, vel_ci95=3.0, recovery=0.999: p_los=0.0079 (79/10000)
[1593/2160] dpsi=134.0, pos_ci95=3.0, vel_ci95=3.0, recovery=0.99: p_los=0.0143 (143/10000)
[1594/2160] dpsi=134.0, pos_ci95=3.0, vel_ci95=3.0, recovery=0.9: p_los=0.017 (170/10000)
[1595/2160] dpsi=134.0, pos_ci95=3.0, vel_ci95=3.0, recovery=0.75: p_los=0.0338 (338/10000)
[1596/2160] dpsi=134.0, pos_ci95=3.0, vel_ci95=3.0, recovery=0.5: p_los=0.2701 (2701/10000)
[1597/2160] dpsi=134.0, pos_ci95=10.0, vel_ci95=1.0, recovery=ftr: p_los=0.0635 (635/10000)
[1598/2160] dpsi=134.0, pos_ci95=10.0, vel_ci95=1.0, recovery=0.999: p_los=0 (0/10000)
[1599/2160] dpsi=134.0, pos_ci95=10.0, vel_ci95=1.0, recovery=0.99: p_los=0 (0/10000)
[1600/2160] dpsi=134.0, pos_ci95=10.0, vel_ci95=1.0, recovery=0.9: p_los=0.0007 (7/10000)
[1601/2160] dpsi=134.0, pos_ci95=10.0, vel_ci95=1.0, recovery=0.75: p_los=0.0037 (37/10000)
[1602/2160] dpsi=134.0, pos_ci95=10.0, vel_ci95=1.0, recovery=0.5: p_los=0.0569 (569/10000)
[1603/2160] dpsi=134.0, pos_ci95=10.0, vel_ci95=3.0, recovery=ftr: p_los=0.23 (2300/10000)
[1604/2160] dpsi=134.0, pos_ci95=10.0, vel_ci95=3.0, recovery=0.999: p_los=0.0047 (47/10000)
[1605/2160] dpsi=134.0, pos_ci95=10.0, vel_ci95=3.0, recovery=0.99: p_los=0.0088 (88/10000)
[1606/2160] dpsi=134.0, pos_ci95=10.0, vel_ci95=3.0, recovery=0.9: p_los=0.0148 (148/10000)
[1607/2160] dpsi=134.0, pos_ci95=10.0, vel_ci95=3.0, recovery=0.75: p_los=0.0494 (494/10000)
[1608/2160] dpsi=134.0, pos_ci95=10.0, vel_ci95=3.0, recovery=0.5: p_los=0.2294 (2294/10000)
[1609/2160] dpsi=136.0, pos_ci95=3.0, vel_ci95=1.0, recovery=ftr: p_los=0.1212 (1212/10000)
[1610/2160] dpsi=136.0, pos_ci95=3.0, vel_ci95=1.0, recovery=0.999: p_los=0.0001 (1/10000)
[1611/2160] dpsi=136.0, pos_ci95=3.0, vel_ci95=1.0, recovery=0.99: p_los=0 (0/10000)
[1612/2160] dpsi=136.0, pos_ci95=3.0, vel_ci95=1.0, recovery=0.9: p_los=0.0005 (5/10000)
[1613/2160] dpsi=136.0, pos_ci95=3.0, vel_ci95=1.0, recovery=0.75: p_los=0.0058 (58/10000)
[1614/2160] dpsi=136.0, pos_ci95=3.0, vel_ci95=1.0, recovery=0.5: p_los=0.1056 (1056/10000)
[1615/2160] dpsi=136.0, pos_ci95=3.0, vel_ci95=3.0, recovery=ftr: p_los=0.2663 (2663/10000)
[1616/2160] dpsi=136.0, pos_ci95=3.0, vel_ci95=3.0, recovery=0.999: p_los=0.0067 (67/10000)
[1617/2160] dpsi=136.0, pos_ci95=3.0, vel_ci95=3.0, recovery=0.99: p_los=0.0111 (111/10000)
[1618/2160] dpsi=136.0, pos_ci95=3.0, vel_ci95=3.0, recovery=0.9: p_los=0.0134 (134/10000)
[1619/2160] dpsi=136.0, pos_ci95=3.0, vel_ci95=3.0, recovery=0.75: p_los=0.0378 (378/10000)
[1620/2160] dpsi=136.0, pos_ci95=3.0, vel_ci95=3.0, recovery=0.5: p_los=0.2818 (2818/10000)
[1621/2160] dpsi=136.0, pos_ci95=10.0, vel_ci95=1.0, recovery=ftr: p_los=0.0616 (616/10000)
[1622/2160] dpsi=136.0, pos_ci95=10.0, vel_ci95=1.0, recovery=0.999: p_los=0 (0/10000)
[1623/2160] dpsi=136.0, pos_ci95=10.0, vel_ci95=1.0, recovery=0.99: p_los=0.0001 (1/10000)
[1624/2160] dpsi=136.0, pos_ci95=10.0, vel_ci95=1.0, recovery=0.9: p_los=0.0005 (5/10000)
[1625/2160] dpsi=136.0, pos_ci95=10.0, vel_ci95=1.0, recovery=0.75: p_los=0.0049 (49/10000)
[1626/2160] dpsi=136.0, pos_ci95=10.0, vel_ci95=1.0, recovery=0.5: p_los=0.0618 (618/10000)
[1627/2160] dpsi=136.0, pos_ci95=10.0, vel_ci95=3.0, recovery=ftr: p_los=0.221 (2210/10000)
[1628/2160] dpsi=136.0, pos_ci95=10.0, vel_ci95=3.0, recovery=0.999: p_los=0.0053 (53/10000)
[1629/2160] dpsi=136.0, pos_ci95=10.0, vel_ci95=3.0, recovery=0.99: p_los=0.0082 (82/10000)
[1630/2160] dpsi=136.0, pos_ci95=10.0, vel_ci95=3.0, recovery=0.9: p_los=0.0156 (156/10000)
[1631/2160] dpsi=136.0, pos_ci95=10.0, vel_ci95=3.0, recovery=0.75: p_los=0.0489 (489/10000)
[1632/2160] dpsi=136.0, pos_ci95=10.0, vel_ci95=3.0, recovery=0.5: p_los=0.2402 (2402/10000)
[1633/2160] dpsi=138.0, pos_ci95=3.0, vel_ci95=1.0, recovery=ftr: p_los=0.1169 (1169/10000)
[1634/2160] dpsi=138.0, pos_ci95=3.0, vel_ci95=1.0, recovery=0.999: p_los=0.0003 (3/10000)
[1635/2160] dpsi=138.0, pos_ci95=3.0, vel_ci95=1.0, recovery=0.99: p_los=0.0001 (1/10000)
[1636/2160] dpsi=138.0, pos_ci95=3.0, vel_ci95=1.0, recovery=0.9: p_los=0.0005 (5/10000)
[1637/2160] dpsi=138.0, pos_ci95=3.0, vel_ci95=1.0, recovery=0.75: p_los=0.005 (50/10000)
[1638/2160] dpsi=138.0, pos_ci95=3.0, vel_ci95=1.0, recovery=0.5: p_los=0.1069 (1069/10000)
[1639/2160] dpsi=138.0, pos_ci95=3.0, vel_ci95=3.0, recovery=ftr: p_los=0.2678 (2678/10000)
[1640/2160] dpsi=138.0, pos_ci95=3.0, vel_ci95=3.0, recovery=0.999: p_los=0.0066 (66/10000)
[1641/2160] dpsi=138.0, pos_ci95=3.0, vel_ci95=3.0, recovery=0.99: p_los=0.0112 (112/10000)
[1642/2160] dpsi=138.0, pos_ci95=3.0, vel_ci95=3.0, recovery=0.9: p_los=0.0165 (165/10000)
[1643/2160] dpsi=138.0, pos_ci95=3.0, vel_ci95=3.0, recovery=0.75: p_los=0.0374 (374/10000)
[1644/2160] dpsi=138.0, pos_ci95=3.0, vel_ci95=3.0, recovery=0.5: p_los=0.27 (2700/10000)
[1645/2160] dpsi=138.0, pos_ci95=10.0, vel_ci95=1.0, recovery=ftr: p_los=0.0655 (655/10000)
[1646/2160] dpsi=138.0, pos_ci95=10.0, vel_ci95=1.0, recovery=0.999: p_los=0.0001 (1/10000)
[1647/2160] dpsi=138.0, pos_ci95=10.0, vel_ci95=1.0, recovery=0.99: p_los=0 (0/10000)
[1648/2160] dpsi=138.0, pos_ci95=10.0, vel_ci95=1.0, recovery=0.9: p_los=0.0004 (4/10000)
[1649/2160] dpsi=138.0, pos_ci95=10.0, vel_ci95=1.0, recovery=0.75: p_los=0.005 (50/10000)
[1650/2160] dpsi=138.0, pos_ci95=10.0, vel_ci95=1.0, recovery=0.5: p_los=0.0593 (593/10000)
[1651/2160] dpsi=138.0, pos_ci95=10.0, vel_ci95=3.0, recovery=ftr: p_los=0.2245 (2245/10000)
[1652/2160] dpsi=138.0, pos_ci95=10.0, vel_ci95=3.0, recovery=0.999: p_los=0.005 (50/10000)
[1653/2160] dpsi=138.0, pos_ci95=10.0, vel_ci95=3.0, recovery=0.99: p_los=0.0087 (87/10000)
[1654/2160] dpsi=138.0, pos_ci95=10.0, vel_ci95=3.0, recovery=0.9: p_los=0.0145 (145/10000)
[1655/2160] dpsi=138.0, pos_ci95=10.0, vel_ci95=3.0, recovery=0.75: p_los=0.0471 (471/10000)
[1656/2160] dpsi=138.0, pos_ci95=10.0, vel_ci95=3.0, recovery=0.5: p_los=0.2422 (2422/10000)
[1657/2160] dpsi=140.0, pos_ci95=3.0, vel_ci95=1.0, recovery=ftr: p_los=0.1261 (1261/10000)
[1658/2160] dpsi=140.0, pos_ci95=3.0, vel_ci95=1.0, recovery=0.999: p_los=0.0001 (1/10000)
[1659/2160] dpsi=140.0, pos_ci95=3.0, vel_ci95=1.0, recovery=0.99: p_los=0.0003 (3/10000)
[1660/2160] dpsi=140.0, pos_ci95=3.0, vel_ci95=1.0, recovery=0.9: p_los=0.0008 (8/10000)
[1661/2160] dpsi=140.0, pos_ci95=3.0, vel_ci95=1.0, recovery=0.75: p_los=0.0048 (48/10000)
[1662/2160] dpsi=140.0, pos_ci95=3.0, vel_ci95=1.0, recovery=0.5: p_los=0.1067 (1067/10000)
[1663/2160] dpsi=140.0, pos_ci95=3.0, vel_ci95=3.0, recovery=ftr: p_los=0.2727 (2727/10000)
[1664/2160] dpsi=140.0, pos_ci95=3.0, vel_ci95=3.0, recovery=0.999: p_los=0.0075 (75/10000)
[1665/2160] dpsi=140.0, pos_ci95=3.0, vel_ci95=3.0, recovery=0.99: p_los=0.0123 (123/10000)
[1666/2160] dpsi=140.0, pos_ci95=3.0, vel_ci95=3.0, recovery=0.9: p_los=0.0182 (182/10000)
[1667/2160] dpsi=140.0, pos_ci95=3.0, vel_ci95=3.0, recovery=0.75: p_los=0.0381 (381/10000)
[1668/2160] dpsi=140.0, pos_ci95=3.0, vel_ci95=3.0, recovery=0.5: p_los=0.2831 (2831/10000)
[1669/2160] dpsi=140.0, pos_ci95=10.0, vel_ci95=1.0, recovery=ftr: p_los=0.06 (600/10000)
[1670/2160] dpsi=140.0, pos_ci95=10.0, vel_ci95=1.0, recovery=0.999: p_los=0 (0/10000)
[1671/2160] dpsi=140.0, pos_ci95=10.0, vel_ci95=1.0, recovery=0.99: p_los=0 (0/10000)
[1672/2160] dpsi=140.0, pos_ci95=10.0, vel_ci95=1.0, recovery=0.9: p_los=0.0009 (9/10000)
[1673/2160] dpsi=140.0, pos_ci95=10.0, vel_ci95=1.0, recovery=0.75: p_los=0.0068 (68/10000)
[1674/2160] dpsi=140.0, pos_ci95=10.0, vel_ci95=1.0, recovery=0.5: p_los=0.0601 (601/10000)
[1675/2160] dpsi=140.0, pos_ci95=10.0, vel_ci95=3.0, recovery=ftr: p_los=0.2378 (2378/10000)
[1676/2160] dpsi=140.0, pos_ci95=10.0, vel_ci95=3.0, recovery=0.999: p_los=0.0045 (45/10000)
[1677/2160] dpsi=140.0, pos_ci95=10.0, vel_ci95=3.0, recovery=0.99: p_los=0.009 (90/10000)
[1678/2160] dpsi=140.0, pos_ci95=10.0, vel_ci95=3.0, recovery=0.9: p_los=0.0187 (187/10000)
[1679/2160] dpsi=140.0, pos_ci95=10.0, vel_ci95=3.0, recovery=0.75: p_los=0.0477 (477/10000)
[1680/2160] dpsi=140.0, pos_ci95=10.0, vel_ci95=3.0, recovery=0.5: p_los=0.2402 (2402/10000)
[1681/2160] dpsi=142.0, pos_ci95=3.0, vel_ci95=1.0, recovery=ftr: p_los=0.1323 (1323/10000)
[1682/2160] dpsi=142.0, pos_ci95=3.0, vel_ci95=1.0, recovery=0.999: p_los=0.0003 (3/10000)
[1683/2160] dpsi=142.0, pos_ci95=3.0, vel_ci95=1.0, recovery=0.99: p_los=0 (0/10000)
[1684/2160] dpsi=142.0, pos_ci95=3.0, vel_ci95=1.0, recovery=0.9: p_los=0.0012 (12/10000)
[1685/2160] dpsi=142.0, pos_ci95=3.0, vel_ci95=1.0, recovery=0.75: p_los=0.0059 (59/10000)
[1686/2160] dpsi=142.0, pos_ci95=3.0, vel_ci95=1.0, recovery=0.5: p_los=0.1056 (1056/10000)
[1687/2160] dpsi=142.0, pos_ci95=3.0, vel_ci95=3.0, recovery=ftr: p_los=0.2713 (2713/10000)
[1688/2160] dpsi=142.0, pos_ci95=3.0, vel_ci95=3.0, recovery=0.999: p_los=0.0068 (68/10000)
[1689/2160] dpsi=142.0, pos_ci95=3.0, vel_ci95=3.0, recovery=0.99: p_los=0.0134 (134/10000)
[1690/2160] dpsi=142.0, pos_ci95=3.0, vel_ci95=3.0, recovery=0.9: p_los=0.0173 (173/10000)
[1691/2160] dpsi=142.0, pos_ci95=3.0, vel_ci95=3.0, recovery=0.75: p_los=0.0375 (375/10000)
[1692/2160] dpsi=142.0, pos_ci95=3.0, vel_ci95=3.0, recovery=0.5: p_los=0.2849 (2849/10000)
[1693/2160] dpsi=142.0, pos_ci95=10.0, vel_ci95=1.0, recovery=ftr: p_los=0.0592 (592/10000)
[1694/2160] dpsi=142.0, pos_ci95=10.0, vel_ci95=1.0, recovery=0.999: p_los=0 (0/10000)
[1695/2160] dpsi=142.0, pos_ci95=10.0, vel_ci95=1.0, recovery=0.99: p_los=0 (0/10000)
[1696/2160] dpsi=142.0, pos_ci95=10.0, vel_ci95=1.0, recovery=0.9: p_los=0.0002 (2/10000)
[1697/2160] dpsi=142.0, pos_ci95=10.0, vel_ci95=1.0, recovery=0.75: p_los=0.0055 (55/10000)
[1698/2160] dpsi=142.0, pos_ci95=10.0, vel_ci95=1.0, recovery=0.5: p_los=0.0638 (638/10000)
[1699/2160] dpsi=142.0, pos_ci95=10.0, vel_ci95=3.0, recovery=ftr: p_los=0.2334 (2334/10000)
[1700/2160] dpsi=142.0, pos_ci95=10.0, vel_ci95=3.0, recovery=0.999: p_los=0.0059 (59/10000)
[1701/2160] dpsi=142.0, pos_ci95=10.0, vel_ci95=3.0, recovery=0.99: p_los=0.0096 (96/10000)
[1702/2160] dpsi=142.0, pos_ci95=10.0, vel_ci95=3.0, recovery=0.9: p_los=0.0169 (169/10000)
[1703/2160] dpsi=142.0, pos_ci95=10.0, vel_ci95=3.0, recovery=0.75: p_los=0.0444 (444/10000)
[1704/2160] dpsi=142.0, pos_ci95=10.0, vel_ci95=3.0, recovery=0.5: p_los=0.2452 (2452/10000)
[1705/2160] dpsi=144.0, pos_ci95=3.0, vel_ci95=1.0, recovery=ftr: p_los=0.1242 (1242/10000)
[1706/2160] dpsi=144.0, pos_ci95=3.0, vel_ci95=1.0, recovery=0.999: p_los=0 (0/10000)
[1707/2160] dpsi=144.0, pos_ci95=3.0, vel_ci95=1.0, recovery=0.99: p_los=0.0002 (2/10000)
[1708/2160] dpsi=144.0, pos_ci95=3.0, vel_ci95=1.0, recovery=0.9: p_los=0.0007 (7/10000)
[1709/2160] dpsi=144.0, pos_ci95=3.0, vel_ci95=1.0, recovery=0.75: p_los=0.0064 (64/10000)
[1710/2160] dpsi=144.0, pos_ci95=3.0, vel_ci95=1.0, recovery=0.5: p_los=0.1079 (1079/10000)
[1711/2160] dpsi=144.0, pos_ci95=3.0, vel_ci95=3.0, recovery=ftr: p_los=0.2701 (2701/10000)
[1712/2160] dpsi=144.0, pos_ci95=3.0, vel_ci95=3.0, recovery=0.999: p_los=0.0067 (67/10000)
[1713/2160] dpsi=144.0, pos_ci95=3.0, vel_ci95=3.0, recovery=0.99: p_los=0.011 (110/10000)
[1714/2160] dpsi=144.0, pos_ci95=3.0, vel_ci95=3.0, recovery=0.9: p_los=0.0162 (162/10000)
[1715/2160] dpsi=144.0, pos_ci95=3.0, vel_ci95=3.0, recovery=0.75: p_los=0.0386 (386/10000)
[1716/2160] dpsi=144.0, pos_ci95=3.0, vel_ci95=3.0, recovery=0.5: p_los=0.2838 (2838/10000)
[1717/2160] dpsi=144.0, pos_ci95=10.0, vel_ci95=1.0, recovery=ftr: p_los=0.0653 (653/10000)
[1718/2160] dpsi=144.0, pos_ci95=10.0, vel_ci95=1.0, recovery=0.999: p_los=0 (0/10000)
[1719/2160] dpsi=144.0, pos_ci95=10.0, vel_ci95=1.0, recovery=0.99: p_los=0 (0/10000)
[1720/2160] dpsi=144.0, pos_ci95=10.0, vel_ci95=1.0, recovery=0.9: p_los=0.0004 (4/10000)
[1721/2160] dpsi=144.0, pos_ci95=10.0, vel_ci95=1.0, recovery=0.75: p_los=0.0044 (44/10000)
[1722/2160] dpsi=144.0, pos_ci95=10.0, vel_ci95=1.0, recovery=0.5: p_los=0.0625 (625/10000)
[1723/2160] dpsi=144.0, pos_ci95=10.0, vel_ci95=3.0, recovery=ftr: p_los=0.2326 (2326/10000)
[1724/2160] dpsi=144.0, pos_ci95=10.0, vel_ci95=3.0, recovery=0.999: p_los=0.0054 (54/10000)
[1725/2160] dpsi=144.0, pos_ci95=10.0, vel_ci95=3.0, recovery=0.99: p_los=0.0088 (88/10000)
[1726/2160] dpsi=144.0, pos_ci95=10.0, vel_ci95=3.0, recovery=0.9: p_los=0.0206 (206/10000)
[1727/2160] dpsi=144.0, pos_ci95=10.0, vel_ci95=3.0, recovery=0.75: p_los=0.0492 (492/10000)
[1728/2160] dpsi=144.0, pos_ci95=10.0, vel_ci95=3.0, recovery=0.5: p_los=0.246 (2460/10000)
[1729/2160] dpsi=146.0, pos_ci95=3.0, vel_ci95=1.0, recovery=ftr: p_los=0.1272 (1272/10000)
[1730/2160] dpsi=146.0, pos_ci95=3.0, vel_ci95=1.0, recovery=0.999: p_los=0.0003 (3/10000)
[1731/2160] dpsi=146.0, pos_ci95=3.0, vel_ci95=1.0, recovery=0.99: p_los=0.0001 (1/10000)
[1732/2160] dpsi=146.0, pos_ci95=3.0, vel_ci95=1.0, recovery=0.9: p_los=0.001 (10/10000)
[1733/2160] dpsi=146.0, pos_ci95=3.0, vel_ci95=1.0, recovery=0.75: p_los=0.0055 (55/10000)
[1734/2160] dpsi=146.0, pos_ci95=3.0, vel_ci95=1.0, recovery=0.5: p_los=0.1084 (1084/10000)
[1735/2160] dpsi=146.0, pos_ci95=3.0, vel_ci95=3.0, recovery=ftr: p_los=0.2685 (2685/10000)
[1736/2160] dpsi=146.0, pos_ci95=3.0, vel_ci95=3.0, recovery=0.999: p_los=0.0058 (58/10000)
[1737/2160] dpsi=146.0, pos_ci95=3.0, vel_ci95=3.0, recovery=0.99: p_los=0.0114 (114/10000)
[1738/2160] dpsi=146.0, pos_ci95=3.0, vel_ci95=3.0, recovery=0.9: p_los=0.015 (150/10000)
[1739/2160] dpsi=146.0, pos_ci95=3.0, vel_ci95=3.0, recovery=0.75: p_los=0.0352 (352/10000)
[1740/2160] dpsi=146.0, pos_ci95=3.0, vel_ci95=3.0, recovery=0.5: p_los=0.2852 (2852/10000)
[1741/2160] dpsi=146.0, pos_ci95=10.0, vel_ci95=1.0, recovery=ftr: p_los=0.0648 (648/10000)
[1742/2160] dpsi=146.0, pos_ci95=10.0, vel_ci95=1.0, recovery=0.999: p_los=0.0001 (1/10000)
[1743/2160] dpsi=146.0, pos_ci95=10.0, vel_ci95=1.0, recovery=0.99: p_los=0.0001 (1/10000)
[1744/2160] dpsi=146.0, pos_ci95=10.0, vel_ci95=1.0, recovery=0.9: p_los=0.0005 (5/10000)
[1745/2160] dpsi=146.0, pos_ci95=10.0, vel_ci95=1.0, recovery=0.75: p_los=0.0059 (59/10000)
[1746/2160] dpsi=146.0, pos_ci95=10.0, vel_ci95=1.0, recovery=0.5: p_los=0.0623 (623/10000)
[1747/2160] dpsi=146.0, pos_ci95=10.0, vel_ci95=3.0, recovery=ftr: p_los=0.2429 (2429/10000)
[1748/2160] dpsi=146.0, pos_ci95=10.0, vel_ci95=3.0, recovery=0.999: p_los=0.0046 (46/10000)
[1749/2160] dpsi=146.0, pos_ci95=10.0, vel_ci95=3.0, recovery=0.99: p_los=0.0101 (101/10000)
[1750/2160] dpsi=146.0, pos_ci95=10.0, vel_ci95=3.0, recovery=0.9: p_los=0.0191 (191/10000)
[1751/2160] dpsi=146.0, pos_ci95=10.0, vel_ci95=3.0, recovery=0.75: p_los=0.0507 (507/10000)
[1752/2160] dpsi=146.0, pos_ci95=10.0, vel_ci95=3.0, recovery=0.5: p_los=0.2527 (2527/10000)
[1753/2160] dpsi=148.0, pos_ci95=3.0, vel_ci95=1.0, recovery=ftr: p_los=0.1278 (1278/10000)
[1754/2160] dpsi=148.0, pos_ci95=3.0, vel_ci95=1.0, recovery=0.999: p_los=0.0001 (1/10000)
[1755/2160] dpsi=148.0, pos_ci95=3.0, vel_ci95=1.0, recovery=0.99: p_los=0.0002 (2/10000)
[1756/2160] dpsi=148.0, pos_ci95=3.0, vel_ci95=1.0, recovery=0.9: p_los=0.0008 (8/10000)
[1757/2160] dpsi=148.0, pos_ci95=3.0, vel_ci95=1.0, recovery=0.75: p_los=0.0073 (73/10000)
[1758/2160] dpsi=148.0, pos_ci95=3.0, vel_ci95=1.0, recovery=0.5: p_los=0.1102 (1102/10000)
[1759/2160] dpsi=148.0, pos_ci95=3.0, vel_ci95=3.0, recovery=ftr: p_los=0.2737 (2737/10000)
[1760/2160] dpsi=148.0, pos_ci95=3.0, vel_ci95=3.0, recovery=0.999: p_los=0.0078 (78/10000)
[1761/2160] dpsi=148.0, pos_ci95=3.0, vel_ci95=3.0, recovery=0.99: p_los=0.0125 (125/10000)
[1762/2160] dpsi=148.0, pos_ci95=3.0, vel_ci95=3.0, recovery=0.9: p_los=0.0178 (178/10000)
[1763/2160] dpsi=148.0, pos_ci95=3.0, vel_ci95=3.0, recovery=0.75: p_los=0.0394 (394/10000)
[1764/2160] dpsi=148.0, pos_ci95=3.0, vel_ci95=3.0, recovery=0.5: p_los=0.2776 (2776/10000)
[1765/2160] dpsi=148.0, pos_ci95=10.0, vel_ci95=1.0, recovery=ftr: p_los=0.0627 (627/10000)
[1766/2160] dpsi=148.0, pos_ci95=10.0, vel_ci95=1.0, recovery=0.999: p_los=0 (0/10000)
[1767/2160] dpsi=148.0, pos_ci95=10.0, vel_ci95=1.0, recovery=0.99: p_los=0 (0/10000)
[1768/2160] dpsi=148.0, pos_ci95=10.0, vel_ci95=1.0, recovery=0.9: p_los=0.0005 (5/10000)
[1769/2160] dpsi=148.0, pos_ci95=10.0, vel_ci95=1.0, recovery=0.75: p_los=0.0051 (51/10000)
[1770/2160] dpsi=148.0, pos_ci95=10.0, vel_ci95=1.0, recovery=0.5: p_los=0.0625 (625/10000)
[1771/2160] dpsi=148.0, pos_ci95=10.0, vel_ci95=3.0, recovery=ftr: p_los=0.2426 (2426/10000)
[1772/2160] dpsi=148.0, pos_ci95=10.0, vel_ci95=3.0, recovery=0.999: p_los=0.0042 (42/10000)
[1773/2160] dpsi=148.0, pos_ci95=10.0, vel_ci95=3.0, recovery=0.99: p_los=0.0095 (95/10000)
[1774/2160] dpsi=148.0, pos_ci95=10.0, vel_ci95=3.0, recovery=0.9: p_los=0.0183 (183/10000)
[1775/2160] dpsi=148.0, pos_ci95=10.0, vel_ci95=3.0, recovery=0.75: p_los=0.0517 (517/10000)
[1776/2160] dpsi=148.0, pos_ci95=10.0, vel_ci95=3.0, recovery=0.5: p_los=0.2438 (2438/10000)
[1777/2160] dpsi=150.0, pos_ci95=3.0, vel_ci95=1.0, recovery=ftr: p_los=0.131 (1310/10000)
[1778/2160] dpsi=150.0, pos_ci95=3.0, vel_ci95=1.0, recovery=0.999: p_los=0.0002 (2/10000)
[1779/2160] dpsi=150.0, pos_ci95=3.0, vel_ci95=1.0, recovery=0.99: p_los=0.0001 (1/10000)
[1780/2160] dpsi=150.0, pos_ci95=3.0, vel_ci95=1.0, recovery=0.9: p_los=0.0008 (8/10000)
[1781/2160] dpsi=150.0, pos_ci95=3.0, vel_ci95=1.0, recovery=0.75: p_los=0.0058 (58/10000)
[1782/2160] dpsi=150.0, pos_ci95=3.0, vel_ci95=1.0, recovery=0.5: p_los=0.1153 (1153/10000)
[1783/2160] dpsi=150.0, pos_ci95=3.0, vel_ci95=3.0, recovery=ftr: p_los=0.2783 (2783/10000)
[1784/2160] dpsi=150.0, pos_ci95=3.0, vel_ci95=3.0, recovery=0.999: p_los=0.0079 (79/10000)
[1785/2160] dpsi=150.0, pos_ci95=3.0, vel_ci95=3.0, recovery=0.99: p_los=0.0111 (111/10000)
[1786/2160] dpsi=150.0, pos_ci95=3.0, vel_ci95=3.0, recovery=0.9: p_los=0.0167 (167/10000)
[1787/2160] dpsi=150.0, pos_ci95=3.0, vel_ci95=3.0, recovery=0.75: p_los=0.0381 (381/10000)
[1788/2160] dpsi=150.0, pos_ci95=3.0, vel_ci95=3.0, recovery=0.5: p_los=0.2888 (2888/10000)
[1789/2160] dpsi=150.0, pos_ci95=10.0, vel_ci95=1.0, recovery=ftr: p_los=0.0633 (633/10000)
[1790/2160] dpsi=150.0, pos_ci95=10.0, vel_ci95=1.0, recovery=0.999: p_los=0 (0/10000)
[1791/2160] dpsi=150.0, pos_ci95=10.0, vel_ci95=1.0, recovery=0.99: p_los=0 (0/10000)
[1792/2160] dpsi=150.0, pos_ci95=10.0, vel_ci95=1.0, recovery=0.9: p_los=0.0004 (4/10000)
[1793/2160] dpsi=150.0, pos_ci95=10.0, vel_ci95=1.0, recovery=0.75: p_los=0.0049 (49/10000)
[1794/2160] dpsi=150.0, pos_ci95=10.0, vel_ci95=1.0, recovery=0.5: p_los=0.0661 (661/10000)
[1795/2160] dpsi=150.0, pos_ci95=10.0, vel_ci95=3.0, recovery=ftr: p_los=0.2308 (2308/10000)
[1796/2160] dpsi=150.0, pos_ci95=10.0, vel_ci95=3.0, recovery=0.999: p_los=0.0045 (45/10000)
[1797/2160] dpsi=150.0, pos_ci95=10.0, vel_ci95=3.0, recovery=0.99: p_los=0.0087 (87/10000)
[1798/2160] dpsi=150.0, pos_ci95=10.0, vel_ci95=3.0, recovery=0.9: p_los=0.0193 (193/10000)
[1799/2160] dpsi=150.0, pos_ci95=10.0, vel_ci95=3.0, recovery=0.75: p_los=0.0492 (492/10000)
[1800/2160] dpsi=150.0, pos_ci95=10.0, vel_ci95=3.0, recovery=0.5: p_los=0.2378 (2378/10000)
[1801/2160] dpsi=152.0, pos_ci95=3.0, vel_ci95=1.0, recovery=ftr: p_los=0.1335 (1335/10000)
[1802/2160] dpsi=152.0, pos_ci95=3.0, vel_ci95=1.0, recovery=0.999: p_los=0.0001 (1/10000)
[1803/2160] dpsi=152.0, pos_ci95=3.0, vel_ci95=1.0, recovery=0.99: p_los=0 (0/10000)
[1804/2160] dpsi=152.0, pos_ci95=3.0, vel_ci95=1.0, recovery=0.9: p_los=0.001 (10/10000)
[1805/2160] dpsi=152.0, pos_ci95=3.0, vel_ci95=1.0, recovery=0.75: p_los=0.0061 (61/10000)
[1806/2160] dpsi=152.0, pos_ci95=3.0, vel_ci95=1.0, recovery=0.5: p_los=0.1137 (1137/10000)
[1807/2160] dpsi=152.0, pos_ci95=3.0, vel_ci95=3.0, recovery=ftr: p_los=0.2779 (2779/10000)
[1808/2160] dpsi=152.0, pos_ci95=3.0, vel_ci95=3.0, recovery=0.999: p_los=0.0077 (77/10000)
[1809/2160] dpsi=152.0, pos_ci95=3.0, vel_ci95=3.0, recovery=0.99: p_los=0.0136 (136/10000)
[1810/2160] dpsi=152.0, pos_ci95=3.0, vel_ci95=3.0, recovery=0.9: p_los=0.0182 (182/10000)
[1811/2160] dpsi=152.0, pos_ci95=3.0, vel_ci95=3.0, recovery=0.75: p_los=0.0383 (383/10000)
[1812/2160] dpsi=152.0, pos_ci95=3.0, vel_ci95=3.0, recovery=0.5: p_los=0.2805 (2805/10000)
[1813/2160] dpsi=152.0, pos_ci95=10.0, vel_ci95=1.0, recovery=ftr: p_los=0.0656 (656/10000)
[1814/2160] dpsi=152.0, pos_ci95=10.0, vel_ci95=1.0, recovery=0.999: p_los=0 (0/10000)
[1815/2160] dpsi=152.0, pos_ci95=10.0, vel_ci95=1.0, recovery=0.99: p_los=0 (0/10000)
[1816/2160] dpsi=152.0, pos_ci95=10.0, vel_ci95=1.0, recovery=0.9: p_los=0.0004 (4/10000)
[1817/2160] dpsi=152.0, pos_ci95=10.0, vel_ci95=1.0, recovery=0.75: p_los=0.0058 (58/10000)
[1818/2160] dpsi=152.0, pos_ci95=10.0, vel_ci95=1.0, recovery=0.5: p_los=0.0633 (633/10000)
[1819/2160] dpsi=152.0, pos_ci95=10.0, vel_ci95=3.0, recovery=ftr: p_los=0.2361 (2361/10000)
[1820/2160] dpsi=152.0, pos_ci95=10.0, vel_ci95=3.0, recovery=0.999: p_los=0.0061 (61/10000)
[1821/2160] dpsi=152.0, pos_ci95=10.0, vel_ci95=3.0, recovery=0.99: p_los=0.0107 (107/10000)
[1822/2160] dpsi=152.0, pos_ci95=10.0, vel_ci95=3.0, recovery=0.9: p_los=0.0179 (179/10000)
[1823/2160] dpsi=152.0, pos_ci95=10.0, vel_ci95=3.0, recovery=0.75: p_los=0.0485 (485/10000)
[1824/2160] dpsi=152.0, pos_ci95=10.0, vel_ci95=3.0, recovery=0.5: p_los=0.2484 (2484/10000)
[1825/2160] dpsi=154.0, pos_ci95=3.0, vel_ci95=1.0, recovery=ftr: p_los=0.1355 (1355/10000)
[1826/2160] dpsi=154.0, pos_ci95=3.0, vel_ci95=1.0, recovery=0.999: p_los=0.0003 (3/10000)
[1827/2160] dpsi=154.0, pos_ci95=3.0, vel_ci95=1.0, recovery=0.99: p_los=0.0001 (1/10000)
[1828/2160] dpsi=154.0, pos_ci95=3.0, vel_ci95=1.0, recovery=0.9: p_los=0.0009 (9/10000)
[1829/2160] dpsi=154.0, pos_ci95=3.0, vel_ci95=1.0, recovery=0.75: p_los=0.0048 (48/10000)
[1830/2160] dpsi=154.0, pos_ci95=3.0, vel_ci95=1.0, recovery=0.5: p_los=0.1107 (1107/10000)
[1831/2160] dpsi=154.0, pos_ci95=3.0, vel_ci95=3.0, recovery=ftr: p_los=0.2811 (2811/10000)
[1832/2160] dpsi=154.0, pos_ci95=3.0, vel_ci95=3.0, recovery=0.999: p_los=0.0109 (109/10000)
[1833/2160] dpsi=154.0, pos_ci95=3.0, vel_ci95=3.0, recovery=0.99: p_los=0.0136 (136/10000)
[1834/2160] dpsi=154.0, pos_ci95=3.0, vel_ci95=3.0, recovery=0.9: p_los=0.0209 (209/10000)
[1835/2160] dpsi=154.0, pos_ci95=3.0, vel_ci95=3.0, recovery=0.75: p_los=0.0358 (358/10000)
[1836/2160] dpsi=154.0, pos_ci95=3.0, vel_ci95=3.0, recovery=0.5: p_los=0.2806 (2806/10000)
[1837/2160] dpsi=154.0, pos_ci95=10.0, vel_ci95=1.0, recovery=ftr: p_los=0.063 (630/10000)
[1838/2160] dpsi=154.0, pos_ci95=10.0, vel_ci95=1.0, recovery=0.999: p_los=0.0002 (2/10000)
[1839/2160] dpsi=154.0, pos_ci95=10.0, vel_ci95=1.0, recovery=0.99: p_los=0 (0/10000)
[1840/2160] dpsi=154.0, pos_ci95=10.0, vel_ci95=1.0, recovery=0.9: p_los=0.0007 (7/10000)
[1841/2160] dpsi=154.0, pos_ci95=10.0, vel_ci95=1.0, recovery=0.75: p_los=0.0053 (53/10000)
[1842/2160] dpsi=154.0, pos_ci95=10.0, vel_ci95=1.0, recovery=0.5: p_los=0.0644 (644/10000)
[1843/2160] dpsi=154.0, pos_ci95=10.0, vel_ci95=3.0, recovery=ftr: p_los=0.238 (2380/10000)
[1844/2160] dpsi=154.0, pos_ci95=10.0, vel_ci95=3.0, recovery=0.999: p_los=0.0045 (45/10000)
[1845/2160] dpsi=154.0, pos_ci95=10.0, vel_ci95=3.0, recovery=0.99: p_los=0.008 (80/10000)
[1846/2160] dpsi=154.0, pos_ci95=10.0, vel_ci95=3.0, recovery=0.9: p_los=0.0184 (184/10000)
[1847/2160] dpsi=154.0, pos_ci95=10.0, vel_ci95=3.0, recovery=0.75: p_los=0.05 (500/10000)
[1848/2160] dpsi=154.0, pos_ci95=10.0, vel_ci95=3.0, recovery=0.5: p_los=0.2511 (2511/10000)
[1849/2160] dpsi=156.0, pos_ci95=3.0, vel_ci95=1.0, recovery=ftr: p_los=0.1443 (1443/10000)
[1850/2160] dpsi=156.0, pos_ci95=3.0, vel_ci95=1.0, recovery=0.999: p_los=0.0001 (1/10000)
[1851/2160] dpsi=156.0, pos_ci95=3.0, vel_ci95=1.0, recovery=0.99: p_los=0 (0/10000)
[1852/2160] dpsi=156.0, pos_ci95=3.0, vel_ci95=1.0, recovery=0.9: p_los=0.001 (10/10000)
[1853/2160] dpsi=156.0, pos_ci95=3.0, vel_ci95=1.0, recovery=0.75: p_los=0.0055 (55/10000)
[1854/2160] dpsi=156.0, pos_ci95=3.0, vel_ci95=1.0, recovery=0.5: p_los=0.1245 (1245/10000)
[1855/2160] dpsi=156.0, pos_ci95=3.0, vel_ci95=3.0, recovery=ftr: p_los=0.2729 (2729/10000)
[1856/2160] dpsi=156.0, pos_ci95=3.0, vel_ci95=3.0, recovery=0.999: p_los=0.0082 (82/10000)
[1857/2160] dpsi=156.0, pos_ci95=3.0, vel_ci95=3.0, recovery=0.99: p_los=0.0144 (144/10000)
[1858/2160] dpsi=156.0, pos_ci95=3.0, vel_ci95=3.0, recovery=0.9: p_los=0.0182 (182/10000)
[1859/2160] dpsi=156.0, pos_ci95=3.0, vel_ci95=3.0, recovery=0.75: p_los=0.0383 (383/10000)
[1860/2160] dpsi=156.0, pos_ci95=3.0, vel_ci95=3.0, recovery=0.5: p_los=0.2864 (2864/10000)
[1861/2160] dpsi=156.0, pos_ci95=10.0, vel_ci95=1.0, recovery=ftr: p_los=0.0643 (643/10000)
[1862/2160] dpsi=156.0, pos_ci95=10.0, vel_ci95=1.0, recovery=0.999: p_los=0.0002 (2/10000)
[1863/2160] dpsi=156.0, pos_ci95=10.0, vel_ci95=1.0, recovery=0.99: p_los=0 (0/10000)
[1864/2160] dpsi=156.0, pos_ci95=10.0, vel_ci95=1.0, recovery=0.9: p_los=0.0005 (5/10000)
[1865/2160] dpsi=156.0, pos_ci95=10.0, vel_ci95=1.0, recovery=0.75: p_los=0.0036 (36/10000)
[1866/2160] dpsi=156.0, pos_ci95=10.0, vel_ci95=1.0, recovery=0.5: p_los=0.068 (680/10000)
[1867/2160] dpsi=156.0, pos_ci95=10.0, vel_ci95=3.0, recovery=ftr: p_los=0.2385 (2385/10000)
[1868/2160] dpsi=156.0, pos_ci95=10.0, vel_ci95=3.0, recovery=0.999: p_los=0.0056 (56/10000)
[1869/2160] dpsi=156.0, pos_ci95=10.0, vel_ci95=3.0, recovery=0.99: p_los=0.0099 (99/10000)
[1870/2160] dpsi=156.0, pos_ci95=10.0, vel_ci95=3.0, recovery=0.9: p_los=0.0175 (175/10000)
[1871/2160] dpsi=156.0, pos_ci95=10.0, vel_ci95=3.0, recovery=0.75: p_los=0.0457 (457/10000)
[1872/2160] dpsi=156.0, pos_ci95=10.0, vel_ci95=3.0, recovery=0.5: p_los=0.2524 (2524/10000)
[1873/2160] dpsi=158.0, pos_ci95=3.0, vel_ci95=1.0, recovery=ftr: p_los=0.1444 (1444/10000)
[1874/2160] dpsi=158.0, pos_ci95=3.0, vel_ci95=1.0, recovery=0.999: p_los=0 (0/10000)
[1875/2160] dpsi=158.0, pos_ci95=3.0, vel_ci95=1.0, recovery=0.99: p_los=0.0002 (2/10000)
[1876/2160] dpsi=158.0, pos_ci95=3.0, vel_ci95=1.0, recovery=0.9: p_los=0.0008 (8/10000)
[1877/2160] dpsi=158.0, pos_ci95=3.0, vel_ci95=1.0, recovery=0.75: p_los=0.0075 (75/10000)
[1878/2160] dpsi=158.0, pos_ci95=3.0, vel_ci95=1.0, recovery=0.5: p_los=0.1193 (1193/10000)
[1879/2160] dpsi=158.0, pos_ci95=3.0, vel_ci95=3.0, recovery=ftr: p_los=0.2772 (2772/10000)
[1880/2160] dpsi=158.0, pos_ci95=3.0, vel_ci95=3.0, recovery=0.999: p_los=0.0092 (92/10000)
[1881/2160] dpsi=158.0, pos_ci95=3.0, vel_ci95=3.0, recovery=0.99: p_los=0.0132 (132/10000)
[1882/2160] dpsi=158.0, pos_ci95=3.0, vel_ci95=3.0, recovery=0.9: p_los=0.0206 (206/10000)
[1883/2160] dpsi=158.0, pos_ci95=3.0, vel_ci95=3.0, recovery=0.75: p_los=0.0399 (399/10000)
[1884/2160] dpsi=158.0, pos_ci95=3.0, vel_ci95=3.0, recovery=0.5: p_los=0.2898 (2898/10000)
[1885/2160] dpsi=158.0, pos_ci95=10.0, vel_ci95=1.0, recovery=ftr: p_los=0.0673 (673/10000)
[1886/2160] dpsi=158.0, pos_ci95=10.0, vel_ci95=1.0, recovery=0.999: p_los=0 (0/10000)
[1887/2160] dpsi=158.0, pos_ci95=10.0, vel_ci95=1.0, recovery=0.99: p_los=0.0002 (2/10000)
[1888/2160] dpsi=158.0, pos_ci95=10.0, vel_ci95=1.0, recovery=0.9: p_los=0.0001 (1/10000)
[1889/2160] dpsi=158.0, pos_ci95=10.0, vel_ci95=1.0, recovery=0.75: p_los=0.0057 (57/10000)
[1890/2160] dpsi=158.0, pos_ci95=10.0, vel_ci95=1.0, recovery=0.5: p_los=0.0612 (612/10000)
[1891/2160] dpsi=158.0, pos_ci95=10.0, vel_ci95=3.0, recovery=ftr: p_los=0.2368 (2368/10000)
[1892/2160] dpsi=158.0, pos_ci95=10.0, vel_ci95=3.0, recovery=0.999: p_los=0.0042 (42/10000)
[1893/2160] dpsi=158.0, pos_ci95=10.0, vel_ci95=3.0, recovery=0.99: p_los=0.0098 (98/10000)
[1894/2160] dpsi=158.0, pos_ci95=10.0, vel_ci95=3.0, recovery=0.9: p_los=0.018 (180/10000)
[1895/2160] dpsi=158.0, pos_ci95=10.0, vel_ci95=3.0, recovery=0.75: p_los=0.0525 (525/10000)
[1896/2160] dpsi=158.0, pos_ci95=10.0, vel_ci95=3.0, recovery=0.5: p_los=0.2516 (2516/10000)
[1897/2160] dpsi=160.0, pos_ci95=3.0, vel_ci95=1.0, recovery=ftr: p_los=0.1407 (1407/10000)
[1898/2160] dpsi=160.0, pos_ci95=3.0, vel_ci95=1.0, recovery=0.999: p_los=0.0002 (2/10000)
[1899/2160] dpsi=160.0, pos_ci95=3.0, vel_ci95=1.0, recovery=0.99: p_los=0.0002 (2/10000)
[1900/2160] dpsi=160.0, pos_ci95=3.0, vel_ci95=1.0, recovery=0.9: p_los=0.0017 (17/10000)
[1901/2160] dpsi=160.0, pos_ci95=3.0, vel_ci95=1.0, recovery=0.75: p_los=0.0061 (61/10000)
[1902/2160] dpsi=160.0, pos_ci95=3.0, vel_ci95=1.0, recovery=0.5: p_los=0.1185 (1185/10000)
[1903/2160] dpsi=160.0, pos_ci95=3.0, vel_ci95=3.0, recovery=ftr: p_los=0.2823 (2823/10000)
[1904/2160] dpsi=160.0, pos_ci95=3.0, vel_ci95=3.0, recovery=0.999: p_los=0.0104 (104/10000)
[1905/2160] dpsi=160.0, pos_ci95=3.0, vel_ci95=3.0, recovery=0.99: p_los=0.0139 (139/10000)
[1906/2160] dpsi=160.0, pos_ci95=3.0, vel_ci95=3.0, recovery=0.9: p_los=0.0208 (208/10000)
[1907/2160] dpsi=160.0, pos_ci95=3.0, vel_ci95=3.0, recovery=0.75: p_los=0.0406 (406/10000)
[1908/2160] dpsi=160.0, pos_ci95=3.0, vel_ci95=3.0, recovery=0.5: p_los=0.2912 (2912/10000)
[1909/2160] dpsi=160.0, pos_ci95=10.0, vel_ci95=1.0, recovery=ftr: p_los=0.0612 (612/10000)
[1910/2160] dpsi=160.0, pos_ci95=10.0, vel_ci95=1.0, recovery=0.999: p_los=0 (0/10000)
[1911/2160] dpsi=160.0, pos_ci95=10.0, vel_ci95=1.0, recovery=0.99: p_los=0 (0/10000)
[1912/2160] dpsi=160.0, pos_ci95=10.0, vel_ci95=1.0, recovery=0.9: p_los=0.0008 (8/10000)
[1913/2160] dpsi=160.0, pos_ci95=10.0, vel_ci95=1.0, recovery=0.75: p_los=0.0048 (48/10000)
[1914/2160] dpsi=160.0, pos_ci95=10.0, vel_ci95=1.0, recovery=0.5: p_los=0.0678 (678/10000)
[1915/2160] dpsi=160.0, pos_ci95=10.0, vel_ci95=3.0, recovery=ftr: p_los=0.2373 (2373/10000)
[1916/2160] dpsi=160.0, pos_ci95=10.0, vel_ci95=3.0, recovery=0.999: p_los=0.0058 (58/10000)
[1917/2160] dpsi=160.0, pos_ci95=10.0, vel_ci95=3.0, recovery=0.99: p_los=0.0117 (117/10000)
[1918/2160] dpsi=160.0, pos_ci95=10.0, vel_ci95=3.0, recovery=0.9: p_los=0.0189 (189/10000)
[1919/2160] dpsi=160.0, pos_ci95=10.0, vel_ci95=3.0, recovery=0.75: p_los=0.0528 (528/10000)
[1920/2160] dpsi=160.0, pos_ci95=10.0, vel_ci95=3.0, recovery=0.5: p_los=0.244 (2440/10000)
[1921/2160] dpsi=162.0, pos_ci95=3.0, vel_ci95=1.0, recovery=ftr: p_los=0.1413 (1413/10000)
[1922/2160] dpsi=162.0, pos_ci95=3.0, vel_ci95=1.0, recovery=0.999: p_los=0.0002 (2/10000)
[1923/2160] dpsi=162.0, pos_ci95=3.0, vel_ci95=1.0, recovery=0.99: p_los=0 (0/10000)
[1924/2160] dpsi=162.0, pos_ci95=3.0, vel_ci95=1.0, recovery=0.9: p_los=0.0009 (9/10000)
[1925/2160] dpsi=162.0, pos_ci95=3.0, vel_ci95=1.0, recovery=0.75: p_los=0.0064 (64/10000)
[1926/2160] dpsi=162.0, pos_ci95=3.0, vel_ci95=1.0, recovery=0.5: p_los=0.1172 (1172/10000)
[1927/2160] dpsi=162.0, pos_ci95=3.0, vel_ci95=3.0, recovery=ftr: p_los=0.2755 (2755/10000)
[1928/2160] dpsi=162.0, pos_ci95=3.0, vel_ci95=3.0, recovery=0.999: p_los=0.0112 (112/10000)
[1929/2160] dpsi=162.0, pos_ci95=3.0, vel_ci95=3.0, recovery=0.99: p_los=0.0132 (132/10000)
[1930/2160] dpsi=162.0, pos_ci95=3.0, vel_ci95=3.0, recovery=0.9: p_los=0.0175 (175/10000)
[1931/2160] dpsi=162.0, pos_ci95=3.0, vel_ci95=3.0, recovery=0.75: p_los=0.0403 (403/10000)
[1932/2160] dpsi=162.0, pos_ci95=3.0, vel_ci95=3.0, recovery=0.5: p_los=0.2932 (2932/10000)
[1933/2160] dpsi=162.0, pos_ci95=10.0, vel_ci95=1.0, recovery=ftr: p_los=0.0671 (671/10000)
[1934/2160] dpsi=162.0, pos_ci95=10.0, vel_ci95=1.0, recovery=0.999: p_los=0 (0/10000)
[1935/2160] dpsi=162.0, pos_ci95=10.0, vel_ci95=1.0, recovery=0.99: p_los=0 (0/10000)
[1936/2160] dpsi=162.0, pos_ci95=10.0, vel_ci95=1.0, recovery=0.9: p_los=0.0009 (9/10000)
[1937/2160] dpsi=162.0, pos_ci95=10.0, vel_ci95=1.0, recovery=0.75: p_los=0.0059 (59/10000)
[1938/2160] dpsi=162.0, pos_ci95=10.0, vel_ci95=1.0, recovery=0.5: p_los=0.069 (690/10000)
[1939/2160] dpsi=162.0, pos_ci95=10.0, vel_ci95=3.0, recovery=ftr: p_los=0.2423 (2423/10000)
[1940/2160] dpsi=162.0, pos_ci95=10.0, vel_ci95=3.0, recovery=0.999: p_los=0.0057 (57/10000)
[1941/2160] dpsi=162.0, pos_ci95=10.0, vel_ci95=3.0, recovery=0.99: p_los=0.0108 (108/10000)
[1942/2160] dpsi=162.0, pos_ci95=10.0, vel_ci95=3.0, recovery=0.9: p_los=0.0206 (206/10000)
[1943/2160] dpsi=162.0, pos_ci95=10.0, vel_ci95=3.0, recovery=0.75: p_los=0.0519 (519/10000)
[1944/2160] dpsi=162.0, pos_ci95=10.0, vel_ci95=3.0, recovery=0.5: p_los=0.2416 (2416/10000)
[1945/2160] dpsi=164.0, pos_ci95=3.0, vel_ci95=1.0, recovery=ftr: p_los=0.1478 (1478/10000)
[1946/2160] dpsi=164.0, pos_ci95=3.0, vel_ci95=1.0, recovery=0.999: p_los=0.0001 (1/10000)
[1947/2160] dpsi=164.0, pos_ci95=3.0, vel_ci95=1.0, recovery=0.99: p_los=0.0001 (1/10000)
[1948/2160] dpsi=164.0, pos_ci95=3.0, vel_ci95=1.0, recovery=0.9: p_los=0.0004 (4/10000)
[1949/2160] dpsi=164.0, pos_ci95=3.0, vel_ci95=1.0, recovery=0.75: p_los=0.0059 (59/10000)
[1950/2160] dpsi=164.0, pos_ci95=3.0, vel_ci95=1.0, recovery=0.5: p_los=0.1224 (1224/10000)
[1951/2160] dpsi=164.0, pos_ci95=3.0, vel_ci95=3.0, recovery=ftr: p_los=0.2752 (2752/10000)
[1952/2160] dpsi=164.0, pos_ci95=3.0, vel_ci95=3.0, recovery=0.999: p_los=0.0094 (94/10000)
[1953/2160] dpsi=164.0, pos_ci95=3.0, vel_ci95=3.0, recovery=0.99: p_los=0.0149 (149/10000)
[1954/2160] dpsi=164.0, pos_ci95=3.0, vel_ci95=3.0, recovery=0.9: p_los=0.0185 (185/10000)
[1955/2160] dpsi=164.0, pos_ci95=3.0, vel_ci95=3.0, recovery=0.75: p_los=0.0404 (404/10000)
[1956/2160] dpsi=164.0, pos_ci95=3.0, vel_ci95=3.0, recovery=0.5: p_los=0.2897 (2897/10000)
[1957/2160] dpsi=164.0, pos_ci95=10.0, vel_ci95=1.0, recovery=ftr: p_los=0.0637 (637/10000)
[1958/2160] dpsi=164.0, pos_ci95=10.0, vel_ci95=1.0, recovery=0.999: p_los=0 (0/10000)
[1959/2160] dpsi=164.0, pos_ci95=10.0, vel_ci95=1.0, recovery=0.99: p_los=0 (0/10000)
[1960/2160] dpsi=164.0, pos_ci95=10.0, vel_ci95=1.0, recovery=0.9: p_los=0.0008 (8/10000)
[1961/2160] dpsi=164.0, pos_ci95=10.0, vel_ci95=1.0, recovery=0.75: p_los=0.005 (50/10000)
[1962/2160] dpsi=164.0, pos_ci95=10.0, vel_ci95=1.0, recovery=0.5: p_los=0.0631 (631/10000)
[1963/2160] dpsi=164.0, pos_ci95=10.0, vel_ci95=3.0, recovery=ftr: p_los=0.2427 (2427/10000)
[1964/2160] dpsi=164.0, pos_ci95=10.0, vel_ci95=3.0, recovery=0.999: p_los=0.0063 (63/10000)
[1965/2160] dpsi=164.0, pos_ci95=10.0, vel_ci95=3.0, recovery=0.99: p_los=0.0114 (114/10000)
[1966/2160] dpsi=164.0, pos_ci95=10.0, vel_ci95=3.0, recovery=0.9: p_los=0.0189 (189/10000)
[1967/2160] dpsi=164.0, pos_ci95=10.0, vel_ci95=3.0, recovery=0.75: p_los=0.0537 (537/10000)
[1968/2160] dpsi=164.0, pos_ci95=10.0, vel_ci95=3.0, recovery=0.5: p_los=0.255 (2550/10000)
[1969/2160] dpsi=166.0, pos_ci95=3.0, vel_ci95=1.0, recovery=ftr: p_los=0.1447 (1447/10000)
[1970/2160] dpsi=166.0, pos_ci95=3.0, vel_ci95=1.0, recovery=0.999: p_los=0.0001 (1/10000)
[1971/2160] dpsi=166.0, pos_ci95=3.0, vel_ci95=1.0, recovery=0.99: p_los=0 (0/10000)
[1972/2160] dpsi=166.0, pos_ci95=3.0, vel_ci95=1.0, recovery=0.9: p_los=0.0008 (8/10000)
[1973/2160] dpsi=166.0, pos_ci95=3.0, vel_ci95=1.0, recovery=0.75: p_los=0.0064 (64/10000)
[1974/2160] dpsi=166.0, pos_ci95=3.0, vel_ci95=1.0, recovery=0.5: p_los=0.1237 (1237/10000)
[1975/2160] dpsi=166.0, pos_ci95=3.0, vel_ci95=3.0, recovery=ftr: p_los=0.2732 (2732/10000)
[1976/2160] dpsi=166.0, pos_ci95=3.0, vel_ci95=3.0, recovery=0.999: p_los=0.009 (90/10000)
[1977/2160] dpsi=166.0, pos_ci95=3.0, vel_ci95=3.0, recovery=0.99: p_los=0.0161 (161/10000)
[1978/2160] dpsi=166.0, pos_ci95=3.0, vel_ci95=3.0, recovery=0.9: p_los=0.019 (190/10000)
[1979/2160] dpsi=166.0, pos_ci95=3.0, vel_ci95=3.0, recovery=0.75: p_los=0.0415 (415/10000)
[1980/2160] dpsi=166.0, pos_ci95=3.0, vel_ci95=3.0, recovery=0.5: p_los=0.288 (2880/10000)
[1981/2160] dpsi=166.0, pos_ci95=10.0, vel_ci95=1.0, recovery=ftr: p_los=0.064 (640/10000)
[1982/2160] dpsi=166.0, pos_ci95=10.0, vel_ci95=1.0, recovery=0.999: p_los=0 (0/10000)
[1983/2160] dpsi=166.0, pos_ci95=10.0, vel_ci95=1.0, recovery=0.99: p_los=0 (0/10000)
[1984/2160] dpsi=166.0, pos_ci95=10.0, vel_ci95=1.0, recovery=0.9: p_los=0.0006 (6/10000)
[1985/2160] dpsi=166.0, pos_ci95=10.0, vel_ci95=1.0, recovery=0.75: p_los=0.0053 (53/10000)
[1986/2160] dpsi=166.0, pos_ci95=10.0, vel_ci95=1.0, recovery=0.5: p_los=0.065 (650/10000)
[1987/2160] dpsi=166.0, pos_ci95=10.0, vel_ci95=3.0, recovery=ftr: p_los=0.24 (2400/10000)
[1988/2160] dpsi=166.0, pos_ci95=10.0, vel_ci95=3.0, recovery=0.999: p_los=0.0049 (49/10000)
[1989/2160] dpsi=166.0, pos_ci95=10.0, vel_ci95=3.0, recovery=0.99: p_los=0.0103 (103/10000)
[1990/2160] dpsi=166.0, pos_ci95=10.0, vel_ci95=3.0, recovery=0.9: p_los=0.018 (180/10000)
[1991/2160] dpsi=166.0, pos_ci95=10.0, vel_ci95=3.0, recovery=0.75: p_los=0.0489 (489/10000)
[1992/2160] dpsi=166.0, pos_ci95=10.0, vel_ci95=3.0, recovery=0.5: p_los=0.2527 (2527/10000)
[1993/2160] dpsi=168.0, pos_ci95=3.0, vel_ci95=1.0, recovery=ftr: p_los=0.1459 (1459/10000)
[1994/2160] dpsi=168.0, pos_ci95=3.0, vel_ci95=1.0, recovery=0.999: p_los=0.0003 (3/10000)
[1995/2160] dpsi=168.0, pos_ci95=3.0, vel_ci95=1.0, recovery=0.99: p_los=0 (0/10000)
[1996/2160] dpsi=168.0, pos_ci95=3.0, vel_ci95=1.0, recovery=0.9: p_los=0.0007 (7/10000)
[1997/2160] dpsi=168.0, pos_ci95=3.0, vel_ci95=1.0, recovery=0.75: p_los=0.0067 (67/10000)
[1998/2160] dpsi=168.0, pos_ci95=3.0, vel_ci95=1.0, recovery=0.5: p_los=0.1173 (1173/10000)
[1999/2160] dpsi=168.0, pos_ci95=3.0, vel_ci95=3.0, recovery=ftr: p_los=0.2824 (2824/10000)
[2000/2160] dpsi=168.0, pos_ci95=3.0, vel_ci95=3.0, recovery=0.999: p_los=0.0081 (81/10000)
[2001/2160] dpsi=168.0, pos_ci95=3.0, vel_ci95=3.0, recovery=0.99: p_los=0.0126 (126/10000)
[2002/2160] dpsi=168.0, pos_ci95=3.0, vel_ci95=3.0, recovery=0.9: p_los=0.0198 (198/10000)
[2003/2160] dpsi=168.0, pos_ci95=3.0, vel_ci95=3.0, recovery=0.75: p_los=0.042 (420/10000)
[2004/2160] dpsi=168.0, pos_ci95=3.0, vel_ci95=3.0, recovery=0.5: p_los=0.2964 (2964/10000)
[2005/2160] dpsi=168.0, pos_ci95=10.0, vel_ci95=1.0, recovery=ftr: p_los=0.0642 (642/10000)
[2006/2160] dpsi=168.0, pos_ci95=10.0, vel_ci95=1.0, recovery=0.999: p_los=0 (0/10000)
[2007/2160] dpsi=168.0, pos_ci95=10.0, vel_ci95=1.0, recovery=0.99: p_los=0 (0/10000)
[2008/2160] dpsi=168.0, pos_ci95=10.0, vel_ci95=1.0, recovery=0.9: p_los=0.0003 (3/10000)
[2009/2160] dpsi=168.0, pos_ci95=10.0, vel_ci95=1.0, recovery=0.75: p_los=0.0056 (56/10000)
[2010/2160] dpsi=168.0, pos_ci95=10.0, vel_ci95=1.0, recovery=0.5: p_los=0.0678 (678/10000)
[2011/2160] dpsi=168.0, pos_ci95=10.0, vel_ci95=3.0, recovery=ftr: p_los=0.2435 (2435/10000)
[2012/2160] dpsi=168.0, pos_ci95=10.0, vel_ci95=3.0, recovery=0.999: p_los=0.0058 (58/10000)
[2013/2160] dpsi=168.0, pos_ci95=10.0, vel_ci95=3.0, recovery=0.99: p_los=0.0096 (96/10000)
[2014/2160] dpsi=168.0, pos_ci95=10.0, vel_ci95=3.0, recovery=0.9: p_los=0.0192 (192/10000)
[2015/2160] dpsi=168.0, pos_ci95=10.0, vel_ci95=3.0, recovery=0.75: p_los=0.0512 (512/10000)
[2016/2160] dpsi=168.0, pos_ci95=10.0, vel_ci95=3.0, recovery=0.5: p_los=0.2476 (2476/10000)
[2017/2160] dpsi=170.0, pos_ci95=3.0, vel_ci95=1.0, recovery=ftr: p_los=0.1412 (1412/10000)
[2018/2160] dpsi=170.0, pos_ci95=3.0, vel_ci95=1.0, recovery=0.999: p_los=0 (0/10000)
[2019/2160] dpsi=170.0, pos_ci95=3.0, vel_ci95=1.0, recovery=0.99: p_los=0.0004 (4/10000)
[2020/2160] dpsi=170.0, pos_ci95=3.0, vel_ci95=1.0, recovery=0.9: p_los=0.0007 (7/10000)
[2021/2160] dpsi=170.0, pos_ci95=3.0, vel_ci95=1.0, recovery=0.75: p_los=0.0061 (61/10000)
[2022/2160] dpsi=170.0, pos_ci95=3.0, vel_ci95=1.0, recovery=0.5: p_los=0.1269 (1269/10000)
[2023/2160] dpsi=170.0, pos_ci95=3.0, vel_ci95=3.0, recovery=ftr: p_los=0.2801 (2801/10000)
[2024/2160] dpsi=170.0, pos_ci95=3.0, vel_ci95=3.0, recovery=0.999: p_los=0.0088 (88/10000)
[2025/2160] dpsi=170.0, pos_ci95=3.0, vel_ci95=3.0, recovery=0.99: p_los=0.0149 (149/10000)
[2026/2160] dpsi=170.0, pos_ci95=3.0, vel_ci95=3.0, recovery=0.9: p_los=0.0192 (192/10000)
[2027/2160] dpsi=170.0, pos_ci95=3.0, vel_ci95=3.0, recovery=0.75: p_los=0.0443 (443/10000)
[2028/2160] dpsi=170.0, pos_ci95=3.0, vel_ci95=3.0, recovery=0.5: p_los=0.2935 (2935/10000)
[2029/2160] dpsi=170.0, pos_ci95=10.0, vel_ci95=1.0, recovery=ftr: p_los=0.0655 (655/10000)
[2030/2160] dpsi=170.0, pos_ci95=10.0, vel_ci95=1.0, recovery=0.999: p_los=0 (0/10000)
[2031/2160] dpsi=170.0, pos_ci95=10.0, vel_ci95=1.0, recovery=0.99: p_los=0 (0/10000)
[2032/2160] dpsi=170.0, pos_ci95=10.0, vel_ci95=1.0, recovery=0.9: p_los=0.0006 (6/10000)
[2033/2160] dpsi=170.0, pos_ci95=10.0, vel_ci95=1.0, recovery=0.75: p_los=0.0059 (59/10000)
[2034/2160] dpsi=170.0, pos_ci95=10.0, vel_ci95=1.0, recovery=0.5: p_los=0.0688 (688/10000)
[2035/2160] dpsi=170.0, pos_ci95=10.0, vel_ci95=3.0, recovery=ftr: p_los=0.2488 (2488/10000)
[2036/2160] dpsi=170.0, pos_ci95=10.0, vel_ci95=3.0, recovery=0.999: p_los=0.0056 (56/10000)
[2037/2160] dpsi=170.0, pos_ci95=10.0, vel_ci95=3.0, recovery=0.99: p_los=0.0088 (88/10000)
[2038/2160] dpsi=170.0, pos_ci95=10.0, vel_ci95=3.0, recovery=0.9: p_los=0.0228 (228/10000)
[2039/2160] dpsi=170.0, pos_ci95=10.0, vel_ci95=3.0, recovery=0.75: p_los=0.0521 (521/10000)
[2040/2160] dpsi=170.0, pos_ci95=10.0, vel_ci95=3.0, recovery=0.5: p_los=0.2581 (2581/10000)
[2041/2160] dpsi=172.0, pos_ci95=3.0, vel_ci95=1.0, recovery=ftr: p_los=0.149 (1490/10000)
[2042/2160] dpsi=172.0, pos_ci95=3.0, vel_ci95=1.0, recovery=0.999: p_los=0 (0/10000)
[2043/2160] dpsi=172.0, pos_ci95=3.0, vel_ci95=1.0, recovery=0.99: p_los=0.0001 (1/10000)
[2044/2160] dpsi=172.0, pos_ci95=3.0, vel_ci95=1.0, recovery=0.9: p_los=0.0009 (9/10000)
[2045/2160] dpsi=172.0, pos_ci95=3.0, vel_ci95=1.0, recovery=0.75: p_los=0.0063 (63/10000)
[2046/2160] dpsi=172.0, pos_ci95=3.0, vel_ci95=1.0, recovery=0.5: p_los=0.1222 (1222/10000)
[2047/2160] dpsi=172.0, pos_ci95=3.0, vel_ci95=3.0, recovery=ftr: p_los=0.2796 (2796/10000)
[2048/2160] dpsi=172.0, pos_ci95=3.0, vel_ci95=3.0, recovery=0.999: p_los=0.0081 (81/10000)
[2049/2160] dpsi=172.0, pos_ci95=3.0, vel_ci95=3.0, recovery=0.99: p_los=0.0143 (143/10000)
[2050/2160] dpsi=172.0, pos_ci95=3.0, vel_ci95=3.0, recovery=0.9: p_los=0.0189 (189/10000)
[2051/2160] dpsi=172.0, pos_ci95=3.0, vel_ci95=3.0, recovery=0.75: p_los=0.0384 (384/10000)
[2052/2160] dpsi=172.0, pos_ci95=3.0, vel_ci95=3.0, recovery=0.5: p_los=0.2966 (2966/10000)
[2053/2160] dpsi=172.0, pos_ci95=10.0, vel_ci95=1.0, recovery=ftr: p_los=0.065 (650/10000)
[2054/2160] dpsi=172.0, pos_ci95=10.0, vel_ci95=1.0, recovery=0.999: p_los=0 (0/10000)
[2055/2160] dpsi=172.0, pos_ci95=10.0, vel_ci95=1.0, recovery=0.99: p_los=0 (0/10000)
[2056/2160] dpsi=172.0, pos_ci95=10.0, vel_ci95=1.0, recovery=0.9: p_los=0.0003 (3/10000)
[2057/2160] dpsi=172.0, pos_ci95=10.0, vel_ci95=1.0, recovery=0.75: p_los=0.0057 (57/10000)
[2058/2160] dpsi=172.0, pos_ci95=10.0, vel_ci95=1.0, recovery=0.5: p_los=0.0685 (685/10000)
[2059/2160] dpsi=172.0, pos_ci95=10.0, vel_ci95=3.0, recovery=ftr: p_los=0.2423 (2423/10000)
[2060/2160] dpsi=172.0, pos_ci95=10.0, vel_ci95=3.0, recovery=0.999: p_los=0.007 (70/10000)
[2061/2160] dpsi=172.0, pos_ci95=10.0, vel_ci95=3.0, recovery=0.99: p_los=0.0101 (101/10000)
[2062/2160] dpsi=172.0, pos_ci95=10.0, vel_ci95=3.0, recovery=0.9: p_los=0.0187 (187/10000)
[2063/2160] dpsi=172.0, pos_ci95=10.0, vel_ci95=3.0, recovery=0.75: p_los=0.0474 (474/10000)
[2064/2160] dpsi=172.0, pos_ci95=10.0, vel_ci95=3.0, recovery=0.5: p_los=0.2509 (2509/10000)
[2065/2160] dpsi=174.0, pos_ci95=3.0, vel_ci95=1.0, recovery=ftr: p_los=0.1431 (1431/10000)
[2066/2160] dpsi=174.0, pos_ci95=3.0, vel_ci95=1.0, recovery=0.999: p_los=0.0003 (3/10000)
[2067/2160] dpsi=174.0, pos_ci95=3.0, vel_ci95=1.0, recovery=0.99: p_los=0.0003 (3/10000)
[2068/2160] dpsi=174.0, pos_ci95=3.0, vel_ci95=1.0, recovery=0.9: p_los=0.0008 (8/10000)
[2069/2160] dpsi=174.0, pos_ci95=3.0, vel_ci95=1.0, recovery=0.75: p_los=0.0054 (54/10000)
[2070/2160] dpsi=174.0, pos_ci95=3.0, vel_ci95=1.0, recovery=0.5: p_los=0.1169 (1169/10000)
[2071/2160] dpsi=174.0, pos_ci95=3.0, vel_ci95=3.0, recovery=ftr: p_los=0.2812 (2812/10000)
[2072/2160] dpsi=174.0, pos_ci95=3.0, vel_ci95=3.0, recovery=0.999: p_los=0.0095 (95/10000)
[2073/2160] dpsi=174.0, pos_ci95=3.0, vel_ci95=3.0, recovery=0.99: p_los=0.0131 (131/10000)
[2074/2160] dpsi=174.0, pos_ci95=3.0, vel_ci95=3.0, recovery=0.9: p_los=0.0227 (227/10000)
[2075/2160] dpsi=174.0, pos_ci95=3.0, vel_ci95=3.0, recovery=0.75: p_los=0.0392 (392/10000)
[2076/2160] dpsi=174.0, pos_ci95=3.0, vel_ci95=3.0, recovery=0.5: p_los=0.2859 (2859/10000)
[2077/2160] dpsi=174.0, pos_ci95=10.0, vel_ci95=1.0, recovery=ftr: p_los=0.0632 (632/10000)
[2078/2160] dpsi=174.0, pos_ci95=10.0, vel_ci95=1.0, recovery=0.999: p_los=0.0001 (1/10000)
[2079/2160] dpsi=174.0, pos_ci95=10.0, vel_ci95=1.0, recovery=0.99: p_los=0 (0/10000)
[2080/2160] dpsi=174.0, pos_ci95=10.0, vel_ci95=1.0, recovery=0.9: p_los=0.0002 (2/10000)
[2081/2160] dpsi=174.0, pos_ci95=10.0, vel_ci95=1.0, recovery=0.75: p_los=0.0055 (55/10000)
[2082/2160] dpsi=174.0, pos_ci95=10.0, vel_ci95=1.0, recovery=0.5: p_los=0.0646 (646/10000)
[2083/2160] dpsi=174.0, pos_ci95=10.0, vel_ci95=3.0, recovery=ftr: p_los=0.2454 (2454/10000)
[2084/2160] dpsi=174.0, pos_ci95=10.0, vel_ci95=3.0, recovery=0.999: p_los=0.0058 (58/10000)
[2085/2160] dpsi=174.0, pos_ci95=10.0, vel_ci95=3.0, recovery=0.99: p_los=0.0113 (113/10000)
[2086/2160] dpsi=174.0, pos_ci95=10.0, vel_ci95=3.0, recovery=0.9: p_los=0.0233 (233/10000)
[2087/2160] dpsi=174.0, pos_ci95=10.0, vel_ci95=3.0, recovery=0.75: p_los=0.051 (510/10000)
[2088/2160] dpsi=174.0, pos_ci95=10.0, vel_ci95=3.0, recovery=0.5: p_los=0.2479 (2479/10000)
[2089/2160] dpsi=176.0, pos_ci95=3.0, vel_ci95=1.0, recovery=ftr: p_los=0.1396 (1396/10000)
[2090/2160] dpsi=176.0, pos_ci95=3.0, vel_ci95=1.0, recovery=0.999: p_los=0.0003 (3/10000)
[2091/2160] dpsi=176.0, pos_ci95=3.0, vel_ci95=1.0, recovery=0.99: p_los=0 (0/10000)
[2092/2160] dpsi=176.0, pos_ci95=3.0, vel_ci95=1.0, recovery=0.9: p_los=0.0003 (3/10000)
[2093/2160] dpsi=176.0, pos_ci95=3.0, vel_ci95=1.0, recovery=0.75: p_los=0.0081 (81/10000)
[2094/2160] dpsi=176.0, pos_ci95=3.0, vel_ci95=1.0, recovery=0.5: p_los=0.1236 (1236/10000)
[2095/2160] dpsi=176.0, pos_ci95=3.0, vel_ci95=3.0, recovery=ftr: p_los=0.289 (2890/10000)
[2096/2160] dpsi=176.0, pos_ci95=3.0, vel_ci95=3.0, recovery=0.999: p_los=0.0077 (77/10000)
[2097/2160] dpsi=176.0, pos_ci95=3.0, vel_ci95=3.0, recovery=0.99: p_los=0.0133 (133/10000)
[2098/2160] dpsi=176.0, pos_ci95=3.0, vel_ci95=3.0, recovery=0.9: p_los=0.0209 (209/10000)
[2099/2160] dpsi=176.0, pos_ci95=3.0, vel_ci95=3.0, recovery=0.75: p_los=0.0424 (424/10000)
[2100/2160] dpsi=176.0, pos_ci95=3.0, vel_ci95=3.0, recovery=0.5: p_los=0.2886 (2886/10000)
[2101/2160] dpsi=176.0, pos_ci95=10.0, vel_ci95=1.0, recovery=ftr: p_los=0.0642 (642/10000)
[2102/2160] dpsi=176.0, pos_ci95=10.0, vel_ci95=1.0, recovery=0.999: p_los=0 (0/10000)
[2103/2160] dpsi=176.0, pos_ci95=10.0, vel_ci95=1.0, recovery=0.99: p_los=0 (0/10000)
[2104/2160] dpsi=176.0, pos_ci95=10.0, vel_ci95=1.0, recovery=0.9: p_los=0.0003 (3/10000)
[2105/2160] dpsi=176.0, pos_ci95=10.0, vel_ci95=1.0, recovery=0.75: p_los=0.0052 (52/10000)
[2106/2160] dpsi=176.0, pos_ci95=10.0, vel_ci95=1.0, recovery=0.5: p_los=0.0722 (722/10000)
[2107/2160] dpsi=176.0, pos_ci95=10.0, vel_ci95=3.0, recovery=ftr: p_los=0.2434 (2434/10000)
[2108/2160] dpsi=176.0, pos_ci95=10.0, vel_ci95=3.0, recovery=0.999: p_los=0.0061 (61/10000)
[2109/2160] dpsi=176.0, pos_ci95=10.0, vel_ci95=3.0, recovery=0.99: p_los=0.0108 (108/10000)
[2110/2160] dpsi=176.0, pos_ci95=10.0, vel_ci95=3.0, recovery=0.9: p_los=0.0206 (206/10000)
[2111/2160] dpsi=176.0, pos_ci95=10.0, vel_ci95=3.0, recovery=0.75: p_los=0.0522 (522/10000)
[2112/2160] dpsi=176.0, pos_ci95=10.0, vel_ci95=3.0, recovery=0.5: p_los=0.258 (2580/10000)
[2113/2160] dpsi=178.0, pos_ci95=3.0, vel_ci95=1.0, recovery=ftr: p_los=0.1445 (1445/10000)
[2114/2160] dpsi=178.0, pos_ci95=3.0, vel_ci95=1.0, recovery=0.999: p_los=0.0003 (3/10000)
[2115/2160] dpsi=178.0, pos_ci95=3.0, vel_ci95=1.0, recovery=0.99: p_los=0.0002 (2/10000)
[2116/2160] dpsi=178.0, pos_ci95=3.0, vel_ci95=1.0, recovery=0.9: p_los=0.0006 (6/10000)
[2117/2160] dpsi=178.0, pos_ci95=3.0, vel_ci95=1.0, recovery=0.75: p_los=0.0052 (52/10000)
[2118/2160] dpsi=178.0, pos_ci95=3.0, vel_ci95=1.0, recovery=0.5: p_los=0.1247 (1247/10000)
[2119/2160] dpsi=178.0, pos_ci95=3.0, vel_ci95=3.0, recovery=ftr: p_los=0.284 (2840/10000)
[2120/2160] dpsi=178.0, pos_ci95=3.0, vel_ci95=3.0, recovery=0.999: p_los=0.0085 (85/10000)
[2121/2160] dpsi=178.0, pos_ci95=3.0, vel_ci95=3.0, recovery=0.99: p_los=0.0169 (169/10000)
[2122/2160] dpsi=178.0, pos_ci95=3.0, vel_ci95=3.0, recovery=0.9: p_los=0.0178 (178/10000)
[2123/2160] dpsi=178.0, pos_ci95=3.0, vel_ci95=3.0, recovery=0.75: p_los=0.0398 (398/10000)
[2124/2160] dpsi=178.0, pos_ci95=3.0, vel_ci95=3.0, recovery=0.5: p_los=0.2913 (2913/10000)
[2125/2160] dpsi=178.0, pos_ci95=10.0, vel_ci95=1.0, recovery=ftr: p_los=0.0651 (651/10000)
[2126/2160] dpsi=178.0, pos_ci95=10.0, vel_ci95=1.0, recovery=0.999: p_los=0 (0/10000)
[2127/2160] dpsi=178.0, pos_ci95=10.0, vel_ci95=1.0, recovery=0.99: p_los=0 (0/10000)
[2128/2160] dpsi=178.0, pos_ci95=10.0, vel_ci95=1.0, recovery=0.9: p_los=0.0002 (2/10000)
[2129/2160] dpsi=178.0, pos_ci95=10.0, vel_ci95=1.0, recovery=0.75: p_los=0.0045 (45/10000)
[2130/2160] dpsi=178.0, pos_ci95=10.0, vel_ci95=1.0, recovery=0.5: p_los=0.0661 (661/10000)
[2131/2160] dpsi=178.0, pos_ci95=10.0, vel_ci95=3.0, recovery=ftr: p_los=0.2522 (2522/10000)
[2132/2160] dpsi=178.0, pos_ci95=10.0, vel_ci95=3.0, recovery=0.999: p_los=0.0049 (49/10000)
[2133/2160] dpsi=178.0, pos_ci95=10.0, vel_ci95=3.0, recovery=0.99: p_los=0.0107 (107/10000)
[2134/2160] dpsi=178.0, pos_ci95=10.0, vel_ci95=3.0, recovery=0.9: p_los=0.0198 (198/10000)
[2135/2160] dpsi=178.0, pos_ci95=10.0, vel_ci95=3.0, recovery=0.75: p_los=0.0484 (484/10000)
[2136/2160] dpsi=178.0, pos_ci95=10.0, vel_ci95=3.0, recovery=0.5: p_los=0.2515 (2515/10000)
[2137/2160] dpsi=180.0, pos_ci95=3.0, vel_ci95=1.0, recovery=ftr: p_los=0.1424 (1424/10000)
[2138/2160] dpsi=180.0, pos_ci95=3.0, vel_ci95=1.0, recovery=0.999: p_los=0.0006 (6/10000)
[2139/2160] dpsi=180.0, pos_ci95=3.0, vel_ci95=1.0, recovery=0.99: p_los=0 (0/10000)
[2140/2160] dpsi=180.0, pos_ci95=3.0, vel_ci95=1.0, recovery=0.9: p_los=0.0005 (5/10000)
[2141/2160] dpsi=180.0, pos_ci95=3.0, vel_ci95=1.0, recovery=0.75: p_los=0.0054 (54/10000)
[2142/2160] dpsi=180.0, pos_ci95=3.0, vel_ci95=1.0, recovery=0.5: p_los=0.1211 (1211/10000)
[2143/2160] dpsi=180.0, pos_ci95=3.0, vel_ci95=3.0, recovery=ftr: p_los=0.2792 (2792/10000)
[2144/2160] dpsi=180.0, pos_ci95=3.0, vel_ci95=3.0, recovery=0.999: p_los=0.0086 (86/10000)
[2145/2160] dpsi=180.0, pos_ci95=3.0, vel_ci95=3.0, recovery=0.99: p_los=0.0131 (131/10000)
[2146/2160] dpsi=180.0, pos_ci95=3.0, vel_ci95=3.0, recovery=0.9: p_los=0.0211 (211/10000)
[2147/2160] dpsi=180.0, pos_ci95=3.0, vel_ci95=3.0, recovery=0.75: p_los=0.0415 (415/10000)
[2148/2160] dpsi=180.0, pos_ci95=3.0, vel_ci95=3.0, recovery=0.5: p_los=0.2891 (2891/10000)
[2149/2160] dpsi=180.0, pos_ci95=10.0, vel_ci95=1.0, recovery=ftr: p_los=0.0658 (658/10000)
[2150/2160] dpsi=180.0, pos_ci95=10.0, vel_ci95=1.0, recovery=0.999: p_los=0.0001 (1/10000)
[2151/2160] dpsi=180.0, pos_ci95=10.0, vel_ci95=1.0, recovery=0.99: p_los=0 (0/10000)
[2152/2160] dpsi=180.0, pos_ci95=10.0, vel_ci95=1.0, recovery=0.9: p_los=0.0009 (9/10000)
[2153/2160] dpsi=180.0, pos_ci95=10.0, vel_ci95=1.0, recovery=0.75: p_los=0.0052 (52/10000)
[2154/2160] dpsi=180.0, pos_ci95=10.0, vel_ci95=1.0, recovery=0.5: p_los=0.0635 (635/10000)
[2155/2160] dpsi=180.0, pos_ci95=10.0, vel_ci95=3.0, recovery=ftr: p_los=0.2474 (2474/10000)
[2156/2160] dpsi=180.0, pos_ci95=10.0, vel_ci95=3.0, recovery=0.999: p_los=0.0067 (67/10000)
[2157/2160] dpsi=180.0, pos_ci95=10.0, vel_ci95=3.0, recovery=0.99: p_los=0.0103 (103/10000)
[2158/2160] dpsi=180.0, pos_ci95=10.0, vel_ci95=3.0, recovery=0.9: p_los=0.0199 (199/10000)
[2159/2160] dpsi=180.0, pos_ci95=10.0, vel_ci95=3.0, recovery=0.75: p_los=0.0509 (509/10000)
[2160/2160] dpsi=180.0, pos_ci95=10.0, vel_ci95=3.0, recovery=0.5: p_los=0.2543 (2543/10000)

exp2: 2160 condition(s) -> results/jress2/exp2.csv
provenance card -> results/jress2/cards/20260829T132347_058071Z_seed42.md
[1/18] noise_model=gaussian, recovery=pastcpa: p_los=0.00086 (86/100000)
[2/18] noise_model=gaussian, recovery=ftr: p_los=0.05614 (5614/100000)
[3/18] noise_model=gaussian, recovery=probabilistic_ftr: p_los=6e-05 (6/100000)
[4/18] noise_model=mixture, recovery=pastcpa: p_los=0.00122 (122/100000)
[5/18] noise_model=mixture, recovery=ftr: p_los=0.0621 (6210/100000)
[6/18] noise_model=mixture, recovery=probabilistic_ftr: p_los=4e-05 (4/100000)
[7/18] noise_model=anisotropic, recovery=pastcpa: p_los=0.00302 (302/100000)
[8/18] noise_model=anisotropic, recovery=ftr: p_los=0.07304 (7304/100000)
[9/18] noise_model=anisotropic, recovery=probabilistic_ftr: p_los=0.00012 (12/100000)
[10/18] noise_model=latency, recovery=pastcpa: p_los=0.00082 (82/100000)
[11/18] noise_model=latency, recovery=ftr: p_los=0.05833 (5833/100000)
[12/18] noise_model=latency, recovery=probabilistic_ftr: p_los=9e-05 (9/100000)
[13/18] noise_model=anisotropic_latency, recovery=pastcpa: p_los=0.00314 (314/100000)
[14/18] noise_model=anisotropic_latency, recovery=ftr: p_los=0.07709 (7709/100000)
[15/18] noise_model=anisotropic_latency, recovery=probabilistic_ftr: p_los=0.00015 (15/100000)
[16/18] noise_model=anisotropic_mixture, recovery=pastcpa: p_los=0.0032 (320/100000)
[17/18] noise_model=anisotropic_mixture, recovery=ftr: p_los=0.07941 (7941/100000)
[18/18] noise_model=anisotropic_mixture, recovery=probabilistic_ftr: p_los=8e-05 (8/100000)

exp3: 18 condition(s) -> results/jress2/exp3.csv
provenance card -> results/jress2/cards/20260829T133425_302102Z_seed42.md
